dataset,scene,frame_id,kind,value,unit,n_points,finite_xyz_points,fov_points,fov_pct,baseline_fov_lost_points,common_fov_points,pixel_shift_p50,pixel_shift_p95,objects,objects_with_points,baseline_points,baseline_hits,inside_box_hits,baseline_score_pct,alignment_score_pct,drop_pp,alert
kitti_mini,kitti,000001,yaw,-3.0,deg,120268,120268,18637,15.496225097282736,817,17813,44.092974024923,60.75238826087957,3,3,97,97,0,100.0,0.0,100.0,True
kitti_mini,kitti,000001,yaw,-2.0,deg,120268,120268,18627,15.487910333588319,550,18080,29.47018977470806,41.0092459045505,3,3,97,97,13,100.0,13.402061855670103,86.5979381443299,True
kitti_mini,kitti,000001,yaw,-1.0,deg,120268,120268,18635,15.494562144543853,273,18357,14.775528803881778,20.771858865290838,3,3,97,97,54,100.0,55.670103092783506,44.329896907216494,True
kitti_mini,kitti,000001,yaw,-0.5,deg,120268,120268,18633,15.49289919180497,131,18499,7.399379660670014,10.453218831212974,3,3,97,97,76,100.0,78.35051546391753,21.64948453608247,True
kitti_mini,kitti,000001,yaw,0.0,deg,120268,120268,18630,15.490404762696643,0,18630,0.0,0.0,3,3,97,97,97,100.0,100.0,0.0,False
kitti_mini,kitti,000001,yaw,0.5,deg,120268,120268,18629,15.489573286327202,138,18492,7.394452663432897,10.455353586314907,3,3,97,97,72,100.0,74.22680412371135,25.773195876288653,True
kitti_mini,kitti,000001,yaw,1.0,deg,120268,120268,18630,15.490404762696643,270,18360,14.757209232480955,20.777973090118056,3,3,97,97,41,100.0,42.2680412371134,57.7319587628866,True
kitti_mini,kitti,000001,yaw,2.0,deg,120268,120268,18633,15.49289919180497,541,18089,29.389943919656837,41.019910638575055,3,3,97,97,7,100.0,7.216494845360825,92.78350515463917,True
kitti_mini,kitti,000001,yaw,3.0,deg,120268,120268,18635,15.494562144543853,815,17815,43.90004924991869,60.76806898618586,3,3,97,97,0,100.0,0.0,100.0,True
kitti_mini,kitti,000001,translation,-10.0,cm,120268,120268,18599,15.464628995243956,87,18543,5.763401679867429,11.583393725672277,3,3,97,97,96,100.0,98.96907216494846,1.0309278350515427,False
kitti_mini,kitti,000001,translation,-5.0,cm,120268,120268,18613,15.476269664416137,41,18589,2.8835890755026132,5.795289440542564,3,3,97,97,96,100.0,98.96907216494846,1.0309278350515427,False
kitti_mini,kitti,000001,translation,-2.0,cm,120268,120268,18624,15.485415904479995,13,18617,1.153927536521697,2.320020117996912,3,3,97,97,97,100.0,100.0,0.0,False
kitti_mini,kitti,000001,translation,0.0,cm,120268,120268,18630,15.490404762696643,0,18630,0.0,0.0,3,3,97,97,97,100.0,100.0,0.0,False
kitti_mini,kitti,000001,translation,2.0,cm,120268,120268,18637,15.496225097282736,14,18616,1.154027299913361,2.3205884756230377,3,3,97,97,97,100.0,100.0,0.0,False
kitti_mini,kitti,000001,translation,5.0,cm,120268,120268,18650,15.507034290085477,31,18599,2.8850417138893936,5.799866467210181,3,3,97,97,96,100.0,98.96907216494846,1.0309278350515427,False
kitti_mini,kitti,000001,translation,10.0,cm,120268,120268,18659,15.51451757741045,61,18569,5.7693634338868325,11.59054414843085,3,3,97,97,94,100.0,96.90721649484536,3.0927835051546424,False
kitti_mini,kitti,000001,small_yaw,-0.25,deg,120268,120268,18633,15.49289919180497,62,18568,3.7036540684121886,5.244111048062264,3,3,97,97,89,100.0,91.75257731958763,8.24742268041237,False
kitti_mini,kitti,000001,small_yaw,-0.1,deg,120268,120268,18630,15.490404762696643,24,18606,1.4820474958341685,2.1014149497607004,3,3,97,97,96,100.0,98.96907216494846,1.0309278350515427,False
kitti_mini,kitti,000001,small_yaw,0.1,deg,120268,120268,18631,15.491236239066085,27,18603,1.4817065830996947,2.1025198078233225,3,3,97,97,93,100.0,95.87628865979381,4.123711340206185,False
kitti_mini,kitti,000001,small_yaw,0.25,deg,120268,120268,18631,15.491236239066085,74,18556,3.701994194634418,5.244577663405386,3,3,97,97,88,100.0,90.72164948453609,9.278350515463913,False
kitti_mini,kitti,000004,yaw,-3.0,deg,115976,115976,19049,16.424949989653033,808,18255,43.9308176005182,60.55256224962722,2,2,103,103,18,100.0,17.475728155339805,82.52427184466019,True
kitti_mini,kitti,000004,yaw,-2.0,deg,115976,115976,19067,16.440470442160446,526,18537,29.384725507433593,40.974224247678954,2,2,103,103,47,100.0,45.63106796116505,54.36893203883495,True
kitti_mini,kitti,000004,yaw,-1.0,deg,115976,115976,19080,16.451679657860247,257,18806,14.733096768927144,20.703029584362987,2,2,103,103,80,100.0,77.66990291262135,22.330097087378647,True
kitti_mini,kitti,000004,yaw,-0.5,deg,115976,115976,19076,16.448230668414155,125,18938,7.378079045330305,10.426574178654658,2,2,103,103,95,100.0,92.23300970873787,7.7669902912621325,False
kitti_mini,kitti,000004,yaw,0.0,deg,115976,115976,19063,16.437021452714355,0,19063,0.0,0.0,2,2,103,103,103,100.0,100.0,0.0,False
kitti_mini,kitti,000004,yaw,0.5,deg,115976,115976,19053,16.428398979099125,134,18929,7.3767221748438,10.411536254680472,2,2,103,103,97,100.0,94.1747572815534,5.825242718446603,False
kitti_mini,kitti,000004,yaw,1.0,deg,115976,115976,19032,16.41029178450714,270,18793,14.730639687164485,20.689682798805645,2,2,103,103,82,100.0,79.6116504854369,20.388349514563103,True
kitti_mini,kitti,000004,yaw,2.0,deg,115976,115976,18975,16.361143684900323,545,18518,29.356341594153122,40.84539195580658,2,2,103,103,56,100.0,54.36893203883495,45.63106796116505,True
kitti_mini,kitti,000004,yaw,3.0,deg,115976,115976,18965,16.352521211285094,819,18244,43.88508971648883,60.53161968377269,2,2,103,103,21,100.0,20.388349514563107,79.6116504854369,True
kitti_mini,kitti,000004,translation,-10.0,cm,115976,115976,19063,16.437021452714355,59,19004,4.940155044906517,11.213602156161118,2,2,103,103,103,100.0,100.0,0.0,False
kitti_mini,kitti,000004,translation,-5.0,cm,115976,115976,19064,16.43788370007588,29,19034,2.475415825726506,5.609102408967596,2,2,103,103,103,100.0,100.0,0.0,False
kitti_mini,kitti,000004,translation,-2.0,cm,115976,115976,19065,16.4387459474374,11,19052,0.9904155081569606,2.244063835805451,2,2,103,103,103,100.0,100.0,0.0,False
kitti_mini,kitti,000004,translation,0.0,cm,115976,115976,19063,16.437021452714355,0,19063,0.0,0.0,2,2,103,103,103,100.0,100.0,0.0,False
kitti_mini,kitti,000004,translation,2.0,cm,115976,115976,19073,16.445643926329584,8,19055,0.9903920220094642,2.2436202409088564,2,2,103,103,103,100.0,100.0,0.0,False
kitti_mini,kitti,000004,translation,5.0,cm,115976,115976,19075,16.44736842105263,23,19040,2.4757567564564527,5.607986593471834,2,2,103,103,103,100.0,100.0,0.0,False
kitti_mini,kitti,000004,translation,10.0,cm,115976,115976,19069,16.442194936883492,59,19004,4.946154241631435,11.212237791874971,2,2,103,103,103,100.0,100.0,0.0,False
kitti_mini,kitti,000004,small_yaw,-0.25,deg,115976,115976,19071,16.44391943160654,62,19001,3.6914095269902227,5.227799832648363,2,2,103,103,102,100.0,99.02912621359224,0.9708737864077648,False
kitti_mini,kitti,000004,small_yaw,-0.1,deg,115976,115976,19068,16.44133268952197,21,19042,1.477499318699582,2.0948223956926544,2,2,103,103,103,100.0,100.0,0.0,False
kitti_mini,kitti,000004,small_yaw,0.1,deg,115976,115976,19058,16.432710215906738,31,19032,1.477050300937442,2.0929320479798204,2,2,103,103,103,100.0,100.0,0.0,False
kitti_mini,kitti,000004,small_yaw,0.25,deg,115976,115976,19060,16.434434710629784,68,18995,3.6915508784442737,5.223095325965175,2,2,103,103,102,100.0,99.02912621359224,0.9708737864077648,False
kitti_mini,kitti,000007,yaw,-3.0,deg,122798,122798,19515,15.891952637665108,711,18712,43.62085486130637,60.45009802860015,4,4,240,240,46,100.0,19.166666666666668,80.83333333333333,True
kitti_mini,kitti,000007,yaw,-2.0,deg,122798,122798,19508,15.886252219091515,446,18977,29.14877576224487,40.81689883516886,4,4,240,240,105,100.0,43.75,56.25,True
kitti_mini,kitti,000007,yaw,-1.0,deg,122798,122798,19363,15.768172120067103,328,19095,14.591194263374485,20.502498627006563,4,4,240,240,177,100.0,73.75,26.25,True
kitti_mini,kitti,000007,yaw,-0.5,deg,122798,122798,19351,15.758399973940943,202,19221,7.30577825731493,10.312624769511652,4,4,240,240,222,100.0,92.5,7.5,False
kitti_mini,kitti,000007,yaw,0.0,deg,122798,122798,19423,15.817032850697894,0,19423,0.0,0.0,4,4,240,240,240,100.0,100.0,0.0,False
kitti_mini,kitti,000007,yaw,0.5,deg,122798,122798,19433,15.825176305803026,138,19285,7.3109147226436715,10.353094842091643,4,4,240,240,212,100.0,88.33333333333333,11.666666666666671,True
kitti_mini,kitti,000007,yaw,1.0,deg,122798,122798,19388,15.788530757829932,279,19144,14.59960179845785,20.56585682085789,4,4,240,240,172,100.0,71.66666666666667,28.33333333333333,True
kitti_mini,kitti,000007,yaw,2.0,deg,122798,122798,19236,15.664750240231925,553,18870,29.107770935834942,40.623794534775584,4,4,240,240,99,100.0,41.25,58.75,True
kitti_mini,kitti,000007,yaw,3.0,deg,122798,122798,19268,15.690809296568348,830,18593,43.527631333036666,60.16931763397362,4,4,240,240,42,100.0,17.5,82.5,True
kitti_mini,kitti,000007,translation,-10.0,cm,122798,122798,19314,15.728269190051956,164,19259,4.770054171425189,11.349278579700794,4,4,240,240,238,100.0,99.16666666666667,0.8333333333333286,False
kitti_mini,kitti,000007,translation,-5.0,cm,122798,122798,19365,15.769800811088128,83,19340,2.389824685389267,5.704403871639334,4,4,240,240,239,100.0,99.58333333333333,0.4166666666666714,False
kitti_mini,kitti,000007,translation,-2.0,cm,122798,122798,19402,15.799931594977117,29,19394,0.9569137613423725,2.291127758422805,4,4,240,240,240,100.0,100.0,0.0,False
kitti_mini,kitti,000007,translation,0.0,cm,122798,122798,19423,15.817032850697894,0,19423,0.0,0.0,4,4,240,240,240,100.0,100.0,0.0,False
kitti_mini,kitti,000007,translation,2.0,cm,122798,122798,19436,15.827619342334566,16,19407,0.9574357040496364,2.295865848895686,4,4,240,240,240,100.0,100.0,0.0,False
kitti_mini,kitti,000007,translation,5.0,cm,122798,122798,19445,15.834948451929185,35,19388,2.3933854340282914,5.739636316815455,4,4,240,240,239,100.0,99.58333333333333,0.4166666666666714,False
kitti_mini,kitti,000007,translation,10.0,cm,122798,122798,19449,15.838205833971237,65,19358,4.784709471499895,11.478276117496298,4,4,240,240,234,100.0,97.5,2.5,False
kitti_mini,kitti,000007,small_yaw,-0.25,deg,122798,122798,19387,15.78771641231942,100,19323,3.657959518239208,5.184223131027841,4,4,240,240,236,100.0,98.33333333333333,1.6666666666666714,False
kitti_mini,kitti,000007,small_yaw,-0.1,deg,122798,122798,19409,15.80563201355071,39,19384,1.4642016675135217,2.0802221836441044,4,4,240,240,240,100.0,100.0,0.0,False
kitti_mini,kitti,000007,small_yaw,0.1,deg,122798,122798,19429,15.821918923760974,31,19392,1.4641099678252736,2.0816006238482685,4,4,240,240,239,100.0,99.58333333333333,0.4166666666666714,False
kitti_mini,kitti,000007,small_yaw,0.25,deg,122798,122798,19431,15.823547614782,71,19352,3.658653812139229,5.193970030868079,4,4,240,240,231,100.0,96.25,3.75,False
kitti_mini,kitti,000008,yaw,-3.0,deg,122555,122555,17099,13.952103137366896,773,16465,42.799013419168716,60.77895018377784,6,6,5127,5108,4276,99.62941291203433,83.40159937585332,16.227813536181003,True
kitti_mini,kitti,000008,yaw,-2.0,deg,122555,122555,17106,13.9578148586349,543,16695,28.61762601680224,41.12595481519869,6,6,5127,5108,4646,99.62941291203433,90.61829529939536,9.01111761263897,False
kitti_mini,kitti,000008,yaw,-1.0,deg,122555,122555,17161,14.002692668597772,279,16959,14.355253190373585,20.894651624046908,6,6,5127,5108,4973,99.62941291203433,96.99629412912034,2.633118782913982,False
kitti_mini,kitti,000008,yaw,-0.5,deg,122555,122555,17198,14.03288319530007,140,17098,7.190672092008327,10.539652189859464,6,6,5127,5108,5070,99.62941291203433,98.88823873610298,0.7411741759313486,False
kitti_mini,kitti,000008,yaw,0.0,deg,122555,122555,17238,14.065521602545795,0,17238,0.0,0.0,6,6,5127,5108,5108,99.62941291203433,99.62941291203433,0.0,False
kitti_mini,kitti,000008,yaw,0.5,deg,122555,122555,17281,14.10060789033495,100,17138,7.194663347429883,10.564580392501082,6,6,5127,5108,5067,99.62941291203433,98.82972498537156,0.7996879266627701,False
kitti_mini,kitti,000008,yaw,1.0,deg,122555,122555,17316,14.129166496674962,205,17033,14.366720886561223,20.990973596322004,6,6,5127,5108,4978,99.62941291203433,97.09381704700604,2.5355958650282844,False
kitti_mini,kitti,000008,yaw,2.0,deg,122555,122555,17384,14.184651788992698,403,16835,28.68333521799548,41.46495411289482,6,6,5127,5108,4709,99.62941291203433,91.84708406475522,7.7823288472791035,False
kitti_mini,kitti,000008,yaw,3.0,deg,122555,122555,17436,14.227081718412142,616,16622,42.9369070306395,61.552936858004244,6,6,5127,5108,4443,99.62941291203433,86.65886483323581,12.970548078798515,True
kitti_mini,kitti,000008,translation,-10.0,cm,122555,122555,17271,14.09244828852352,110,17128,7.220132374103762,19.677255382227468,6,6,5127,5108,5068,99.62941291203433,98.8492295689487,0.7801833430856249,False
kitti_mini,kitti,000008,translation,-5.0,cm,122555,122555,17250,14.075313124719514,57,17181,3.6150680400849033,9.837549646599275,6,6,5127,5108,5095,99.62941291203433,99.3758533255315,0.2535595865028313,False
kitti_mini,kitti,000008,translation,-2.0,cm,122555,122555,17246,14.072049283994941,23,17215,1.4471746855520802,3.9310687410918486,6,6,5127,5108,5103,99.62941291203433,99.53188999414863,0.09752291788569778,False
kitti_mini,kitti,000008,translation,0.0,cm,122555,122555,17238,14.065521602545795,0,17238,0.0,0.0,6,6,5127,5108,5108,99.62941291203433,99.62941291203433,0.0,False
kitti_mini,kitti,000008,translation,2.0,cm,122555,122555,17234,14.062257761821224,28,17210,1.4467664781985543,3.900031891717004,6,6,5127,5108,5099,99.62941291203433,99.45387165984006,0.17554125219426453,False
kitti_mini,kitti,000008,translation,5.0,cm,122555,122555,17228,14.057362000734365,63,17175,3.613888682689027,9.67269597562388,6,6,5127,5108,5080,99.62941291203433,99.08328457187439,0.5461283401599388,False
kitti_mini,kitti,000008,translation,10.0,cm,122555,122555,17205,14.038594916568071,136,17102,7.210386122587769,18.957388835016555,6,6,5127,5108,5041,99.62941291203433,98.32260581236591,1.3068070996684185,False
kitti_mini,kitti,000008,small_yaw,-0.25,deg,122555,122555,17219,14.050018359104076,70,17168,3.5981313981463696,5.294515617084884,6,6,5127,5108,5099,99.62941291203433,99.45387165984006,0.17554125219426453,False
kitti_mini,kitti,000008,small_yaw,-0.1,deg,122555,122555,17232,14.060625841458936,26,17212,1.440118167754938,2.1233451656332383,6,6,5127,5108,5105,99.62941291203433,99.5708991613029,0.05851375073142151,False
kitti_mini,kitti,000008,small_yaw,0.1,deg,122555,122555,17248,14.073681204357227,19,17219,1.4402551191856494,2.12346292442732,6,6,5127,5108,5105,99.62941291203433,99.5708991613029,0.05851375073142151,False
kitti_mini,kitti,000008,small_yaw,0.25,deg,122555,122555,17266,14.088368487617805,47,17191,3.599332953698505,5.300789155275435,6,6,5127,5108,5096,99.62941291203433,99.39535790910864,0.23405500292568604,False
kitti_mini,kitti,000009,yaw,-3.0,deg,123928,123928,19443,15.688948421664191,792,18619,43.680376848736664,60.55573891110558,3,3,224,224,70,100.0,31.25,68.75,True
kitti_mini,kitti,000009,yaw,-2.0,deg,123928,123928,19440,15.686527661222645,521,18890,29.212500470895804,40.86557959829341,3,3,224,224,124,100.0,55.357142857142854,44.642857142857146,True
kitti_mini,kitti,000009,yaw,-1.0,deg,123928,123928,19429,15.67765153960364,254,19157,14.648081211412332,20.682903024526674,3,3,224,224,180,100.0,80.35714285714286,19.64285714285714,True
kitti_mini,kitti,000009,yaw,-0.5,deg,123928,123928,19427,15.676037699309276,126,19285,7.334327262121538,10.402953602282196,3,3,224,224,209,100.0,93.30357142857143,6.696428571428569,False
kitti_mini,kitti,000009,yaw,0.0,deg,123928,123928,19411,15.663126976954361,0,19411,0.0,0.0,3,3,224,224,224,100.0,100.0,0.0,False
kitti_mini,kitti,000009,yaw,0.5,deg,123928,123928,19412,15.663933897101543,132,19279,7.334166691790908,10.400343449938921,3,3,224,224,207,100.0,92.41071428571429,7.589285714285708,False
kitti_mini,kitti,000009,yaw,1.0,deg,123928,123928,19395,15.650216254599444,271,19140,14.64490230898631,20.663012319910933,3,3,224,224,181,100.0,80.80357142857143,19.19642857142857,True
kitti_mini,kitti,000009,yaw,2.0,deg,123928,123928,19381,15.638919372538894,540,18871,29.194559196404704,40.8173215795703,3,3,224,224,120,100.0,53.57142857142857,46.42857142857143,True
kitti_mini,kitti,000009,yaw,3.0,deg,123928,123928,19381,15.638919372538894,813,18598,43.663102212373516,60.47953673415987,3,3,224,224,66,100.0,29.464285714285715,70.53571428571428,True
kitti_mini,kitti,000009,translation,-10.0,cm,123928,123928,19423,15.672810018720547,59,19352,4.721168709769507,11.157570471812871,3,3,224,224,219,100.0,97.76785714285714,2.232142857142861,False
kitti_mini,kitti,000009,translation,-5.0,cm,123928,123928,19417,15.667968497837453,32,19379,2.3619972146876833,5.580660561659445,3,3,224,224,223,100.0,99.55357142857143,0.4464285714285694,False
kitti_mini,kitti,000009,translation,-2.0,cm,123928,123928,19411,15.663126976954361,11,19400,0.945034321555684,2.2326675370611078,3,3,224,224,224,100.0,100.0,0.0,False
kitti_mini,kitti,000009,translation,0.0,cm,123928,123928,19411,15.663126976954361,0,19411,0.0,0.0,3,3,224,224,224,100.0,100.0,0.0,False
kitti_mini,kitti,000009,translation,2.0,cm,123928,123928,19413,15.664740817248726,9,19402,0.944892431490729,2.232196053587459,3,3,224,224,224,100.0,100.0,0.0,False
kitti_mini,kitti,000009,translation,5.0,cm,123928,123928,19410,15.662320056807179,30,19381,2.360468085671243,5.579397787199967,3,3,224,224,224,100.0,100.0,0.0,False
kitti_mini,kitti,000009,translation,10.0,cm,123928,123928,19402,15.65586469562972,66,19345,4.718684895880661,11.1564953410942,3,3,224,224,222,100.0,99.10714285714286,0.8928571428571388,False
kitti_mini,kitti,000009,small_yaw,-0.25,deg,123928,123928,19419,15.669582338131818,61,19350,3.669760072369514,5.218644697330631,3,3,224,224,219,100.0,97.76785714285714,2.232142857142861,False
kitti_mini,kitti,000009,small_yaw,-0.1,deg,123928,123928,19419,15.669582338131818,25,19386,1.4686649310541906,2.090974609902668,3,3,224,224,223,100.0,99.55357142857143,0.4464285714285694,False
kitti_mini,kitti,000009,small_yaw,0.1,deg,123928,123928,19419,15.669582338131818,17,19394,1.4686170992407848,2.0914603192906984,3,3,224,224,224,100.0,100.0,0.0,False
kitti_mini,kitti,000009,small_yaw,0.25,deg,123928,123928,19415,15.66635465754309,66,19345,3.669579012283848,5.21708271145512,3,3,224,224,222,100.0,99.10714285714286,0.8928571428571388,False
kitti_mini,kitti,000010,yaw,-3.0,deg,115875,115875,16717,14.426752966558793,481,15983,43.44522824832113,59.68745977560307,9,9,2064,2058,1381,99.70930232558139,66.90891472868218,32.80038759689921,True
kitti_mini,kitti,000010,yaw,-2.0,deg,115875,115875,16646,14.365480043149946,322,16142,29.006757768338936,40.31572690091131,9,9,2064,2058,1629,99.70930232558139,78.92441860465117,20.784883720930225,True
kitti_mini,kitti,000010,yaw,-1.0,deg,115875,115875,16555,14.286947141316073,160,16304,14.52150359062152,20.427990119410996,9,9,2064,2058,1901,99.70930232558139,92.10271317829458,7.606589147286812,False
kitti_mini,kitti,000010,yaw,-0.5,deg,115875,115875,16501,14.2403451995685,84,16380,7.266416685500715,10.282436569110846,9,9,2064,2058,2004,99.70930232558139,97.09302325581395,2.616279069767444,False
kitti_mini,kitti,000010,yaw,0.0,deg,115875,115875,16464,14.2084142394822,0,16464,0.0,0.0,9,9,2064,2058,2058,99.70930232558139,99.70930232558139,0.0,False
kitti_mini,kitti,000010,yaw,0.5,deg,115875,115875,16412,14.16353829557713,130,16334,7.259938065164163,10.31116312018597,9,9,2064,2058,2051,99.70930232558139,99.37015503875969,0.33914728682169937,False
kitti_mini,kitti,000010,yaw,1.0,deg,115875,115875,16369,14.126429341963323,252,16212,14.493811201087183,20.49053980465764,9,9,2064,2058,1975,99.70930232558139,95.68798449612403,4.0213178294573595,False
kitti_mini,kitti,000010,yaw,2.0,deg,115875,115875,16299,14.066019417475728,515,15949,28.89466175516268,40.27462279466188,9,9,2064,2058,1775,99.70930232558139,85.99806201550388,13.711240310077514,True
kitti_mini,kitti,000010,yaw,3.0,deg,115875,115875,16271,14.04185544768069,757,15707,43.20035215737303,59.630309024267824,9,9,2064,2058,1536,99.70930232558139,74.4186046511628,25.290697674418595,True
kitti_mini,kitti,000010,translation,-10.0,cm,115875,115875,16484,14.225674217907228,37,16427,5.669926610434732,11.3904103315577,9,9,2064,2058,2034,99.70930232558139,98.54651162790698,1.16279069767441,False
kitti_mini,kitti,000010,translation,-5.0,cm,115875,115875,16476,14.218770226537217,17,16447,2.836012085163158,5.697943181722903,9,9,2064,2058,2046,99.70930232558139,99.12790697674419,0.581395348837205,False
kitti_mini,kitti,000010,translation,-2.0,cm,115875,115875,16461,14.205825242718447,10,16454,1.1351893305473775,2.2799576460151596,9,9,2064,2058,2055,99.70930232558139,99.56395348837209,0.1453488372092977,False
kitti_mini,kitti,000010,translation,0.0,cm,115875,115875,16464,14.2084142394822,0,16464,0.0,0.0,9,9,2064,2058,2058,99.70930232558139,99.70930232558139,0.0,False
kitti_mini,kitti,000010,translation,2.0,cm,115875,115875,16457,14.20237324703344,13,16451,1.1342782459920238,2.280090593714134,9,9,2064,2058,2061,99.70930232558139,99.8546511627907,-0.1453488372093119,False
kitti_mini,kitti,000010,translation,5.0,cm,115875,115875,16454,14.199784250269687,33,16431,2.834519221084806,5.700145347700414,9,9,2064,2058,2061,99.70930232558139,99.8546511627907,-0.1453488372093119,False
kitti_mini,kitti,000010,translation,10.0,cm,115875,115875,16436,14.184250269687164,69,16395,5.665179802812917,11.397262445833396,9,9,2064,2058,2060,99.70930232558139,99.8062015503876,-0.09689922480620794,False
kitti_mini,kitti,000010,small_yaw,-0.25,deg,115875,115875,16475,14.217907227615965,41,16423,3.6359070104515983,5.159839400491475,9,9,2064,2058,2045,99.70930232558139,99.07945736434108,0.629844961240309,False
kitti_mini,kitti,000010,small_yaw,-0.1,deg,115875,115875,16469,14.212729234088457,15,16449,1.4546446930981727,2.0688703315030224,9,9,2064,2058,2054,99.70930232558139,99.51550387596899,0.19379844961240167,False
kitti_mini,kitti,000010,small_yaw,0.1,deg,115875,115875,16451,14.197195253505933,30,16434,1.4543534222087706,2.06982354591717,9,9,2064,2058,2062,99.70930232558139,99.90310077519379,-0.19379844961240167,False
kitti_mini,kitti,000010,small_yaw,0.25,deg,115875,115875,16436,14.184250269687164,68,16396,3.6333835119739906,5.1706307736403545,9,9,2064,2058,2062,99.70930232558139,99.90310077519379,-0.19379844961240167,False
kitti_mini,kitti,000011,yaw,-3.0,deg,108004,108004,19832,18.36228287841191,777,19169,43.414974078354575,60.515549909217064,6,6,725,721,136,99.44827586206897,18.75862068965517,80.6896551724138,True
kitti_mini,kitti,000011,yaw,-2.0,deg,108004,108004,19876,18.403022110292213,514,19432,29.0095898088146,40.87763759192541,6,6,725,721,331,99.44827586206897,45.6551724137931,53.793103448275865,True
kitti_mini,kitti,000011,yaw,-1.0,deg,108004,108004,19933,18.455797933409873,237,19709,14.548778081522581,20.693203980527123,6,6,725,721,565,99.44827586206897,77.93103448275862,21.51724137931035,True
kitti_mini,kitti,000011,yaw,-0.5,deg,108004,108004,19955,18.476167549350023,100,19846,7.288708044389466,10.411460946549836,6,6,725,721,672,99.44827586206897,92.6896551724138,6.758620689655174,False
kitti_mini,kitti,000011,yaw,0.0,deg,108004,108004,19946,18.467834524647234,0,19946,0.0,0.0,6,6,725,721,721,99.44827586206897,99.44827586206897,0.0,False
kitti_mini,kitti,000011,yaw,0.5,deg,108004,108004,19946,18.467834524647234,123,19823,7.285971406723193,10.394514117663295,6,6,725,721,634,99.44827586206897,87.44827586206897,12.0,True
kitti_mini,kitti,000011,yaw,1.0,deg,108004,108004,19952,18.473389874449094,246,19700,14.551377045755299,20.65863930092618,6,6,725,721,508,99.44827586206897,70.06896551724138,29.379310344827587,True
kitti_mini,kitti,000011,yaw,2.0,deg,108004,108004,19963,18.48357468241917,499,19447,29.044455087301554,40.73119784762159,6,6,725,721,269,99.44827586206897,37.10344827586207,62.3448275862069,True
kitti_mini,kitti,000011,yaw,3.0,deg,108004,108004,19948,18.46968630791452,766,19180,43.478329890126275,60.38710919499007,6,6,725,721,114,99.44827586206897,15.724137931034482,83.72413793103449,True
kitti_mini,kitti,000011,translation,-10.0,cm,108004,108004,19979,18.498388948557462,52,19894,5.415547408488558,11.821941281340623,6,6,725,721,705,99.44827586206897,97.24137931034483,2.2068965517241423,False
kitti_mini,kitti,000011,translation,-5.0,cm,108004,108004,19957,18.47801933261731,30,19916,2.709490963770399,5.92354477495274,6,6,725,721,718,99.44827586206897,99.03448275862068,0.4137931034482847,False
kitti_mini,kitti,000011,translation,-2.0,cm,108004,108004,19949,18.470612199548164,12,19934,1.0844320990623002,2.3707721984774928,6,6,725,721,720,99.44827586206897,99.3103448275862,0.13793103448276156,False
kitti_mini,kitti,000011,translation,0.0,cm,108004,108004,19946,18.467834524647234,0,19946,0.0,0.0,6,6,725,721,721,99.44827586206897,99.44827586206897,0.0,False
kitti_mini,kitti,000011,translation,2.0,cm,108004,108004,19950,18.47153809118181,17,19929,1.0838999279665007,2.3698467966217867,6,6,725,721,714,99.44827586206897,98.48275862068965,0.9655172413793167,False
kitti_mini,kitti,000011,translation,5.0,cm,108004,108004,19939,18.461353283211732,48,19898,2.7069660973342122,5.9056817687616725,6,6,725,721,699,99.44827586206897,96.41379310344827,3.0344827586206975,False
kitti_mini,kitti,000011,translation,10.0,cm,108004,108004,19926,18.44931669197437,93,19853,5.403907133140252,11.761620098027086,6,6,725,721,669,99.44827586206897,92.27586206896552,7.172413793103445,False
kitti_mini,kitti,000011,small_yaw,-0.25,deg,108004,108004,19959,18.479871115884595,45,19901,3.6470987029566744,5.22143971694715,6,6,725,721,706,99.44827586206897,97.37931034482759,2.068965517241381,False
kitti_mini,kitti,000011,small_yaw,-0.1,deg,108004,108004,19946,18.467834524647234,20,19926,1.459148974072957,2.0915655323632416,6,6,725,721,720,99.44827586206897,99.3103448275862,0.13793103448276156,False
kitti_mini,kitti,000011,small_yaw,0.1,deg,108004,108004,19946,18.467834524647234,29,19917,1.459097035207875,2.089983530533167,6,6,725,721,714,99.44827586206897,98.48275862068965,0.9655172413793167,False
kitti_mini,kitti,000011,small_yaw,0.25,deg,108004,108004,19952,18.473389874449094,60,19886,3.645869988787497,5.216289533466702,6,6,725,721,691,99.44827586206897,95.3103448275862,4.137931034482762,False
kitti_mini,kitti,000012,yaw,-3.0,deg,120007,120007,18664,15.552426108477006,831,17874,43.83265447684855,60.5031666180487,2,2,52,52,0,100.0,0.0,100.0,True
kitti_mini,kitti,000012,yaw,-2.0,deg,120007,120007,18666,15.554092677927121,555,18150,29.27145431695071,40.83957630428254,2,2,52,52,5,100.0,9.615384615384615,90.38461538461539,True
kitti_mini,kitti,000012,yaw,-1.0,deg,120007,120007,18666,15.554092677927121,280,18425,14.654723294051326,20.690817736373745,2,2,52,52,28,100.0,53.84615384615385,46.15384615384615,True
kitti_mini,kitti,000012,yaw,-0.5,deg,120007,120007,18677,15.563258809902756,137,18568,7.3329414614239665,10.41815739904354,2,2,52,52,46,100.0,88.46153846153847,11.538461538461533,True
kitti_mini,kitti,000012,yaw,0.0,deg,120007,120007,18705,15.586590782204372,0,18705,0.0,0.0,2,2,52,52,52,100.0,100.0,0.0,False
kitti_mini,kitti,000012,yaw,0.5,deg,120007,120007,18688,15.57242494187839,126,18579,7.315346736282425,10.420758991417747,2,2,52,52,48,100.0,92.3076923076923,7.692307692307693,False
kitti_mini,kitti,000012,yaw,1.0,deg,120007,120007,18698,15.580757789128967,265,18440,14.59807771839645,20.71989409714132,2,2,52,52,34,100.0,65.38461538461539,34.61538461538461,True
kitti_mini,kitti,000012,yaw,2.0,deg,120007,120007,18699,15.581591073854025,541,18164,29.098255882074618,40.85519532973907,2,2,52,52,5,100.0,9.615384615384615,90.38461538461539,True
kitti_mini,kitti,000012,yaw,3.0,deg,120007,120007,18713,15.593257060004833,800,17905,43.523227881402946,60.48517769998206,2,2,52,52,0,100.0,0.0,100.0,True
kitti_mini,kitti,000012,translation,-10.0,cm,120007,120007,18708,15.589090636379545,48,18657,4.560770827857806,10.97214911798266,2,2,52,52,52,100.0,100.0,0.0,False
kitti_mini,kitti,000012,translation,-5.0,cm,120007,120007,18710,15.590757205829659,23,18682,2.2814324482209374,5.486068445685716,2,2,52,52,52,100.0,100.0,0.0,False
kitti_mini,kitti,000012,translation,-2.0,cm,120007,120007,18711,15.591590490554717,5,18700,0.9134086904719336,2.194426291240899,2,2,52,52,52,100.0,100.0,0.0,False
kitti_mini,kitti,000012,translation,0.0,cm,120007,120007,18705,15.586590782204372,0,18705,0.0,0.0,2,2,52,52,52,100.0,100.0,0.0,False
kitti_mini,kitti,000012,translation,2.0,cm,120007,120007,18700,15.582424358579082,14,18691,0.9128646620423788,2.194100441341482,2,2,52,52,52,100.0,100.0,0.0,False
kitti_mini,kitti,000012,translation,5.0,cm,120007,120007,18701,15.58325764330414,31,18674,2.281430653837338,5.484542981701094,2,2,52,52,52,100.0,100.0,0.0,False
kitti_mini,kitti,000012,translation,10.0,cm,120007,120007,18703,15.584924212754256,54,18651,4.5575735425333885,10.966969472447055,2,2,52,52,52,100.0,100.0,0.0,False
kitti_mini,kitti,000012,small_yaw,-0.25,deg,120007,120007,18697,15.579924504403909,65,18640,3.6671810169004395,5.230630983570351,2,2,52,52,51,100.0,98.07692307692308,1.9230769230769198,False
kitti_mini,kitti,000012,small_yaw,-0.1,deg,120007,120007,18704,15.585757497479314,23,18682,1.4676897646788438,2.0957929491389287,2,2,52,52,52,100.0,100.0,0.0,False
kitti_mini,kitti,000012,small_yaw,0.1,deg,120007,120007,18710,15.590757205829659,26,18679,1.4666033220373837,2.0952569661702545,2,2,52,52,52,100.0,100.0,0.0,False
kitti_mini,kitti,000012,small_yaw,0.25,deg,120007,120007,18706,15.58742406692943,64,18641,3.662784722820359,5.226117127027338,2,2,52,52,51,100.0,98.07692307692308,1.9230769230769198,False
kitti_mini,kitti,000015,yaw,-3.0,deg,122583,122583,18302,14.930292128598582,716,17618,42.69406500122612,60.13380132815566,5,5,2227,2182,1673,97.97934440951953,75.12348450830714,22.855859901212384,True
kitti_mini,kitti,000015,yaw,-2.0,deg,122583,122583,18327,14.950686473654585,467,17867,28.53432992249135,40.512553241273764,5,5,2227,2182,1923,97.97934440951953,86.34934889986529,11.629995509654236,True
kitti_mini,kitti,000015,yaw,-1.0,deg,122583,122583,18347,14.967001949699387,207,18127,14.292112024381852,20.55988469163168,5,5,2227,2182,2117,97.97934440951953,95.06061966771442,2.918724741805107,False
kitti_mini,kitti,000015,yaw,-0.5,deg,122583,122583,18347,14.967001949699387,91,18243,7.155624423071766,10.335998174256304,5,5,2227,2182,2195,97.97934440951953,98.56308935788056,-0.58374494836103,False
kitti_mini,kitti,000015,yaw,0.0,deg,122583,122583,18334,14.956396890270266,0,18334,0.0,0.0,5,5,2227,2182,2182,97.97934440951953,97.97934440951953,0.0,False
kitti_mini,kitti,000015,yaw,0.5,deg,122583,122583,18379,14.993106711371071,84,18250,7.16678096107379,10.326814163085535,5,5,2227,2182,2042,97.97934440951953,91.69286035024697,6.286484059272553,False
kitti_mini,kitti,000015,yaw,1.0,deg,122583,122583,18441,15.043684687109959,169,18165,14.320105169569329,20.548811984317606,5,5,2227,2182,1881,97.97934440951953,84.46340368208352,13.515940727436003,True
kitti_mini,kitti,000015,yaw,2.0,deg,122583,122583,18470,15.067342127374921,356,17978,28.541054939253645,40.550465434459134,5,5,2227,2182,1673,97.97934440951953,75.12348450830714,22.855859901212384,True
kitti_mini,kitti,000015,yaw,3.0,deg,122583,122583,18540,15.12444629353173,537,17797,42.674415942304336,60.1807258820798,5,5,2227,2182,1538,97.97934440951953,69.06151773686574,28.91782667265379,True
kitti_mini,kitti,000015,translation,-10.0,cm,122583,122583,18358,14.975975461524028,65,18269,7.310064714817491,18.405627233498812,5,5,2227,2182,2195,97.97934440951953,98.56308935788056,-0.58374494836103,False
kitti_mini,kitti,000015,translation,-5.0,cm,122583,122583,18338,14.959659985479226,38,18296,3.6575703530274453,9.20058199445645,5,5,2227,2182,2191,97.97934440951953,98.38347552761563,-0.40413111809610314,False
kitti_mini,kitti,000015,translation,-2.0,cm,122583,122583,18338,14.959659985479226,14,18320,1.464083862817137,3.6796061346758413,5,5,2227,2182,2188,97.97934440951953,98.24876515491692,-0.26942074539739735,False
kitti_mini,kitti,000015,translation,0.0,cm,122583,122583,18334,14.956396890270266,0,18334,0.0,0.0,5,5,2227,2182,2182,97.97934440951953,97.97934440951953,0.0,False
kitti_mini,kitti,000015,translation,2.0,cm,122583,122583,18335,14.957212664072506,18,18316,1.4639429306585947,3.677265617510053,5,5,2227,2182,2171,97.97934440951953,97.48540637629097,0.49393803322855945,False
kitti_mini,kitti,000015,translation,5.0,cm,122583,122583,18345,14.965370402094907,38,18296,3.657801102300721,9.190548950182674,5,5,2227,2182,2145,97.97934440951953,96.31791647956892,1.6614279299506052,False
kitti_mini,kitti,000015,translation,10.0,cm,122583,122583,18366,14.98250165194195,73,18261,7.308181693288961,18.349916003149147,5,5,2227,2182,2089,97.97934440951953,93.8033228558599,4.1760215536596235,False
kitti_mini,kitti,000015,small_yaw,-0.25,deg,122583,122583,18334,14.956396890270266,50,18284,3.580782914959708,5.1830925522081035,5,5,2227,2182,2205,97.97934440951953,99.01212393354288,-1.0327795240233542,False
kitti_mini,kitti,000015,small_yaw,-0.1,deg,122583,122583,18333,14.955581116468025,19,18315,1.4335115771356695,2.0743818461120447,5,5,2227,2182,2190,97.97934440951953,98.3385720700494,-0.3592276605298679,False
kitti_mini,kitti,000015,small_yaw,0.1,deg,122583,122583,18337,14.958844211676986,21,18313,1.4337555862666875,2.074409750794702,5,5,2227,2182,2161,97.97934440951953,97.03637180062864,0.9429726088908836,False
kitti_mini,kitti,000015,small_yaw,0.25,deg,122583,122583,18344,14.964554628292667,50,18284,3.5834189183063794,5.176259918305862,5,5,2227,2182,2125,97.97934440951953,95.41984732824427,2.5594970812752535,False
kitti_mini,kitti,000016,yaw,-3.0,deg,113070,113070,17840,15.777836738303705,717,17151,43.15492807342037,60.746770343934664,6,5,3824,3819,3484,99.86924686192468,91.10878661087867,8.760460251046013,False
kitti_mini,kitti,000016,yaw,-2.0,deg,113070,113070,17869,15.803484567082338,474,17394,28.851096505710444,40.99547485465909,6,5,3824,3819,3651,99.86924686192468,95.47594142259415,4.393305439330533,False
kitti_mini,kitti,000016,yaw,-1.0,deg,113070,113070,17879,15.812328645971522,240,17628,14.47173891538753,20.766432214709027,6,5,3824,3819,3789,99.86924686192468,99.0847280334728,0.7845188284518798,False
kitti_mini,kitti,000016,yaw,-0.5,deg,113070,113070,17881,15.814097461749359,118,17750,7.248005125833153,10.449096403339606,6,5,3824,3819,3822,99.86924686192468,99.94769874476988,-0.07845188284520077,False
kitti_mini,kitti,000016,yaw,0.0,deg,113070,113070,17868,15.80260015919342,0,17868,0.0,0.0,6,5,3824,3819,3819,99.86924686192468,99.86924686192468,0.0,False
kitti_mini,kitti,000016,yaw,0.5,deg,113070,113070,17872,15.806137790749094,116,17752,7.246191181285839,10.444443752815435,6,5,3824,3819,3742,99.86924686192468,97.85564853556485,2.0135983263598263,False
kitti_mini,kitti,000016,yaw,1.0,deg,113070,113070,17871,15.805253382860174,243,17625,14.470307668851174,20.709486710529944,6,5,3824,3819,3630,99.86924686192468,94.92677824267783,4.942468619246853,False
kitti_mini,kitti,000016,yaw,2.0,deg,113070,113070,17883,15.815866277527196,480,17388,28.878057040950424,40.77254461396309,6,5,3824,3819,3411,99.86924686192468,89.19979079497908,10.6694560669456,True
kitti_mini,kitti,000016,yaw,3.0,deg,113070,113070,17899,15.83001680374989,699,17169,43.23117085981778,60.36167528349218,6,5,3824,3819,3200,99.86924686192468,83.68200836820084,16.18723849372384,True
kitti_mini,kitti,000016,translation,-10.0,cm,113070,113070,17893,15.824710356416379,72,17796,5.700882789690337,13.863047287110955,6,5,3824,3819,3819,99.86924686192468,99.86924686192468,0.0,False
kitti_mini,kitti,000016,translation,-5.0,cm,113070,113070,17886,15.81851950119395,34,17834,2.854570194866564,6.935577566176496,6,5,3824,3819,3819,99.86924686192468,99.86924686192468,0.0,False
kitti_mini,kitti,000016,translation,-2.0,cm,113070,113070,17875,15.80879101441585,15,17853,1.142513959920568,2.7760843907649453,6,5,3824,3819,3819,99.86924686192468,99.86924686192468,0.0,False
kitti_mini,kitti,000016,translation,0.0,cm,113070,113070,17868,15.80260015919342,0,17868,0.0,0.0,6,5,3824,3819,3819,99.86924686192468,99.86924686192468,0.0,False
kitti_mini,kitti,000016,translation,2.0,cm,113070,113070,17869,15.803484567082338,18,17850,1.1423339537240742,2.766529292444478,6,5,3824,3819,3808,99.86924686192468,99.581589958159,0.2876569037656793,False
kitti_mini,kitti,000016,translation,5.0,cm,113070,113070,17855,15.791102856637481,47,17821,2.852726913286103,6.887728452147672,6,5,3824,3819,3784,99.86924686192468,98.9539748953975,0.915271966527186,False
kitti_mini,kitti,000016,translation,10.0,cm,113070,113070,17841,15.778721146192623,98,17770,5.693042851639536,13.699272470145326,6,5,3824,3819,3743,99.86924686192468,97.88179916317992,1.9874476987447594,False
kitti_mini,kitti,000016,small_yaw,-0.25,deg,113070,113070,17876,15.809675422304768,60,17808,3.626881964239364,5.242596370019488,6,5,3824,3819,3822,99.86924686192468,99.94769874476988,-0.07845188284520077,False
kitti_mini,kitti,000016,small_yaw,-0.1,deg,113070,113070,17871,15.805253382860174,26,17842,1.451079552060131,2.1009193902690333,6,5,3824,3819,3821,99.86924686192468,99.92154811715481,-0.05230125523013385,False
kitti_mini,kitti,000016,small_yaw,0.1,deg,113070,113070,17872,15.806137790749094,22,17846,1.4514300370908977,2.100749131680576,6,5,3824,3819,3811,99.86924686192468,99.66004184100419,0.20920502092049276,False
kitti_mini,kitti,000016,small_yaw,0.25,deg,113070,113070,17876,15.809675422304768,58,17810,3.626075868444988,5.240470082500895,6,5,3824,3819,3789,99.86924686192468,99.0847280334728,0.7845188284518798,False
kitti_mini,kitti,000019,yaw,-3.0,deg,115697,115697,18613,16.08771186806918,804,17988,43.762656950113175,61.49291853063759,4,4,6228,6223,5490,99.91971740526654,88.15028901734104,11.769428387925501,True
kitti_mini,kitti,000019,yaw,-2.0,deg,115697,115697,18699,16.162043959653232,534,18258,29.26786490771847,41.51150052506983,4,4,6228,6223,5855,99.91971740526654,94.01091843288376,5.908798972382783,False
kitti_mini,kitti,000019,yaw,-1.0,deg,115697,115697,18740,16.197481352152604,269,18523,14.683063413578857,21.01922916181759,4,4,6228,6223,6159,99.91971740526654,98.89210019267823,1.0276172125883107,False
kitti_mini,kitti,000019,yaw,-0.5,deg,115697,115697,18765,16.21908951831076,133,18659,7.354893861669678,10.575197530535542,4,4,6228,6223,6213,99.91971740526654,99.75915221579962,0.16056518946692222,False
kitti_mini,kitti,000019,yaw,0.0,deg,115697,115697,18792,16.242426337761568,0,18792,0.0,0.0,4,4,6228,6223,6223,99.91971740526654,99.91971740526654,0.0,False
kitti_mini,kitti,000019,yaw,0.5,deg,115697,115697,18828,16.27354209702931,104,18688,7.356565769956865,10.58599371308944,4,4,6228,6223,6113,99.91971740526654,98.15350032113038,1.7662170841361586,False
kitti_mini,kitti,000019,yaw,1.0,deg,115697,115697,18859,16.300336223065422,203,18589,14.693136089958223,21.05875230571918,4,4,6228,6223,5993,99.91971740526654,96.2267180475273,3.6929993577392395,False
kitti_mini,kitti,000019,yaw,2.0,deg,115697,115697,18912,16.34614553532071,423,18369,29.292162225335293,41.572044726022966,4,4,6228,6223,5691,99.91971740526654,91.37764932562621,8.54206807964033,False
kitti_mini,kitti,000019,yaw,3.0,deg,115697,115697,18936,16.366889374832535,653,18139,43.80416973257323,61.61599026196881,4,4,6228,6223,5394,99.91971740526654,86.60886319845858,13.31085420680796,True
kitti_mini,kitti,000019,translation,-10.0,cm,115697,115697,18837,16.281321036846244,114,18678,8.59114657808994,20.570163336116856,4,4,6228,6223,6220,99.91971740526654,99.87154784842646,0.04816955684007951,False
kitti_mini,kitti,000019,translation,-5.0,cm,115697,115697,18823,16.26922046379768,52,18740,4.307592693661239,10.277459218177123,4,4,6228,6223,6224,99.91971740526654,99.93577392421324,-0.016056518946697906,False
kitti_mini,kitti,000019,translation,-2.0,cm,115697,115697,18809,16.257119890749113,15,18777,1.7256949450757864,4.109466880003022,4,4,6228,6223,6223,99.91971740526654,99.91971740526654,0.0,False
kitti_mini,kitti,000019,translation,0.0,cm,115697,115697,18792,16.242426337761568,0,18792,0.0,0.0,4,4,6228,6223,6223,99.91971740526654,99.91971740526654,0.0,False
kitti_mini,kitti,000019,translation,2.0,cm,115697,115697,18785,16.236376051237283,32,18760,1.7242889383033515,4.092526486274158,4,4,6228,6223,6193,99.91971740526654,99.43802183686577,0.48169556840076666,False
kitti_mini,kitti,000019,translation,5.0,cm,115697,115697,18766,16.219953844957086,82,18710,4.300838269874954,10.181087604699588,4,4,6228,6223,6145,99.91971740526654,98.66730892742453,1.2524084778420104,False
kitti_mini,kitti,000019,translation,10.0,cm,115697,115697,18747,16.20353163867689,159,18633,8.575582585545288,20.220309847297536,4,4,6228,6223,6069,99.91971740526654,97.44701348747591,2.472703917790625,False
kitti_mini,kitti,000019,small_yaw,-0.25,deg,115697,115697,18788,16.23896903117626,61,18731,3.6803186523300093,5.3090712984339525,4,4,6228,6223,6221,99.91971740526654,99.88760436737316,0.0321130378933816,False
kitti_mini,kitti,000019,small_yaw,-0.1,deg,115697,115697,18791,16.241562011115242,19,18773,1.4730310363892567,2.127878425882454,4,4,6228,6223,6224,99.91971740526654,99.93577392421324,-0.016056518946697906,False
kitti_mini,kitti,000019,small_yaw,0.1,deg,115697,115697,18803,16.251933930871154,21,18771,1.4729654072404683,2.1276555155690815,4,4,6228,6223,6204,99.91971740526654,99.61464354527938,0.30507385998716074,False
kitti_mini,kitti,000019,small_yaw,0.25,deg,115697,115697,18806,16.254526910810135,55,18737,3.6803283247825274,5.308997160213292,4,4,6228,6223,6170,99.91971740526654,99.06872190109185,0.8509955041746906,False
kitti_mini,kitti,000021,yaw,-3.0,deg,125260,125260,19920,15.902921922401404,714,19110,43.59021468283102,60.450284250995225,8,8,2605,2595,1720,99.61612284069098,66.02687140115164,33.58925143953934,True
kitti_mini,kitti,000021,yaw,-2.0,deg,125260,125260,19860,15.855021555165257,502,19322,29.122658284624695,40.6775189876007,8,8,2605,2595,2045,99.61612284069098,78.50287907869482,21.11324376199616,True
kitti_mini,kitti,000021,yaw,-1.0,deg,125260,125260,19815,15.819096279738144,276,19548,14.602151369737744,20.60105032112088,8,8,2605,2595,2353,99.61612284069098,90.32629558541267,9.289827255278311,False
kitti_mini,kitti,000021,yaw,-0.5,deg,125260,125260,19814,15.818297940284209,148,19676,7.312106219452723,10.37865598691892,8,8,2605,2595,2514,99.61612284069098,96.50671785028791,3.109404990403064,False
kitti_mini,kitti,000021,yaw,0.0,deg,125260,125260,19824,15.826281334823568,0,19824,0.0,0.0,8,8,2605,2595,2595,99.61612284069098,99.61612284069098,0.0,False
kitti_mini,kitti,000021,yaw,0.5,deg,125260,125260,19818,15.821491298099952,140,19684,7.317030868168835,10.401660588332557,8,8,2605,2595,2600,99.61612284069098,99.8080614203455,-0.19193857965451855,False
kitti_mini,kitti,000021,yaw,1.0,deg,125260,125260,19827,15.828676353185374,280,19544,14.61727841091534,20.66730707141846,8,8,2605,2595,2534,99.61612284069098,97.27447216890594,2.3416506717850325,False
kitti_mini,kitti,000021,yaw,2.0,deg,125260,125260,19841,15.839853105540476,551,19273,29.175286679149732,40.833800609688495,8,8,2605,2595,2367,99.61612284069098,90.8637236084453,8.75239923224568,False
kitti_mini,kitti,000021,yaw,3.0,deg,125260,125260,19863,15.857416573527063,828,18996,43.63034188838645,60.50442715210135,8,8,2605,2595,2097,99.61612284069098,80.49904030710172,19.117082533589254,True
kitti_mini,kitti,000021,translation,-10.0,cm,125260,125260,19779,15.790356059396455,136,19688,6.300893491394252,11.58622962950367,8,8,2605,2595,2511,99.61612284069098,96.3915547024952,3.224568138195778,False
kitti_mini,kitti,000021,translation,-5.0,cm,125260,125260,19789,15.798339453935814,75,19749,3.1545939502134344,5.814173437889511,8,8,2605,2595,2550,99.61612284069098,97.88867562380038,1.7274472168905959,False
kitti_mini,kitti,000021,translation,-2.0,cm,125260,125260,19809,15.81430624301453,32,19792,1.2632551877304583,2.3326220048491955,8,8,2605,2595,2577,99.61612284069098,98.92514395393474,0.6909788867562412,False
kitti_mini,kitti,000021,translation,0.0,cm,125260,125260,19824,15.826281334823568,0,19824,0.0,0.0,8,8,2605,2595,2595,99.61612284069098,99.61612284069098,0.0,False
kitti_mini,kitti,000021,translation,2.0,cm,125260,125260,19838,15.837458087178668,15,19809,1.263501402160946,2.3373361976089755,8,8,2605,2595,2603,99.61612284069098,99.9232245681382,-0.3071017274472183,False
kitti_mini,kitti,000021,translation,5.0,cm,125260,125260,19845,15.843046463356218,44,19780,3.1559086564246117,5.842718979941251,8,8,2605,2595,2603,99.61612284069098,99.9232245681382,-0.3071017274472183,False
kitti_mini,kitti,000021,translation,10.0,cm,125260,125260,19874,15.866198307520358,91,19733,6.300756859151047,11.669609959769149,8,8,2605,2595,2602,99.61612284069098,99.8848368522073,-0.2687140115163231,False
kitti_mini,kitti,000021,small_yaw,-0.25,deg,125260,125260,19813,15.817499600830272,76,19748,3.659296938205617,5.211541876914003,8,8,2605,2595,2565,99.61612284069098,98.46449136276391,1.1516314779270687,False
kitti_mini,kitti,000021,small_yaw,-0.1,deg,125260,125260,19820,15.823087977007823,34,19790,1.4646288702044892,2.089855464753025,8,8,2605,2595,2587,99.61612284069098,99.30902111324376,0.3071017274472183,False
kitti_mini,kitti,000021,small_yaw,0.1,deg,125260,125260,19816,15.81989461919208,30,19794,1.4649261006074752,2.0905179303335286,8,8,2605,2595,2603,99.61612284069098,99.9232245681382,-0.3071017274472183,False
kitti_mini,kitti,000021,small_yaw,0.25,deg,125260,125260,19830,15.831071371547182,65,19759,3.661128179035006,5.216688044001326,8,8,2605,2595,2602,99.61612284069098,99.8848368522073,-0.2687140115163231,False
kitti_mini,kitti,000023,yaw,-3.0,deg,120412,120412,18578,15.428694814470319,825,17762,44.074766373083975,60.75132358505698,3,3,107,107,0,100.0,0.0,100.0,True
kitti_mini,kitti,000023,yaw,-2.0,deg,120412,120412,18581,15.431186260505598,545,18042,29.46707678570108,41.04716904918868,3,3,107,107,17,100.0,15.88785046728972,84.11214953271028,True
kitti_mini,kitti,000023,yaw,-1.0,deg,120412,120412,18584,15.433677706540877,272,18315,14.773700768816862,20.787796960524332,3,3,107,107,56,100.0,52.33644859813084,47.66355140186916,True
kitti_mini,kitti,000023,yaw,-0.5,deg,120412,120412,18595,15.442813008670232,131,18456,7.3990941913209385,10.468001651155411,3,3,107,107,82,100.0,76.6355140186916,23.364485981308405,True
kitti_mini,kitti,000023,yaw,0.0,deg,120412,120412,18587,15.436169152576156,0,18587,0.0,0.0,3,3,107,107,107,100.0,100.0,0.0,False
kitti_mini,kitti,000023,yaw,0.5,deg,120412,120412,18585,15.434508188552636,134,18453,7.394073230799094,10.46100439906357,3,3,107,107,84,100.0,78.50467289719626,21.495327102803742,True
kitti_mini,kitti,000023,yaw,1.0,deg,120412,120412,18583,15.432847224529116,273,18314,14.75645336432815,20.781211036780363,3,3,107,107,50,100.0,46.728971962616825,53.271028037383175,True
kitti_mini,kitti,000023,yaw,2.0,deg,120412,120412,18592,15.440321562634953,539,18048,29.39514102768925,41.04741495890524,3,3,107,107,10,100.0,9.345794392523365,90.65420560747664,True
kitti_mini,kitti,000023,yaw,3.0,deg,120412,120412,18594,15.441982526658473,810,17777,43.90431496263056,60.81841417235717,3,3,107,107,0,100.0,0.0,100.0,True
kitti_mini,kitti,000023,translation,-10.0,cm,120412,120412,18552,15.40710228216457,93,18494,5.786539086003275,11.74895041160582,3,3,107,107,106,100.0,99.06542056074767,0.9345794392523317,False
kitti_mini,kitti,000023,translation,-5.0,cm,120412,120412,18568,15.420389994352723,44,18543,2.8965000674498365,5.8820740320477425,3,3,107,107,107,100.0,100.0,0.0,False
kitti_mini,kitti,000023,translation,-2.0,cm,120412,120412,18580,15.430355778493837,16,18571,1.1598349704411268,2.3542667354742055,3,3,107,107,107,100.0,100.0,0.0,False
kitti_mini,kitti,000023,translation,0.0,cm,120412,120412,18587,15.436169152576156,0,18587,0.0,0.0,3,3,107,107,107,100.0,100.0,0.0,False
kitti_mini,kitti,000023,translation,2.0,cm,120412,120412,18592,15.440321562634953,12,18575,1.1602726079825656,2.35563007648029,3,3,107,107,107,100.0,100.0,0.0,False
kitti_mini,kitti,000023,translation,5.0,cm,120412,120412,18606,15.451948310799589,27,18560,2.8999702312439,5.887962269199398,3,3,107,107,107,100.0,100.0,0.0,False
kitti_mini,kitti,000023,translation,10.0,cm,120412,120412,18616,15.460253130917184,63,18524,5.798481841915085,11.768420548560185,3,3,107,107,105,100.0,98.13084112149532,1.8691588785046775,False
kitti_mini,kitti,000023,small_yaw,-0.25,deg,120412,120412,18590,15.438660598611435,63,18524,3.7028113240497578,5.249405154616614,3,3,107,107,98,100.0,91.58878504672897,8.411214953271028,False
kitti_mini,kitti,000023,small_yaw,-0.1,deg,120412,120412,18582,15.432016742517357,29,18558,1.4815343369741176,2.1036166766908804,3,3,107,107,107,100.0,100.0,0.0,False
kitti_mini,kitti,000023,small_yaw,0.1,deg,120412,120412,18584,15.433677706540877,27,18560,1.4816239475979487,2.1023591983197587,3,3,107,107,105,100.0,98.13084112149532,1.8691588785046775,False
kitti_mini,kitti,000023,small_yaw,0.25,deg,120412,120412,18584,15.433677706540877,69,18518,3.7014260275335236,5.245661600995181,3,3,107,107,99,100.0,92.5233644859813,7.476635514018696,False
kitti_mini,kitti,000025,yaw,-3.0,deg,115780,115780,17549,15.157194679564691,528,17001,42.56706385781401,60.25221264756363,6,6,1686,1684,1277,99.88137603795967,75.74139976275208,24.139976275207587,True
kitti_mini,kitti,000025,yaw,-2.0,deg,115780,115780,17528,15.139056831922613,363,17166,28.429025362585293,40.60962570899985,6,6,1686,1684,1441,99.88137603795967,85.4685646500593,14.412811387900362,True
kitti_mini,kitti,000025,yaw,-1.0,deg,115780,115780,17543,15.15201243738124,171,17358,14.242882219784194,20.554663207731846,6,6,1686,1684,1598,99.88137603795967,94.78054567022538,5.100830367734289,False
kitti_mini,kitti,000025,yaw,-0.5,deg,115780,115780,17538,15.147693902228363,88,17441,7.129820523211188,10.340866853866686,6,6,1686,1684,1654,99.88137603795967,98.10201660735468,1.779359430604984,False
kitti_mini,kitti,000025,yaw,0.0,deg,115780,115780,17529,15.139920538953188,0,17529,0.0,0.0,6,6,1686,1684,1684,99.88137603795967,99.88137603795967,0.0,False
kitti_mini,kitti,000025,yaw,0.5,deg,115780,115780,17534,15.144239074106062,90,17439,7.129268521644868,10.349188404826448,6,6,1686,1684,1645,99.88137603795967,97.56820877817319,2.313167259786482,False
kitti_mini,kitti,000025,yaw,1.0,deg,115780,115780,17540,15.149421316289514,183,17346,14.247725123341343,20.591294629109363,6,6,1686,1684,1578,99.88137603795967,93.59430604982207,6.287069988137603,False
kitti_mini,kitti,000025,yaw,2.0,deg,115780,115780,17541,15.15028502332009,367,17162,28.447450308872348,40.76963714923836,6,6,1686,1684,1405,99.88137603795967,83.33333333333333,16.54804270462634,True
kitti_mini,kitti,000025,yaw,3.0,deg,115780,115780,17514,15.126964933494559,573,16956,42.585719483384196,60.49185081529126,6,6,1686,1684,1234,99.88137603795967,73.19098457888494,26.690391459074732,True
kitti_mini,kitti,000025,translation,-10.0,cm,115780,115780,17532,15.142511660044912,82,17447,6.498040365299049,18.41213385319717,6,6,1686,1684,1671,99.88137603795967,99.11032028469751,0.7710557532621607,False
kitti_mini,kitti,000025,translation,-5.0,cm,115780,115780,17528,15.139056831922613,45,17484,3.2547155957731544,9.209624534269329,6,6,1686,1684,1676,99.88137603795967,99.40688018979834,0.4744958481613253,False
kitti_mini,kitti,000025,translation,-2.0,cm,115780,115780,17527,15.138193124892037,18,17511,1.3037574361992343,3.6890231188225613,6,6,1686,1684,1681,99.88137603795967,99.70344009489916,0.1779359430605041,False
kitti_mini,kitti,000025,translation,0.0,cm,115780,115780,17529,15.139920538953188,0,17529,0.0,0.0,6,6,1686,1684,1684,99.88137603795967,99.88137603795967,0.0,False
kitti_mini,kitti,000025,translation,2.0,cm,115780,115780,17528,15.139056831922613,18,17511,1.3043456888866274,3.6828750841091105,6,6,1686,1684,1684,99.88137603795967,99.88137603795967,0.0,False
kitti_mini,kitti,000025,translation,5.0,cm,115780,115780,17539,15.148557609258939,39,17490,3.259885304497039,9.185984944952493,6,6,1686,1684,1682,99.88137603795967,99.76275207591934,0.11862396204033132,False
kitti_mini,kitti,000025,translation,10.0,cm,115780,115780,17545,15.15373985144239,82,17447,6.515265881134479,18.293276979634204,6,6,1686,1684,1677,99.88137603795967,99.4661921708185,0.41518386714116673,False
kitti_mini,kitti,000025,small_yaw,-0.25,deg,115780,115780,17533,15.143375367075487,46,17483,3.5661698280528458,5.187492528830272,6,6,1686,1684,1675,99.88137603795967,99.34756820877817,0.533807829181498,False
kitti_mini,kitti,000025,small_yaw,-0.1,deg,115780,115780,17530,15.140784245983763,19,17510,1.4267678427869832,2.078232156651523,6,6,1686,1684,1681,99.88137603795967,99.70344009489916,0.1779359430605041,False
kitti_mini,kitti,000025,small_yaw,0.1,deg,115780,115780,17527,15.138193124892037,18,17511,1.4266566792207753,2.078830258265157,6,6,1686,1684,1684,99.88137603795967,99.88137603795967,0.0,False
kitti_mini,kitti,000025,small_yaw,0.25,deg,115780,115780,17528,15.139056831922613,46,17483,3.566286458633879,5.190231837058517,6,6,1686,1684,1678,99.88137603795967,99.52550415183867,0.35587188612099396,False
kitti_mini,kitti,000031,yaw,-3.0,deg,121291,121291,18968,15.638423296040102,748,18148,43.3902569106569,60.62347003548717,6,6,3074,3074,2332,100.0,75.86206896551724,24.13793103448276,True
kitti_mini,kitti,000031,yaw,-2.0,deg,121291,121291,18931,15.607918147265666,507,18389,29.076945284017377,40.99012977533343,6,6,3074,3074,2648,100.0,86.14183474300586,13.858165256994141,True
kitti_mini,kitti,000031,yaw,-1.0,deg,121291,121291,18905,15.586482096775523,262,18634,14.6168289705953,20.74984923910289,6,6,3074,3074,2948,100.0,95.90110605074821,4.098893949251789,False
kitti_mini,kitti,000031,yaw,-0.5,deg,121291,121291,18907,15.588131023736304,128,18768,7.330027319975389,10.455970822224986,6,6,3074,3074,3039,100.0,98.86141834743006,1.1385816525699397,False
kitti_mini,kitti,000031,yaw,0.0,deg,121291,121291,18896,15.579061925452011,0,18896,0.0,0.0,6,6,3074,3074,3074,100.0,100.0,0.0,False
kitti_mini,kitti,000031,yaw,0.5,deg,121291,121291,18877,15.5633971193246,139,18757,7.337591961280822,10.454271950955324,6,6,3074,3074,3040,100.0,98.8939492517892,1.106050748210805,False
kitti_mini,kitti,000031,yaw,1.0,deg,121291,121291,18837,15.530418580108995,270,18626,14.656595380052263,20.772695831245652,6,6,3074,3074,2941,100.0,95.67338972023423,4.326610279765774,False
kitti_mini,kitti,000031,yaw,2.0,deg,121291,121291,18783,15.485897552167927,545,18351,29.244330803715048,40.95694858180164,6,6,3074,3074,2638,100.0,85.81652569941444,14.183474300585559,True
kitti_mini,kitti,000031,yaw,3.0,deg,121291,121291,18731,15.443025451187639,808,18088,43.76528683989976,60.642907108045016,6,6,3074,3074,2343,100.0,76.21990891346779,23.78009108653221,True
kitti_mini,kitti,000031,translation,-10.0,cm,121291,121291,18870,15.557625874961868,103,18793,5.9971758825884836,11.057122375870103,6,6,3074,3074,3069,100.0,99.8373454782043,0.1626545217957016,False
kitti_mini,kitti,000031,translation,-5.0,cm,121291,121291,18878,15.56422158280499,53,18843,3.0057282604176856,5.532459865520674,6,6,3074,3074,3073,100.0,99.96746909564087,0.03253090435913464,False
kitti_mini,kitti,000031,translation,-2.0,cm,121291,121291,18891,15.57493960805006,18,18878,1.2043967427529618,2.213905163651194,6,6,3074,3074,3074,100.0,100.0,0.0,False
kitti_mini,kitti,000031,translation,0.0,cm,121291,121291,18896,15.579061925452011,0,18896,0.0,0.0,6,6,3074,3074,3074,100.0,100.0,0.0,False
kitti_mini,kitti,000031,translation,2.0,cm,121291,121291,18897,15.579886388932403,22,18874,1.2056785653190398,2.2139880251801727,6,6,3074,3074,3074,100.0,100.0,0.0,False
kitti_mini,kitti,000031,translation,5.0,cm,121291,121291,18893,15.576588535010842,45,18851,3.011955356739661,5.534840175025856,6,6,3074,3074,3073,100.0,99.96746909564087,0.03253090435913464,False
kitti_mini,kitti,000031,translation,10.0,cm,121291,121291,18894,15.577412998491232,85,18811,6.023198073387266,11.068746402930202,6,6,3074,3074,3063,100.0,99.64216005204945,0.3578399479505521,False
kitti_mini,kitti,000031,small_yaw,-0.25,deg,121291,121291,18905,15.586482096775523,58,18838,3.6693869446057787,5.2456856134346115,6,6,3074,3074,3067,100.0,99.77228366948601,0.2277163305139851,False
kitti_mini,kitti,000031,small_yaw,-0.1,deg,121291,121291,18900,15.582359779373572,24,18872,1.4689831880876856,2.1028696976310552,6,6,3074,3074,3074,100.0,100.0,0.0,False
kitti_mini,kitti,000031,small_yaw,0.1,deg,121291,121291,18888,15.572466217608891,33,18863,1.4689930198186683,2.1018486427789522,6,6,3074,3074,3074,100.0,100.0,0.0,False
kitti_mini,kitti,000031,small_yaw,0.25,deg,121291,121291,18880,15.56587050976577,74,18822,3.6712277576682495,5.243056423398554,6,6,3074,3074,3069,100.0,99.8373454782043,0.1626545217957016,False
kitti_mini,kitti,000032,yaw,-3.0,deg,118661,118661,19537,16.464550273468117,806,18729,43.479136067037246,60.604855622813,10,10,4987,4985,4036,99.95989572889513,80.93041908963305,19.029476639262086,True
kitti_mini,kitti,000032,yaw,-2.0,deg,118661,118661,19540,16.467078484084915,530,19005,29.107708833891845,40.937938023798274,10,10,4987,4985,4484,99.95989572889513,89.91377581712452,10.046119911770617,True
kitti_mini,kitti,000032,yaw,-1.0,deg,118661,118661,19539,16.466235747212647,263,19272,14.607508311478458,20.727351394331546,10,10,4987,4985,4842,99.95989572889513,97.09244034489673,2.8674553839984043,False
kitti_mini,kitti,000032,yaw,-0.5,deg,118661,118661,19536,16.463707536595848,136,19399,7.315286669436581,10.42882456339445,10,10,4987,4985,4946,99.95989572889513,99.1778624423501,0.7820332865450297,False
kitti_mini,kitti,000032,yaw,0.0,deg,118661,118661,19535,16.462864799723583,0,19535,0.0,0.0,10,10,4987,4985,4985,99.95989572889513,99.95989572889513,0.0,False
kitti_mini,kitti,000032,yaw,0.5,deg,118661,118661,19547,16.472977642190777,125,19410,7.320066030876827,10.428906784276032,10,10,4987,4985,4963,99.95989572889513,99.51874874674152,0.4411469821536116,False
kitti_mini,kitti,000032,yaw,1.0,deg,118661,118661,19546,16.472134905318512,259,19276,14.620986142014797,20.7312423880225,10,10,4987,4985,4873,99.95989572889513,97.71405654702225,2.2458391818728813,False
kitti_mini,kitti,000032,yaw,2.0,deg,118661,118661,19548,16.473820379063046,530,19005,29.156811913839448,40.883155509366894,10,10,4987,4985,4625,99.95989572889513,92.74112693001804,7.218768798877093,False
kitti_mini,kitti,000032,yaw,3.0,deg,118661,118661,19552,16.47719132655211,798,18737,43.58198837045578,60.583921414021354,10,10,4987,4985,4343,99.95989572889513,87.086424704231,12.873471024664127,True
kitti_mini,kitti,000032,translation,-10.0,cm,118661,118661,19550,16.47550585280758,77,19458,6.025480308799736,11.19946503585479,10,10,4987,4985,4975,99.95989572889513,99.75937437337076,0.20052135552437278,False
kitti_mini,kitti,000032,translation,-5.0,cm,118661,118661,19550,16.47550585280758,35,19500,3.0146235541379647,5.603388908892939,10,10,4987,4985,4986,99.95989572889513,99.97994786444757,-0.020052135552433015,False
kitti_mini,kitti,000032,translation,-2.0,cm,118661,118661,19538,16.46539301034038,13,19522,1.2062074943279075,2.24202273592572,10,10,4987,4985,4986,99.95989572889513,99.97994786444757,-0.020052135552433015,False
kitti_mini,kitti,000032,translation,0.0,cm,118661,118661,19535,16.462864799723583,0,19535,0.0,0.0,10,10,4987,4985,4985,99.95989572889513,99.95989572889513,0.0,False
kitti_mini,kitti,000032,translation,2.0,cm,118661,118661,19534,16.462022062851315,19,19516,1.2032847747980808,2.242056609725899,10,10,4987,4985,4985,99.95989572889513,99.95989572889513,0.0,False
kitti_mini,kitti,000032,translation,5.0,cm,118661,118661,19529,16.457808378489982,44,19491,3.0013299539703335,5.604152365742289,10,10,4987,4985,4985,99.95989572889513,99.95989572889513,0.0,False
kitti_mini,kitti,000032,translation,10.0,cm,118661,118661,19531,16.459493852234516,82,19453,5.988291156620871,11.204537147433973,10,10,4987,4985,4982,99.95989572889513,99.89973932223782,0.060156406657313255,False
kitti_mini,kitti,000032,small_yaw,-0.25,deg,118661,118661,19536,16.463707536595848,66,19469,3.660743284581998,5.229631039552315,10,10,4987,4985,4974,99.95989572889513,99.73932223781833,0.2205734910768058,False
kitti_mini,kitti,000032,small_yaw,-0.1,deg,118661,118661,19535,16.462864799723583,26,19509,1.4650774696735462,2.0965161289503724,10,10,4987,4985,4985,99.95989572889513,99.95989572889513,0.0,False
kitti_mini,kitti,000032,small_yaw,0.1,deg,118661,118661,19530,16.45865111536225,31,19504,1.4650588641559747,2.095302494015872,10,10,4987,4985,4986,99.95989572889513,99.97994786444757,-0.020052135552433015,False
kitti_mini,kitti,000032,small_yaw,0.25,deg,118661,118661,19537,16.464550273468117,66,19469,3.6616367845067836,5.229284856261774,10,10,4987,4985,4984,99.95989572889513,99.93984359334269,0.020052135552447226,False
kitti_mini,kitti,000043,yaw,-3.0,deg,122591,122591,19565,15.959572888711243,738,18917,43.33333059300673,60.597537292250394,4,4,514,503,0,97.85992217898833,0.0,97.85992217898833,True
kitti_mini,kitti,000043,yaw,-2.0,deg,122591,122591,19572,15.965282932678582,481,19174,29.011291109479792,40.82547465038987,4,4,514,503,36,97.85992217898833,7.003891050583658,90.85603112840467,True
kitti_mini,kitti,000043,yaw,-1.0,deg,122591,122591,19623,16.006884681583475,254,19401,14.553733521986404,20.63834770645611,4,4,514,503,337,97.85992217898833,65.56420233463035,32.295719844357976,True
kitti_mini,kitti,000043,yaw,-0.5,deg,122591,122591,19619,16.003621799316427,139,19516,7.288393062191935,10.367621085191072,4,4,514,503,473,97.85992217898833,92.02334630350195,5.836575875486375,False
kitti_mini,kitti,000043,yaw,0.0,deg,122591,122591,19655,16.032987739719882,0,19655,0.0,0.0,4,4,514,503,503,97.85992217898833,97.85992217898833,0.0,False
kitti_mini,kitti,000043,yaw,0.5,deg,122591,122591,19689,16.06072223898981,98,19557,7.287099696219232,10.383269137897326,4,4,514,503,419,97.85992217898833,81.51750972762646,16.342412451361866,True
kitti_mini,kitti,000043,yaw,1.0,deg,122591,122591,19713,16.080299532592115,210,19445,14.552315017136308,20.634500502358673,4,4,514,503,252,97.85992217898833,49.02723735408561,48.83268482490272,True
kitti_mini,kitti,000043,yaw,2.0,deg,122591,122591,19769,16.125979884330825,428,19227,29.027202038353426,40.808870639309184,4,4,514,503,17,97.85992217898833,3.307392996108949,94.55252918287938,True
kitti_mini,kitti,000043,yaw,3.0,deg,122591,122591,19811,16.160240148134854,654,19001,43.42849765630863,60.520841060777855,4,4,514,503,0,97.85992217898833,0.0,97.85992217898833,True
kitti_mini,kitti,000043,translation,-10.0,cm,122591,122591,19647,16.02646197518578,97,19558,6.686673139050836,11.999061213653077,4,4,514,503,488,97.85992217898833,94.94163424124514,2.9182879377431874,False
kitti_mini,kitti,000043,translation,-5.0,cm,122591,122591,19648,16.02727769575254,50,19605,3.3489029368306635,6.001029154354364,4,4,514,503,505,97.85992217898833,98.24902723735408,-0.3891050583657574,False
kitti_mini,kitti,000043,translation,-2.0,cm,122591,122591,19650,16.028909136886067,21,19634,1.3410183130114492,2.401134162532567,4,4,514,503,505,97.85992217898833,98.24902723735408,-0.3891050583657574,False
kitti_mini,kitti,000043,translation,0.0,cm,122591,122591,19655,16.032987739719882,0,19655,0.0,0.0,4,4,514,503,503,97.85992217898833,97.85992217898833,0.0,False
kitti_mini,kitti,000043,translation,2.0,cm,122591,122591,19653,16.031356298586356,21,19634,1.341238522918663,2.399049493616989,4,4,514,503,502,97.85992217898833,97.66536964980544,0.1945525291828858,False
kitti_mini,kitti,000043,translation,5.0,cm,122591,122591,19659,16.036250621986934,42,19613,3.3516465147844627,5.992051028293832,4,4,514,503,490,97.85992217898833,95.3307392996109,2.52918287937743,False
kitti_mini,kitti,000043,translation,10.0,cm,122591,122591,19671,16.046039268788086,80,19575,6.694950528280152,11.95382777894719,4,4,514,503,460,97.85992217898833,89.49416342412451,8.365758754863819,False
kitti_mini,kitti,000043,small_yaw,-0.25,deg,122591,122591,19640,16.02075193121844,65,19590,3.6463034652421658,5.200229895152621,4,4,514,503,502,97.85992217898833,97.66536964980544,0.1945525291828858,False
kitti_mini,kitti,000043,small_yaw,-0.1,deg,122591,122591,19650,16.028909136886067,25,19630,1.4592656010041403,2.0841992763821975,4,4,514,503,504,97.85992217898833,98.05447470817121,-0.1945525291828858,False
kitti_mini,kitti,000043,small_yaw,0.1,deg,122591,122591,19658,16.03543490142017,22,19633,1.4590278010592805,2.085021451911372,4,4,514,503,500,97.85992217898833,97.27626459143968,0.5836575875486432,False
kitti_mini,kitti,000043,small_yaw,0.25,deg,122591,122591,19669,16.04440782765456,50,19605,3.6460940085213505,5.204441605271669,4,4,514,503,479,97.85992217898833,93.19066147859922,4.669260700389103,False
kitti_mini,kitti,000048,yaw,-3.0,deg,122675,122675,19795,16.13613205624618,751,19069,43.35928861204644,60.833826940697584,4,4,402,370,0,92.03980099502488,0.0,92.03980099502488,True
kitti_mini,kitti,000048,yaw,-2.0,deg,122675,122675,19848,16.17933564295904,456,19364,28.97286480735066,41.11865393596986,4,4,402,370,61,92.03980099502488,15.17412935323383,76.86567164179104,True
kitti_mini,kitti,000048,yaw,-1.0,deg,122675,122675,19870,16.19726920725494,206,19614,14.52896890643094,20.81714478481591,4,4,402,370,310,92.03980099502488,77.11442786069652,14.925373134328353,True
kitti_mini,kitti,000048,yaw,-0.5,deg,122675,122675,19824,16.159771754636235,130,19690,7.27346476691199,10.44261848667736,4,4,402,370,380,92.03980099502488,94.5273631840796,-2.487562189054728,False
kitti_mini,kitti,000048,yaw,0.0,deg,122675,122675,19820,16.156511106582432,0,19820,0.0,0.0,4,4,402,370,370,92.03980099502488,92.03980099502488,0.0,False
kitti_mini,kitti,000048,yaw,0.5,deg,122675,122675,19841,16.173629508864888,135,19685,7.271453946196962,10.446169326724492,4,4,402,370,286,92.03980099502488,71.14427860696517,20.895522388059703,True
kitti_mini,kitti,000048,yaw,1.0,deg,122675,122675,19852,16.18259629101284,273,19547,14.51857106282237,20.752237342974542,4,4,402,370,142,92.03980099502488,35.32338308457712,56.71641791044776,True
kitti_mini,kitti,000048,yaw,2.0,deg,122675,122675,19883,16.207866313429793,550,19270,28.945024855222293,40.964320720270976,4,4,402,370,2,92.03980099502488,0.4975124378109453,91.54228855721394,True
kitti_mini,kitti,000048,yaw,3.0,deg,122675,122675,19897,16.219278581618095,812,19008,43.27129209438202,60.693722268786296,4,4,402,370,0,92.03980099502488,0.0,92.03980099502488,True
kitti_mini,kitti,000048,translation,-10.0,cm,122675,122675,19788,16.13042592215203,155,19665,7.388833618696937,15.922944765142596,4,4,402,370,385,92.03980099502488,95.77114427860697,-3.731343283582092,False
kitti_mini,kitti,000048,translation,-5.0,cm,122675,122675,19803,16.14265335235378,82,19738,3.700937304649332,8.00980811018798,4,4,402,370,381,92.03980099502488,94.77611940298507,-2.736318407960198,False
kitti_mini,kitti,000048,translation,-2.0,cm,122675,122675,19809,16.14754432443448,34,19786,1.4826978968457942,3.217329114050139,4,4,402,370,378,92.03980099502488,94.02985074626865,-1.9900497512437738,False
kitti_mini,kitti,000048,translation,0.0,cm,122675,122675,19820,16.156511106582432,0,19820,0.0,0.0,4,4,402,370,370,92.03980099502488,92.03980099502488,0.0,False
kitti_mini,kitti,000048,translation,2.0,cm,122675,122675,19827,16.162217240676583,20,19800,1.483517566996659,3.223864277174595,4,4,402,370,363,92.03980099502488,90.29850746268657,1.7412935323383039,False
kitti_mini,kitti,000048,translation,5.0,cm,122675,122675,19858,16.18748726309354,49,19771,3.706625458269364,8.060979897208952,4,4,402,370,353,92.03980099502488,87.81094527363184,4.228855721393032,False
kitti_mini,kitti,000048,translation,10.0,cm,122675,122675,19898,16.220093743631548,98,19722,7.405813804829496,16.130643045819717,4,4,402,370,326,92.03980099502488,81.09452736318408,10.945273631840791,True
kitti_mini,kitti,000048,small_yaw,-0.25,deg,122675,122675,19813,16.15080497248828,74,19746,3.6388314887677238,5.234473162863046,4,4,402,370,384,92.03980099502488,95.5223880597015,-3.482587064676622,False
kitti_mini,kitti,000048,small_yaw,-0.1,deg,122675,122675,19815,16.152435296515183,32,19788,1.4563726037628282,2.0986009911734245,4,4,402,370,380,92.03980099502488,94.5273631840796,-2.487562189054728,False
kitti_mini,kitti,000048,small_yaw,0.1,deg,122675,122675,19814,16.151620134501734,25,19795,1.4563643387038332,2.0992236060454244,4,4,402,370,360,92.03980099502488,89.55223880597015,2.487562189054728,False
kitti_mini,kitti,000048,small_yaw,0.25,deg,122675,122675,19831,16.165477888730386,66,19754,3.639181940153082,5.237606835154912,4,4,402,370,343,92.03980099502488,85.32338308457712,6.71641791044776,False
kitti_mini,kitti,000049,yaw,-3.0,deg,113691,113691,17790,15.647676597092119,750,17343,43.05853571924183,60.19588461158815,18,18,4557,4523,3501,99.25389510642967,76.82685977616853,22.427035330261134,True
kitti_mini,kitti,000049,yaw,-2.0,deg,113691,113691,17890,15.735634307025183,501,17592,28.796196020413767,40.58240437936865,18,18,4557,4523,3928,99.25389510642967,86.19705946894886,13.056835637480802,True
kitti_mini,kitti,000049,yaw,-1.0,deg,113691,113691,17986,15.820073708560924,246,17847,14.45548510915438,20.5099843903886,18,18,4557,4523,4373,99.25389510642967,95.96225587008998,3.291639236339691,False
kitti_mini,kitti,000049,yaw,-0.5,deg,113691,113691,18033,15.861413832229465,122,17971,7.2435409101892905,10.311469710469973,18,18,4557,4523,4497,99.25389510642967,98.68334430546412,0.5705508009655489,False
kitti_mini,kitti,000049,yaw,0.0,deg,113691,113691,18093,15.914188458189303,0,18093,0.0,0.0,18,18,4557,4523,4523,99.25389510642967,99.25389510642967,0.0,False
kitti_mini,kitti,000049,yaw,0.5,deg,113691,113691,18134,15.950251119261859,70,18023,7.254582917864908,10.307325616333328,18,18,4557,4523,4443,99.25389510642967,97.49835418038182,1.7555409260478427,False
kitti_mini,kitti,000049,yaw,1.0,deg,113691,113691,18174,15.985434203235085,145,17948,14.497900505194153,20.5030082362434,18,18,4557,4523,4255,99.25389510642967,93.37283300416941,5.881062102260259,False
kitti_mini,kitti,000049,yaw,2.0,deg,113691,113691,18229,16.03381094369827,303,17790,28.963358294256043,40.707877548395125,18,18,4557,4523,3823,99.25389510642967,83.89291200351109,15.360983102918581,True
kitti_mini,kitti,000049,yaw,3.0,deg,113691,113691,18231,16.03557009789693,499,17594,43.3856091770442,60.47929451811595,18,18,4557,4523,3318,99.25389510642967,72.8110599078341,26.44283519859556,True
kitti_mini,kitti,000049,translation,-10.0,cm,113691,113691,18071,15.894837762004029,76,18017,5.850797166980007,15.388383540713233,18,18,4557,4523,4543,99.25389510642967,99.69278033794163,-0.4388852315119607,False
kitti_mini,kitti,000049,translation,-5.0,cm,113691,113691,18077,15.900115224600013,43,18050,2.9262267381786895,7.713684396465099,18,18,4557,4523,4541,99.25389510642967,99.64889181479043,-0.3949967083607646,False
kitti_mini,kitti,000049,translation,-2.0,cm,113691,113691,18086,15.908031418493987,19,18074,1.1706711440470645,3.0900617839269815,18,18,4557,4523,4534,99.25389510642967,99.49528198376125,-0.24138687733157838,False
kitti_mini,kitti,000049,translation,0.0,cm,113691,113691,18093,15.914188458189303,0,18093,0.0,0.0,18,18,4557,4523,4523,99.25389510642967,99.25389510642967,0.0,False
kitti_mini,kitti,000049,translation,2.0,cm,113691,113691,18094,15.915068035288634,13,18080,1.1706031723783261,3.0907815849576905,18,18,4557,4523,4512,99.25389510642967,99.01250822909809,0.24138687733157838,False
kitti_mini,kitti,000049,translation,5.0,cm,113691,113691,18103,15.922984229182608,31,18062,2.9257554669902803,7.719612911468527,18,18,4557,4523,4503,99.25389510642967,98.8150098749177,0.4388852315119607,False
kitti_mini,kitti,000049,translation,10.0,cm,113691,113691,18114,15.932659577275246,56,18037,5.848297062493512,15.417897320230995,18,18,4557,4523,4469,99.25389510642967,98.06890498134737,1.1849901250822938,False
kitti_mini,kitti,000049,small_yaw,-0.25,deg,113691,113691,18065,15.889560299408044,59,18034,3.626161154755767,5.168754513235474,18,18,4557,4523,4527,99.25389510642967,99.34167215273206,-0.08777704630239214,False
kitti_mini,kitti,000049,small_yaw,-0.1,deg,113691,113691,18080,15.902753955898005,23,18070,1.4512006898736352,2.069758288467661,18,18,4557,4523,4531,99.25389510642967,99.42944919903445,-0.17555409260478427,False
kitti_mini,kitti,000049,small_yaw,0.1,deg,113691,113691,18099,15.919465920785287,14,18079,1.4516891341396634,2.0704570761991965,18,18,4557,4523,4519,99.25389510642967,99.16611806012727,0.08777704630239214,False
kitti_mini,kitti,000049,small_yaw,0.25,deg,113691,113691,18117,15.935298308573238,35,18058,3.628717701177446,5.167371324485842,18,18,4557,4523,4506,99.25389510642967,98.8808426596445,0.3730524467851666,False
kitti_mini,kitti,000061,yaw,-3.0,deg,125247,125247,19657,15.694587495109664,828,18963,42.45656112125481,60.19243109014047,6,6,1348,1348,669,100.0,49.62908011869436,50.37091988130564,True
kitti_mini,kitti,000061,yaw,-2.0,deg,125247,125247,19690,15.720935431587185,557,19234,28.381002926407668,40.601806217386184,6,6,1348,1348,855,100.0,63.4272997032641,36.5727002967359,True
kitti_mini,kitti,000061,yaw,-1.0,deg,125247,125247,19733,15.75526759123971,284,19507,14.224582558642298,20.564570972042784,6,6,1348,1348,1145,100.0,84.9406528189911,15.059347181008903,True
kitti_mini,kitti,000061,yaw,-0.5,deg,125247,125247,19765,15.78081710539973,142,19649,7.123237219982903,10.353945344893333,6,6,1348,1348,1287,100.0,95.47477744807122,4.525222551928778,False
kitti_mini,kitti,000061,yaw,0.0,deg,125247,125247,19791,15.801576085654746,0,19791,0.0,0.0,6,6,1348,1348,1348,100.0,100.0,0.0,False
kitti_mini,kitti,000061,yaw,0.5,deg,125247,125247,19813,15.81914137663976,114,19677,7.125513891260042,10.369708996236769,6,6,1348,1348,1299,100.0,96.36498516320475,3.63501483679525,False
kitti_mini,kitti,000061,yaw,1.0,deg,125247,125247,19825,15.828722444449767,232,19559,14.235450678597545,20.616075516706047,6,6,1348,1348,1213,100.0,89.98516320474778,10.014836795252222,True
kitti_mini,kitti,000061,yaw,2.0,deg,125247,125247,19866,15.861457759467292,465,19326,28.40859604828661,40.715963004484294,6,6,1348,1348,1022,100.0,75.8160237388724,24.183976261127597,True
kitti_mini,kitti,000061,yaw,3.0,deg,125247,125247,19899,15.887805695944813,703,19088,42.526970326657164,60.121879677799136,6,6,1348,1348,818,100.0,60.682492581602375,39.317507418397625,True
kitti_mini,kitti,000061,translation,-10.0,cm,125247,125247,19769,15.784010794669733,76,19715,4.720055081132596,10.775245973462102,6,6,1348,1348,1327,100.0,98.44213649851632,1.5578635014836806,False
kitti_mini,kitti,000061,translation,-5.0,cm,125247,125247,19783,15.795188707114741,32,19759,2.3601655155036783,5.388569253291061,6,6,1348,1348,1338,100.0,99.25816023738872,0.7418397626112778,False
kitti_mini,kitti,000061,translation,-2.0,cm,125247,125247,19788,15.799180818702244,12,19779,0.9441077093391832,2.1564379815083834,6,6,1348,1348,1346,100.0,99.85163204747775,0.14836795252224988,False
kitti_mini,kitti,000061,translation,0.0,cm,125247,125247,19791,15.801576085654746,0,19791,0.0,0.0,6,6,1348,1348,1348,100.0,100.0,0.0,False
kitti_mini,kitti,000061,translation,2.0,cm,125247,125247,19792,15.802374507972246,11,19780,0.9440973756500888,2.1561106246581367,6,6,1348,1348,1343,100.0,99.62908011869436,0.3709198813056389,False
kitti_mini,kitti,000061,translation,5.0,cm,125247,125247,19797,15.80636661955975,29,19762,2.360168227658127,5.389931391472781,6,6,1348,1348,1335,100.0,99.03560830860535,0.9643916913946526,False
kitti_mini,kitti,000061,translation,10.0,cm,125247,125247,19803,15.811157153464753,52,19739,4.720114626668278,10.77710847817047,6,6,1348,1348,1324,100.0,98.21958456973294,1.7804154302670554,False
kitti_mini,kitti,000061,small_yaw,-0.25,deg,125247,125247,19776,15.789599750892236,71,19720,3.5640568231696106,5.197744641941774,6,6,1348,1348,1323,100.0,98.1454005934718,1.8545994065281945,False
kitti_mini,kitti,000061,small_yaw,-0.1,deg,125247,125247,19791,15.801576085654746,24,19767,1.4262959831112125,2.084622766971415,6,6,1348,1348,1343,100.0,99.62908011869436,0.3709198813056389,False
kitti_mini,kitti,000061,small_yaw,0.1,deg,125247,125247,19797,15.80636661955975,23,19768,1.4264089180452006,2.0840203487442532,6,6,1348,1348,1338,100.0,99.25816023738872,0.7418397626112778,False
kitti_mini,kitti,000061,small_yaw,0.25,deg,125247,125247,19799,15.807963464194751,61,19730,3.56455503024097,5.199623134827131,6,6,1348,1348,1324,100.0,98.21958456973294,1.7804154302670554,False
nuscenes_mini_subset,scene-0103,scene-0103_000,yaw,-3.0,deg,34752,34752,3054,8.787983425414364,112,2872,74.65185132908191,90.18386013309912,14,14,48,48,0,100.0,0.0,100.0,True
nuscenes_mini_subset,scene-0103,scene-0103_000,yaw,-2.0,deg,34752,34752,3035,8.733310313075506,71,2913,49.866202637716164,60.642400996866066,14,14,48,48,2,100.0,4.166666666666667,95.83333333333333,True
nuscenes_mini_subset,scene-0103,scene-0103_000,yaw,-1.0,deg,34752,34752,3009,8.658494475138122,33,2951,24.97837147508166,30.601961992323396,14,14,48,48,17,100.0,35.416666666666664,64.58333333333334,True
nuscenes_mini_subset,scene-0103,scene-0103_000,yaw,-0.5,deg,34752,34752,3000,8.632596685082873,12,2972,12.499864928313478,15.39071594936568,14,14,48,48,38,100.0,79.16666666666667,20.83333333333333,True
nuscenes_mini_subset,scene-0103,scene-0103_000,yaw,0.0,deg,34752,34752,2984,8.586556169429098,0,2984,0.0,0.0,14,14,48,48,48,100.0,100.0,0.0,False
nuscenes_mini_subset,scene-0103,scene-0103_000,yaw,0.5,deg,34752,34752,2972,8.552025782688766,33,2951,12.481927793287896,15.373894197481302,14,14,48,48,42,100.0,87.5,12.5,True
nuscenes_mini_subset,scene-0103,scene-0103_000,yaw,1.0,deg,34752,34752,2959,8.514617863720074,62,2922,24.9411173194069,30.596036481879036,14,14,48,48,24,100.0,50.0,50.0,True
nuscenes_mini_subset,scene-0103,scene-0103_000,yaw,2.0,deg,34752,34752,2934,8.442679558011049,121,2863,49.77780086872235,60.50864544497983,14,14,48,48,3,100.0,6.25,93.75,True
nuscenes_mini_subset,scene-0103,scene-0103_000,yaw,3.0,deg,34752,34752,2914,8.38512891344383,179,2805,74.52638520688448,89.8247876448509,14,14,48,48,1,100.0,2.0833333333333335,97.91666666666667,True
nuscenes_mini_subset,scene-0103,scene-0103_000,translation,-10.0,cm,34752,34752,2989,8.600943830570902,16,2968,9.444077703345302,25.776361528772842,14,14,48,48,47,100.0,97.91666666666667,2.0833333333333286,False
nuscenes_mini_subset,scene-0103,scene-0103_000,translation,-5.0,cm,34752,34752,2988,8.598066298342541,9,2975,4.727882200281069,12.889497447237375,14,14,48,48,48,100.0,100.0,0.0,False
nuscenes_mini_subset,scene-0103,scene-0103_000,translation,-2.0,cm,34752,34752,2986,8.59231123388582,5,2979,1.8912031678665706,5.156117752219571,14,14,48,48,48,100.0,100.0,0.0,False
nuscenes_mini_subset,scene-0103,scene-0103_000,translation,0.0,cm,34752,34752,2984,8.586556169429098,0,2984,0.0,0.0,14,14,48,48,48,100.0,100.0,0.0,False
nuscenes_mini_subset,scene-0103,scene-0103_000,translation,2.0,cm,34752,34752,2986,8.59231123388582,1,2983,1.8912909709175267,5.156326427893859,14,14,48,48,48,100.0,100.0,0.0,False
nuscenes_mini_subset,scene-0103,scene-0103_000,translation,5.0,cm,34752,34752,2986,8.59231123388582,7,2977,4.721558696025387,12.88715494796621,14,14,48,48,48,100.0,100.0,0.0,False
nuscenes_mini_subset,scene-0103,scene-0103_000,translation,10.0,cm,34752,34752,2990,8.603821362799263,14,2970,9.437072875642002,25.770746402172236,14,14,48,48,48,100.0,100.0,0.0,False
nuscenes_mini_subset,scene-0103,scene-0103_000,small_yaw,-0.25,deg,34752,34752,2994,8.615331491712707,5,2979,6.250801461401924,7.708794189563087,14,14,48,48,46,100.0,95.83333333333333,4.166666666666671,False
nuscenes_mini_subset,scene-0103,scene-0103_000,small_yaw,-0.1,deg,34752,34752,2990,8.603821362799263,0,2984,2.501197256142497,3.0907492853263756,14,14,48,48,48,100.0,100.0,0.0,False
nuscenes_mini_subset,scene-0103,scene-0103_000,small_yaw,0.1,deg,34752,34752,2989,8.600943830570902,5,2979,2.500170205787919,3.090843656213232,14,14,48,48,48,100.0,100.0,0.0,False
nuscenes_mini_subset,scene-0103,scene-0103_000,small_yaw,0.25,deg,34752,34752,2982,8.580801104972375,15,2969,6.2458135998787405,7.714879896376648,14,14,48,48,47,100.0,97.91666666666667,2.0833333333333286,False
nuscenes_mini_subset,scene-0103,scene-0103_001,yaw,-3.0,deg,34688,34688,3102,8.942573800738007,121,2926,74.84368679441668,89.86630010921466,19,17,67,67,1,100.0,1.492537313432836,98.50746268656717,True
nuscenes_mini_subset,scene-0103,scene-0103_001,yaw,-2.0,deg,34688,34688,3083,8.887799815498155,82,2965,49.98175448003321,60.50981346826267,19,17,67,67,4,100.0,5.970149253731344,94.02985074626865,True
nuscenes_mini_subset,scene-0103,scene-0103_001,yaw,-1.0,deg,34688,34688,3057,8.81284594095941,45,3002,25.041300570327472,30.565369676018236,19,17,67,67,27,100.0,40.298507462686565,59.701492537313435,True
nuscenes_mini_subset,scene-0103,scene-0103_001,yaw,-0.5,deg,34688,34688,3051,8.79554889298893,20,3027,12.532342762032652,15.35199132219325,19,17,67,67,56,100.0,83.58208955223881,16.417910447761187,True
nuscenes_mini_subset,scene-0103,scene-0103_001,yaw,0.0,deg,34688,34688,3047,8.784017527675276,0,3047,0.0,0.0,19,17,67,67,67,100.0,100.0,0.0,False
nuscenes_mini_subset,scene-0103,scene-0103_001,yaw,0.5,deg,34688,34688,3036,8.75230627306273,27,3020,12.524809728441054,15.349559213748716,19,17,67,67,58,100.0,86.56716417910448,13.43283582089552,True
nuscenes_mini_subset,scene-0103,scene-0103_001,yaw,1.0,deg,34688,34688,3023,8.714829335793358,56,2991,25.013331272573943,30.545488675788953,19,17,67,67,37,100.0,55.223880597014926,44.776119402985074,True
nuscenes_mini_subset,scene-0103,scene-0103_001,yaw,2.0,deg,34688,34688,3005,8.662938191881919,109,2938,49.91363481493888,60.52847145148284,19,17,67,67,14,100.0,20.895522388059703,79.1044776119403,True
nuscenes_mini_subset,scene-0103,scene-0103_001,yaw,3.0,deg,34688,34688,2994,8.631226937269373,165,2882,74.69419359607869,90.09002861875842,19,17,67,67,0,100.0,0.0,100.0,True
nuscenes_mini_subset,scene-0103,scene-0103_001,translation,-10.0,cm,34688,34688,3049,8.789783210332104,14,3033,8.834321600083447,25.872215773755887,19,17,67,67,66,100.0,98.50746268656717,1.492537313432834,False
nuscenes_mini_subset,scene-0103,scene-0103_001,translation,-5.0,cm,34688,34688,3049,8.789783210332104,7,3040,4.417566813180182,12.937375277517553,19,17,67,67,67,100.0,100.0,0.0,False
nuscenes_mini_subset,scene-0103,scene-0103_001,translation,-2.0,cm,34688,34688,3047,8.784017527675276,4,3043,1.767317591406522,5.1751415246027666,19,17,67,67,67,100.0,100.0,0.0,False
nuscenes_mini_subset,scene-0103,scene-0103_001,translation,0.0,cm,34688,34688,3047,8.784017527675276,0,3047,0.0,0.0,19,17,67,67,67,100.0,100.0,0.0,False
nuscenes_mini_subset,scene-0103,scene-0103_001,translation,2.0,cm,34688,34688,3048,8.78690036900369,4,3043,1.7671205271515043,5.17264993532733,19,17,67,67,67,100.0,100.0,0.0,False
nuscenes_mini_subset,scene-0103,scene-0103_001,translation,5.0,cm,34688,34688,3048,8.78690036900369,6,3041,4.417729077376614,12.901268042280543,19,17,67,67,66,100.0,98.50746268656717,1.492537313432834,False
nuscenes_mini_subset,scene-0103,scene-0103_001,translation,10.0,cm,34688,34688,3045,8.77825184501845,18,3029,8.83386646082739,25.796530333514358,19,17,67,67,63,100.0,94.02985074626865,5.97014925373135,False
nuscenes_mini_subset,scene-0103,scene-0103_001,small_yaw,-0.25,deg,34688,34688,3052,8.798431734317344,9,3038,6.270302440446549,7.693191405495261,19,17,67,67,63,100.0,94.02985074626865,5.97014925373135,False
nuscenes_mini_subset,scene-0103,scene-0103_001,small_yaw,-0.1,deg,34688,34688,3049,8.789783210332104,4,3043,2.5081032009882227,3.0809367682558864,19,17,67,67,66,100.0,98.50746268656717,1.492537313432834,False
nuscenes_mini_subset,scene-0103,scene-0103_001,small_yaw,0.1,deg,34688,34688,3046,8.781134686346864,6,3041,2.5073916036507353,3.0807160142040964,19,17,67,67,66,100.0,98.50746268656717,1.492537313432834,False
nuscenes_mini_subset,scene-0103,scene-0103_001,small_yaw,0.25,deg,34688,34688,3042,8.76960332103321,13,3034,6.2695462915614755,7.695724479942259,19,17,67,67,64,100.0,95.5223880597015,4.477611940298502,False
nuscenes_mini_subset,scene-0103,scene-0103_002,yaw,-3.0,deg,34752,34752,3093,8.900207182320441,154,2930,74.73216199661394,89.78142268873636,20,16,60,60,1,100.0,1.6666666666666667,98.33333333333333,True
nuscenes_mini_subset,scene-0103,scene-0103_002,yaw,-2.0,deg,34752,34752,3080,8.86279926335175,119,2965,49.91108803314283,60.407072409044815,20,16,60,60,5,100.0,8.333333333333334,91.66666666666667,True
nuscenes_mini_subset,scene-0103,scene-0103_002,yaw,-1.0,deg,34752,34752,3088,8.885819521178638,55,3029,25.02996739182564,30.521609044093875,20,16,60,60,29,100.0,48.333333333333336,51.666666666666664,True
nuscenes_mini_subset,scene-0103,scene-0103_002,yaw,-0.5,deg,34752,34752,3092,8.89732965009208,22,3062,12.540723421051094,15.318146794466472,20,16,60,60,51,100.0,85.0,15.0,True
nuscenes_mini_subset,scene-0103,scene-0103_002,yaw,0.0,deg,34752,34752,3084,8.874309392265193,0,3084,0.0,0.0,20,16,60,60,60,100.0,100.0,0.0,False
nuscenes_mini_subset,scene-0103,scene-0103_002,yaw,0.5,deg,34752,34752,3078,8.857044198895027,28,3056,12.532407355394644,15.341359258655348,20,16,60,60,48,100.0,80.0,20.0,True
nuscenes_mini_subset,scene-0103,scene-0103_002,yaw,1.0,deg,34752,34752,3071,8.836901473296502,57,3027,25.007177273787452,30.566096429704256,20,16,60,60,21,100.0,35.0,65.0,True
nuscenes_mini_subset,scene-0103,scene-0103_002,yaw,2.0,deg,34752,34752,3050,8.776473296500921,121,2963,49.88952520759005,60.52797591083072,20,16,60,60,2,100.0,3.3333333333333335,96.66666666666667,True
nuscenes_mini_subset,scene-0103,scene-0103_002,yaw,3.0,deg,34752,34752,3033,8.727555248618785,178,2906,74.65743296924849,89.95460950132083,20,16,60,60,0,100.0,0.0,100.0,True
nuscenes_mini_subset,scene-0103,scene-0103_002,translation,-10.0,cm,34752,34752,3085,8.877186924493554,16,3068,7.724661483261775,24.422441862445577,20,16,60,60,60,100.0,100.0,0.0,False
nuscenes_mini_subset,scene-0103,scene-0103_002,translation,-5.0,cm,34752,34752,3087,8.882941988950277,6,3078,3.862479386195577,12.204798948949328,20,16,60,60,60,100.0,100.0,0.0,False
nuscenes_mini_subset,scene-0103,scene-0103_002,translation,-2.0,cm,34752,34752,3088,8.885819521178638,1,3083,1.566756011577199,4.880262866181811,20,16,60,60,60,100.0,100.0,0.0,False
nuscenes_mini_subset,scene-0103,scene-0103_002,translation,0.0,cm,34752,34752,3084,8.874309392265193,0,3084,0.0,0.0,20,16,60,60,60,100.0,100.0,0.0,False
nuscenes_mini_subset,scene-0103,scene-0103_002,translation,2.0,cm,34752,34752,3086,8.880064456721914,1,3083,1.5668054427951759,4.880738588354121,20,16,60,60,60,100.0,100.0,0.0,False
nuscenes_mini_subset,scene-0103,scene-0103_002,translation,5.0,cm,34752,34752,3082,8.868554327808472,10,3074,3.8469282969090175,12.188116718005462,20,16,60,60,60,100.0,100.0,0.0,False
nuscenes_mini_subset,scene-0103,scene-0103_002,translation,10.0,cm,34752,34752,3081,8.86567679558011,19,3065,7.640852358689205,24.359720435956586,20,16,60,60,59,100.0,98.33333333333333,1.6666666666666714,False
nuscenes_mini_subset,scene-0103,scene-0103_002,small_yaw,-0.25,deg,34752,34752,3085,8.877186924493554,14,3070,6.2706780031057505,7.682310370055827,20,16,60,60,58,100.0,96.66666666666667,3.3333333333333286,False
nuscenes_mini_subset,scene-0103,scene-0103_002,small_yaw,-0.1,deg,34752,34752,3085,8.877186924493554,3,3081,2.509675536354268,3.076796979610838,20,16,60,60,59,100.0,98.33333333333333,1.6666666666666714,False
nuscenes_mini_subset,scene-0103,scene-0103_002,small_yaw,0.1,deg,34752,34752,3085,8.877186924493554,3,3081,2.5111556564934583,3.0829777016431743,20,16,60,60,60,100.0,100.0,0.0,False
nuscenes_mini_subset,scene-0103,scene-0103_002,small_yaw,0.25,deg,34752,34752,3084,8.874309392265193,13,3071,6.272677014698853,7.689930191199229,20,16,60,60,59,100.0,98.33333333333333,1.6666666666666714,False
nuscenes_mini_subset,scene-0103,scene-0103_003,yaw,-3.0,deg,34720,34720,3097,8.919930875576037,179,2921,74.65388422439,89.678819320943,21,17,76,76,10,100.0,13.157894736842104,86.84210526315789,True
nuscenes_mini_subset,scene-0103,scene-0103_003,yaw,-2.0,deg,34720,34720,3092,8.90552995391705,125,2975,49.86560125361586,60.35094846244106,21,17,76,76,22,100.0,28.94736842105263,71.05263157894737,True
nuscenes_mini_subset,scene-0103,scene-0103_003,yaw,-1.0,deg,34720,34720,3097,8.919930875576037,63,3037,25.009381584108553,30.479766432156783,21,17,76,76,48,100.0,63.1578947368421,36.8421052631579,True
nuscenes_mini_subset,scene-0103,scene-0103_003,yaw,-0.5,deg,34720,34720,3091,8.902649769585253,37,3063,12.520988200605823,15.285193609279052,21,17,76,76,68,100.0,89.47368421052632,10.526315789473685,True
nuscenes_mini_subset,scene-0103,scene-0103_003,yaw,0.0,deg,34720,34720,3100,8.928571428571429,0,3100,0.0,0.0,21,17,76,76,76,100.0,100.0,0.0,False
nuscenes_mini_subset,scene-0103,scene-0103_003,yaw,0.5,deg,34720,34720,3100,8.928571428571429,26,3074,12.52544180985499,15.316920856396859,21,17,76,76,70,100.0,92.10526315789474,7.89473684210526,False
nuscenes_mini_subset,scene-0103,scene-0103_003,yaw,1.0,deg,34720,34720,3104,8.940092165898617,53,3047,25.027548583539946,30.492322250693068,21,17,76,76,51,100.0,67.10526315789474,32.89473684210526,True
nuscenes_mini_subset,scene-0103,scene-0103_003,yaw,2.0,deg,34720,34720,3102,8.934331797235023,108,2992,49.942570817297266,60.44074415903511,21,17,76,76,18,100.0,23.68421052631579,76.3157894736842,True
nuscenes_mini_subset,scene-0103,scene-0103_003,yaw,3.0,deg,34720,34720,3089,8.896889400921658,167,2933,74.73037702407403,89.8958401663799,21,17,76,76,6,100.0,7.894736842105263,92.10526315789474,True
nuscenes_mini_subset,scene-0103,scene-0103_003,translation,-10.0,cm,34720,34720,3103,8.93721198156682,15,3085,8.064458417617034,24.42066348033423,21,17,76,76,75,100.0,98.6842105263158,1.3157894736842053,False
nuscenes_mini_subset,scene-0103,scene-0103_003,translation,-5.0,cm,34720,34720,3098,8.922811059907835,10,3090,4.0389723949034835,12.20691282228954,21,17,76,76,76,100.0,100.0,0.0,False
nuscenes_mini_subset,scene-0103,scene-0103_003,translation,-2.0,cm,34720,34720,3099,8.925691244239632,3,3097,1.6159227598631798,4.880342210896299,21,17,76,76,76,100.0,100.0,0.0,False
nuscenes_mini_subset,scene-0103,scene-0103_003,translation,0.0,cm,34720,34720,3100,8.928571428571429,0,3100,0.0,0.0,21,17,76,76,76,100.0,100.0,0.0,False
nuscenes_mini_subset,scene-0103,scene-0103_003,translation,2.0,cm,34720,34720,3096,8.91705069124424,6,3094,1.6142260898434104,4.878017918932226,21,17,76,76,76,100.0,100.0,0.0,False
nuscenes_mini_subset,scene-0103,scene-0103_003,translation,5.0,cm,34720,34720,3094,8.911290322580646,11,3089,4.032748999847495,12.197171896178126,21,17,76,76,76,100.0,100.0,0.0,False
nuscenes_mini_subset,scene-0103,scene-0103_003,translation,10.0,cm,34720,34720,3096,8.91705069124424,20,3080,8.039996890945783,24.364101503263182,21,17,76,76,75,100.0,98.6842105263158,1.3157894736842053,False
nuscenes_mini_subset,scene-0103,scene-0103_003,small_yaw,-0.25,deg,34720,34720,3100,8.928571428571429,18,3082,6.264755884358445,7.669640720265811,21,17,76,76,74,100.0,97.36842105263158,2.631578947368425,False
nuscenes_mini_subset,scene-0103,scene-0103_003,small_yaw,-0.1,deg,34720,34720,3094,8.911290322580646,11,3089,2.5069185613168625,3.068957520841579,21,17,76,76,76,100.0,100.0,0.0,False
nuscenes_mini_subset,scene-0103,scene-0103_003,small_yaw,0.1,deg,34720,34720,3097,8.919930875576037,6,3094,2.5073297703465034,3.074588409689707,21,17,76,76,76,100.0,100.0,0.0,False
nuscenes_mini_subset,scene-0103,scene-0103_003,small_yaw,0.25,deg,34720,34720,3097,8.919930875576037,14,3086,6.265663368629495,7.673719563976567,21,17,76,76,75,100.0,98.6842105263158,1.3157894736842053,False
nuscenes_mini_subset,scene-0103,scene-0103_004,yaw,-3.0,deg,34784,34784,3062,8.802897884084636,163,2899,75.11394626185883,89.9931433252181,23,18,126,126,47,100.0,37.301587301587304,62.698412698412696,True
nuscenes_mini_subset,scene-0103,scene-0103_004,yaw,-2.0,deg,34784,34784,3075,8.840271389144434,108,2954,50.19046936773401,60.53273493238785,23,18,126,126,52,100.0,41.26984126984127,58.73015873015873,True
nuscenes_mini_subset,scene-0103,scene-0103_004,yaw,-1.0,deg,34784,34784,3063,8.805772769089236,59,3003,25.14515393519046,30.586105494112072,23,18,126,126,89,100.0,70.63492063492063,29.365079365079367,True
nuscenes_mini_subset,scene-0103,scene-0103_004,yaw,-0.5,deg,34784,34784,3061,8.800022999080037,30,3032,12.5893885581245,15.38704001213497,23,18,126,126,117,100.0,92.85714285714286,7.142857142857139,False
nuscenes_mini_subset,scene-0103,scene-0103_004,yaw,0.0,deg,34784,34784,3062,8.802897884084636,0,3062,0.0,0.0,23,18,126,126,126,100.0,100.0,0.0,False
nuscenes_mini_subset,scene-0103,scene-0103_004,yaw,0.5,deg,34784,34784,3052,8.774149034038638,37,3025,12.580594916357688,15.349684762731199,23,18,126,126,112,100.0,88.88888888888889,11.111111111111114,True
nuscenes_mini_subset,scene-0103,scene-0103_004,yaw,1.0,deg,34784,34784,3056,8.785648574057038,63,2999,25.1359648926773,30.55211412851498,23,18,126,126,92,100.0,73.01587301587301,26.984126984126988,True
nuscenes_mini_subset,scene-0103,scene-0103_004,yaw,2.0,deg,34784,34784,3065,8.811522539098435,117,2945,50.11845656479317,60.525563043563615,23,18,126,126,60,100.0,47.61904761904762,52.38095238095238,True
nuscenes_mini_subset,scene-0103,scene-0103_004,yaw,3.0,deg,34784,34784,3073,8.834521619135234,169,2893,74.99456515973338,90.11411198586339,23,18,126,126,47,100.0,37.301587301587304,62.698412698412696,True
nuscenes_mini_subset,scene-0103,scene-0103_004,translation,-10.0,cm,34784,34784,3062,8.802897884084636,21,3041,9.8384809326817,24.67257835160044,23,18,126,126,123,100.0,97.61904761904762,2.3809523809523796,False
nuscenes_mini_subset,scene-0103,scene-0103_004,translation,-5.0,cm,34784,34784,3058,8.791398344066238,14,3048,4.919534216829973,12.333479295871069,23,18,126,126,124,100.0,98.41269841269842,1.5873015873015817,False
nuscenes_mini_subset,scene-0103,scene-0103_004,translation,-2.0,cm,34784,34784,3058,8.791398344066238,5,3057,1.9678910884263578,4.931510631742211,23,18,126,126,126,100.0,100.0,0.0,False
nuscenes_mini_subset,scene-0103,scene-0103_004,translation,0.0,cm,34784,34784,3062,8.802897884084636,0,3062,0.0,0.0,23,18,126,126,126,100.0,100.0,0.0,False
nuscenes_mini_subset,scene-0103,scene-0103_004,translation,2.0,cm,34784,34784,3059,8.794273229070837,6,3056,1.9678458108285146,4.929945286498105,23,18,126,126,126,100.0,100.0,0.0,False
nuscenes_mini_subset,scene-0103,scene-0103_004,translation,5.0,cm,34784,34784,3056,8.785648574057038,11,3051,4.919610805107985,12.321442580908936,23,18,126,126,126,100.0,100.0,0.0,False
nuscenes_mini_subset,scene-0103,scene-0103_004,translation,10.0,cm,34784,34784,3055,8.782773689052437,23,3039,9.835503028751003,24.64046268114951,23,18,126,126,124,100.0,98.41269841269842,1.5873015873015817,False
nuscenes_mini_subset,scene-0103,scene-0103_004,small_yaw,-0.25,deg,34784,34784,3059,8.794273229070837,17,3045,6.299255906485164,7.702874602206918,23,18,126,126,123,100.0,97.61904761904762,2.3809523809523796,False
nuscenes_mini_subset,scene-0103,scene-0103_004,small_yaw,-0.1,deg,34784,34784,3058,8.791398344066238,8,3054,2.5210795096769276,3.08628815074989,23,18,126,126,126,100.0,100.0,0.0,False
nuscenes_mini_subset,scene-0103,scene-0103_004,small_yaw,0.1,deg,34784,34784,3056,8.785648574057038,9,3053,2.5203809687710854,3.0866412664599,23,18,126,126,125,100.0,99.2063492063492,0.7936507936507979,False
nuscenes_mini_subset,scene-0103,scene-0103_004,small_yaw,0.25,deg,34784,34784,3057,8.788523459061638,19,3043,6.297660501809881,7.701278858700529,23,18,126,126,122,100.0,96.82539682539682,3.1746031746031775,False
nuscenes_mini_subset,scene-0103,scene-0103_005,yaw,-3.0,deg,34720,34720,3055,8.798963133640553,166,2917,74.45214018406085,89.60542434260668,20,14,133,133,80,100.0,60.150375939849624,39.849624060150376,True
nuscenes_mini_subset,scene-0103,scene-0103_005,yaw,-2.0,deg,34720,34720,3064,8.824884792626728,106,2977,49.74851249282961,60.285171780560894,20,14,133,133,86,100.0,64.66165413533835,35.33834586466165,True
nuscenes_mini_subset,scene-0103,scene-0103_005,yaw,-1.0,deg,34720,34720,3074,8.853686635944701,50,3033,24.950944855292057,30.415090591241498,20,14,133,133,107,100.0,80.45112781954887,19.548872180451127,True
nuscenes_mini_subset,scene-0103,scene-0103_005,yaw,-0.5,deg,34720,34720,3077,8.862327188940093,26,3057,12.488513723957182,15.28093336769938,20,14,133,133,123,100.0,92.4812030075188,7.5187969924811995,False
nuscenes_mini_subset,scene-0103,scene-0103_005,yaw,0.0,deg,34720,34720,3083,8.879608294930875,0,3083,0.0,0.0,20,14,133,133,133,100.0,100.0,0.0,False
nuscenes_mini_subset,scene-0103,scene-0103_005,yaw,0.5,deg,34720,34720,3089,8.896889400921658,18,3065,12.490067137637892,15.291078956321506,20,14,133,133,125,100.0,93.98496240601504,6.015037593984957,False
nuscenes_mini_subset,scene-0103,scene-0103_005,yaw,1.0,deg,34720,34720,3087,8.891129032258064,43,3040,24.968944046647145,30.423421886724626,20,14,133,133,106,100.0,79.69924812030075,20.30075187969925,True
nuscenes_mini_subset,scene-0103,scene-0103_005,yaw,2.0,deg,34720,34720,3109,8.954493087557603,84,2999,49.8660436215772,60.344340896882485,20,14,133,133,76,100.0,57.142857142857146,42.857142857142854,True
nuscenes_mini_subset,scene-0103,scene-0103_005,yaw,3.0,deg,34720,34720,3122,8.991935483870968,128,2955,74.66781239729623,89.8259811677979,20,14,133,133,61,100.0,45.86466165413534,54.13533834586466,True
nuscenes_mini_subset,scene-0103,scene-0103_005,translation,-10.0,cm,34720,34720,3088,8.894009216589861,15,3068,9.897886548849165,26.900112880782796,20,14,133,133,127,100.0,95.48872180451127,4.511278195488728,False
nuscenes_mini_subset,scene-0103,scene-0103_005,translation,-5.0,cm,34720,34720,3087,8.891129032258064,6,3077,4.949447335850358,13.44195981403418,20,14,133,133,130,100.0,97.74436090225564,2.255639097744364,False
nuscenes_mini_subset,scene-0103,scene-0103_005,translation,-2.0,cm,34720,34720,3086,8.888248847926267,0,3083,1.9799999167097915,5.3752288543085465,20,14,133,133,133,100.0,100.0,0.0,False
nuscenes_mini_subset,scene-0103,scene-0103_005,translation,0.0,cm,34720,34720,3083,8.879608294930875,0,3083,0.0,0.0,20,14,133,133,133,100.0,100.0,0.0,False
nuscenes_mini_subset,scene-0103,scene-0103_005,translation,2.0,cm,34720,34720,3083,8.879608294930875,2,3081,1.9801198409983771,5.376067170488345,20,14,133,133,133,100.0,100.0,0.0,False
nuscenes_mini_subset,scene-0103,scene-0103_005,translation,5.0,cm,34720,34720,3079,8.868087557603687,11,3072,4.949836021863092,13.438102160022266,20,14,133,133,132,100.0,99.24812030075188,0.7518796992481214,False
nuscenes_mini_subset,scene-0103,scene-0103_005,translation,10.0,cm,34720,34720,3081,8.873847926267281,17,3066,9.899780866159986,26.861849787337512,20,14,133,133,131,100.0,98.49624060150376,1.5037593984962427,False
nuscenes_mini_subset,scene-0103,scene-0103_005,small_yaw,-0.25,deg,34720,34720,3082,8.876728110599078,12,3071,6.2454977113251795,7.662080032532552,20,14,133,133,128,100.0,96.2406015037594,3.759398496240607,False
nuscenes_mini_subset,scene-0103,scene-0103_005,small_yaw,-0.1,deg,34720,34720,3084,8.882488479262673,3,3080,2.500050724714889,3.0677234276881005,20,14,133,133,133,100.0,100.0,0.0,False
nuscenes_mini_subset,scene-0103,scene-0103_005,small_yaw,0.1,deg,34720,34720,3086,8.888248847926267,1,3082,2.5008472586894683,3.0701992748978855,20,14,133,133,133,100.0,100.0,0.0,False
nuscenes_mini_subset,scene-0103,scene-0103_005,small_yaw,0.25,deg,34720,34720,3089,8.896889400921658,9,3074,6.249261888168807,7.664537084520938,20,14,133,133,131,100.0,98.49624060150376,1.5037593984962427,False
nuscenes_mini_subset,scene-0103,scene-0103_006,yaw,-3.0,deg,34688,34688,3175,9.153021217712178,177,3003,74.91314224589091,89.90693681062444,16,12,65,64,24,98.46153846153847,36.92307692307692,61.53846153846155,True
nuscenes_mini_subset,scene-0103,scene-0103_006,yaw,-2.0,deg,34688,34688,3175,9.153021217712178,117,3063,50.06369902757492,60.46281067580468,16,12,65,64,38,98.46153846153847,58.46153846153846,40.00000000000001,True
nuscenes_mini_subset,scene-0103,scene-0103_006,yaw,-1.0,deg,34688,34688,3177,9.158786900369003,56,3124,25.121364259368264,30.53048159681778,16,12,65,64,46,98.46153846153847,70.76923076923077,27.692307692307693,True
nuscenes_mini_subset,scene-0103,scene-0103_006,yaw,-0.5,deg,34688,34688,3176,9.15590405904059,29,3151,12.57810515653598,15.32983575530291,16,12,65,64,56,98.46153846153847,86.15384615384616,12.307692307692307,True
nuscenes_mini_subset,scene-0103,scene-0103_006,yaw,0.0,deg,34688,34688,3180,9.167435424354244,0,3180,0.0,0.0,16,12,65,64,64,98.46153846153847,98.46153846153847,0.0,False
nuscenes_mini_subset,scene-0103,scene-0103_006,yaw,0.5,deg,34688,34688,3183,9.176083948339484,29,3151,12.582925730715878,15.358941489725634,16,12,65,64,61,98.46153846153847,93.84615384615384,4.615384615384627,False
nuscenes_mini_subset,scene-0103,scene-0103_006,yaw,1.0,deg,34688,34688,3183,9.176083948339484,60,3120,25.132301001169658,30.555598371330646,16,12,65,64,53,98.46153846153847,81.53846153846153,16.923076923076934,True
nuscenes_mini_subset,scene-0103,scene-0103_006,yaw,2.0,deg,34688,34688,3183,9.176083948339484,121,3059,50.12322558108755,60.53736941198537,16,12,65,64,36,98.46153846153847,55.38461538461539,43.07692307692308,True
nuscenes_mini_subset,scene-0103,scene-0103_006,yaw,3.0,deg,34688,34688,3183,9.176083948339484,182,2998,75.00395446653313,89.9970755157405,16,12,65,64,28,98.46153846153847,43.07692307692308,55.38461538461539,True
nuscenes_mini_subset,scene-0103,scene-0103_006,translation,-10.0,cm,34688,34688,3188,9.19049815498155,19,3161,9.55415933951729,25.921523429028493,16,12,65,64,65,98.46153846153847,100.0,-1.538461538461533,False
nuscenes_mini_subset,scene-0103,scene-0103_006,translation,-5.0,cm,34688,34688,3185,9.18184963099631,7,3173,4.777308868527826,12.961015495940337,16,12,65,64,65,98.46153846153847,100.0,-1.538461538461533,False
nuscenes_mini_subset,scene-0103,scene-0103_006,translation,-2.0,cm,34688,34688,3183,9.176083948339484,1,3179,1.9138207918462653,5.184527841647177,16,12,65,64,65,98.46153846153847,100.0,-1.538461538461533,False
nuscenes_mini_subset,scene-0103,scene-0103_006,translation,0.0,cm,34688,34688,3180,9.167435424354244,0,3180,0.0,0.0,16,12,65,64,64,98.46153846153847,98.46153846153847,0.0,False
nuscenes_mini_subset,scene-0103,scene-0103_006,translation,2.0,cm,34688,34688,3179,9.16455258302583,5,3175,1.9052675123587681,5.17954166036634,16,12,65,64,63,98.46153846153847,96.92307692307692,1.5384615384615472,False
nuscenes_mini_subset,scene-0103,scene-0103_006,translation,5.0,cm,34688,34688,3177,9.158786900369003,12,3168,4.752310658328335,12.93941620543369,16,12,65,64,63,98.46153846153847,96.92307692307692,1.5384615384615472,False
nuscenes_mini_subset,scene-0103,scene-0103_006,translation,10.0,cm,34688,34688,3170,9.13860701107011,26,3154,9.486655891712067,25.905074399875605,16,12,65,64,62,98.46153846153847,95.38461538461539,3.07692307692308,False
nuscenes_mini_subset,scene-0103,scene-0103_006,small_yaw,-0.25,deg,34688,34688,3181,9.170318265682656,15,3165,6.294532329131208,7.692343903639781,16,12,65,64,63,98.46153846153847,96.92307692307692,1.5384615384615472,False
nuscenes_mini_subset,scene-0103,scene-0103_006,small_yaw,-0.1,deg,34688,34688,3181,9.170318265682656,6,3174,2.519175940662593,3.0800050017028333,16,12,65,64,63,98.46153846153847,96.92307692307692,1.5384615384615472,False
nuscenes_mini_subset,scene-0103,scene-0103_006,small_yaw,0.1,deg,34688,34688,3182,9.17320110701107,4,3176,2.5199041480250024,3.0837252083844,16,12,65,64,65,98.46153846153847,100.0,-1.538461538461533,False
nuscenes_mini_subset,scene-0103,scene-0103_006,small_yaw,0.25,deg,34688,34688,3181,9.170318265682656,15,3165,6.298725868427038,7.695347041077587,16,12,65,64,64,98.46153846153847,98.46153846153847,0.0,False
nuscenes_mini_subset,scene-0103,scene-0103_007,yaw,-3.0,deg,34688,34688,3141,9.055004612546126,185,2958,75.0727465502668,90.00414101146102,17,14,146,146,97,100.0,66.43835616438356,33.56164383561644,True
nuscenes_mini_subset,scene-0103,scene-0103_007,yaw,-2.0,deg,34688,34688,3139,9.049238929889299,126,3017,50.13416054531873,60.52723331854601,17,14,146,146,113,100.0,77.3972602739726,22.602739726027394,True
nuscenes_mini_subset,scene-0103,scene-0103_007,yaw,-1.0,deg,34688,34688,3146,9.069418819188192,59,3084,25.136245434790567,30.53696930494312,17,14,146,146,128,100.0,87.67123287671232,12.328767123287676,True
nuscenes_mini_subset,scene-0103,scene-0103_007,yaw,-0.5,deg,34688,34688,3141,9.055004612546126,30,3113,12.583372276332408,15.344497432519752,17,14,146,146,139,100.0,95.20547945205479,4.794520547945211,False
nuscenes_mini_subset,scene-0103,scene-0103_007,yaw,0.0,deg,34688,34688,3143,9.060770295202952,0,3143,0.0,0.0,17,14,146,146,146,100.0,100.0,0.0,False
nuscenes_mini_subset,scene-0103,scene-0103_007,yaw,0.5,deg,34688,34688,3141,9.055004612546126,30,3113,12.586338402945538,15.353181477404016,17,14,146,146,143,100.0,97.94520547945206,2.0547945205479436,False
nuscenes_mini_subset,scene-0103,scene-0103_007,yaw,1.0,deg,34688,34688,3140,9.052121771217712,57,3086,25.13772240968489,30.58085217411373,17,14,146,146,136,100.0,93.15068493150685,6.849315068493155,False
nuscenes_mini_subset,scene-0103,scene-0103_007,yaw,2.0,deg,34688,34688,3139,9.049238929889299,120,3023,50.1283645939036,60.56356057649501,17,14,146,146,118,100.0,80.82191780821918,19.178082191780817,True
nuscenes_mini_subset,scene-0103,scene-0103_007,yaw,3.0,deg,34688,34688,3139,9.049238929889299,181,2962,74.97717623171755,90.04951348897205,17,14,146,146,109,100.0,74.65753424657534,25.342465753424662,True
nuscenes_mini_subset,scene-0103,scene-0103_007,translation,-10.0,cm,34688,34688,3147,9.072301660516604,19,3124,10.863208346141935,26.5929191579074,17,14,146,146,146,100.0,100.0,0.0,False
nuscenes_mini_subset,scene-0103,scene-0103_007,translation,-5.0,cm,34688,34688,3145,9.066535977859779,9,3134,5.431893942688059,13.304970541032565,17,14,146,146,146,100.0,100.0,0.0,False
nuscenes_mini_subset,scene-0103,scene-0103_007,translation,-2.0,cm,34688,34688,3148,9.075184501845019,1,3142,2.173058176102999,5.3204937943766435,17,14,146,146,146,100.0,100.0,0.0,False
nuscenes_mini_subset,scene-0103,scene-0103_007,translation,0.0,cm,34688,34688,3143,9.060770295202952,0,3143,0.0,0.0,17,14,146,146,146,100.0,100.0,0.0,False
nuscenes_mini_subset,scene-0103,scene-0103_007,translation,2.0,cm,34688,34688,3144,9.063653136531366,3,3140,2.172919868839069,5.321665975494387,17,14,146,146,146,100.0,100.0,0.0,False
nuscenes_mini_subset,scene-0103,scene-0103_007,translation,5.0,cm,34688,34688,3138,9.046356088560886,14,3129,5.432204605712217,13.296645891268188,17,14,146,146,146,100.0,100.0,0.0,False
nuscenes_mini_subset,scene-0103,scene-0103_007,translation,10.0,cm,34688,34688,3134,9.034824723247233,25,3118,10.859476084619775,26.57867888253205,17,14,146,146,145,100.0,99.31506849315069,0.6849315068493098,False
nuscenes_mini_subset,scene-0103,scene-0103_007,small_yaw,-0.25,deg,34688,34688,3140,9.052121771217712,19,3124,6.296677869725375,7.689387210120728,17,14,146,146,145,100.0,99.31506849315069,0.6849315068493098,False
nuscenes_mini_subset,scene-0103,scene-0103_007,small_yaw,-0.1,deg,34688,34688,3141,9.055004612546126,6,3137,2.519690382596635,3.0807044794989666,17,14,146,146,145,100.0,99.31506849315069,0.6849315068493098,False
nuscenes_mini_subset,scene-0103,scene-0103_007,small_yaw,0.1,deg,34688,34688,3144,9.063653136531366,5,3138,2.519986133825344,3.0837559106559596,17,14,146,146,146,100.0,100.0,0.0,False
nuscenes_mini_subset,scene-0103,scene-0103_007,small_yaw,0.25,deg,34688,34688,3142,9.057887453874539,15,3128,6.297040677391907,7.6957900077884425,17,14,146,146,146,100.0,100.0,0.0,False
nuscenes_mini_subset,scene-0103,scene-0103_008,yaw,-3.0,deg,34720,34720,2994,8.623271889400922,137,2831,74.87969709188945,89.85608804251227,17,14,144,144,95,100.0,65.97222222222223,34.02777777777777,True
nuscenes_mini_subset,scene-0103,scene-0103_008,yaw,-2.0,deg,34720,34720,3004,8.652073732718893,76,2892,50.03397800152629,60.462087323961796,17,14,144,144,110,100.0,76.38888888888889,23.611111111111114,True
nuscenes_mini_subset,scene-0103,scene-0103_008,yaw,-1.0,deg,34720,34720,2984,8.59447004608295,37,2931,25.0462856887069,30.512344917602444,17,14,144,144,125,100.0,86.80555555555556,13.194444444444443,True
nuscenes_mini_subset,scene-0103,scene-0103_008,yaw,-0.5,deg,34720,34720,2972,8.559907834101383,21,2947,12.533469652357985,15.348509915561104,17,14,144,144,139,100.0,96.52777777777777,3.4722222222222285,False
nuscenes_mini_subset,scene-0103,scene-0103_008,yaw,0.0,deg,34720,34720,2968,8.548387096774194,0,2968,0.0,0.0,17,14,144,144,144,100.0,100.0,0.0,False
nuscenes_mini_subset,scene-0103,scene-0103_008,yaw,0.5,deg,34720,34720,2970,8.554147465437788,29,2939,12.53124673267108,15.32310578681563,17,14,144,144,130,100.0,90.27777777777777,9.722222222222229,False
nuscenes_mini_subset,scene-0103,scene-0103_008,yaw,1.0,deg,34720,34720,2972,8.559907834101383,57,2911,25.015061756613623,30.478218337191187,17,14,144,144,114,100.0,79.16666666666667,20.83333333333333,True
nuscenes_mini_subset,scene-0103,scene-0103_008,yaw,2.0,deg,34720,34720,2978,8.577188940092165,111,2857,49.8783782089331,60.28669184671837,17,14,144,144,81,100.0,56.25,43.75,True
nuscenes_mini_subset,scene-0103,scene-0103_008,yaw,3.0,deg,34720,34720,2981,8.585829493087557,166,2802,74.64017871508746,89.6980311453248,17,14,144,144,53,100.0,36.80555555555556,63.19444444444444,True
nuscenes_mini_subset,scene-0103,scene-0103_008,translation,-10.0,cm,34720,34720,2975,8.568548387096774,21,2947,9.593389616455744,26.489990612397975,17,14,144,144,130,100.0,90.27777777777777,9.722222222222229,False
nuscenes_mini_subset,scene-0103,scene-0103_008,translation,-5.0,cm,34720,34720,2974,8.565668202764977,11,2957,4.799241146526302,13.291996090890086,17,14,144,144,137,100.0,95.13888888888889,4.861111111111114,False
nuscenes_mini_subset,scene-0103,scene-0103_008,translation,-2.0,cm,34720,34720,2970,8.554147465437788,4,2964,1.9199578003873403,5.327334089672405,17,14,144,144,141,100.0,97.91666666666667,2.0833333333333286,False
nuscenes_mini_subset,scene-0103,scene-0103_008,translation,0.0,cm,34720,34720,2968,8.548387096774194,0,2968,0.0,0.0,17,14,144,144,144,100.0,100.0,0.0,False
nuscenes_mini_subset,scene-0103,scene-0103_008,translation,2.0,cm,34720,34720,2965,8.539746543778802,7,2961,1.919149909483214,5.333407049638785,17,14,144,144,144,100.0,100.0,0.0,False
nuscenes_mini_subset,scene-0103,scene-0103_008,translation,5.0,cm,34720,34720,2964,8.536866359447005,13,2955,4.7942923917384315,13.33129239842198,17,14,144,144,144,100.0,100.0,0.0,False
nuscenes_mini_subset,scene-0103,scene-0103_008,translation,10.0,cm,34720,34720,2967,8.545506912442397,20,2948,9.475703055012229,26.657857594674446,17,14,144,144,143,100.0,99.30555555555556,0.6944444444444429,False
nuscenes_mini_subset,scene-0103,scene-0103_008,small_yaw,-0.25,deg,34720,34720,2967,8.545506912442397,13,2955,6.270485088957357,7.685773791705492,17,14,144,144,143,100.0,99.30555555555556,0.6944444444444429,False
nuscenes_mini_subset,scene-0103,scene-0103_008,small_yaw,-0.1,deg,34720,34720,2964,8.536866359447005,8,2960,2.508149709131743,3.0796554743750395,17,14,144,144,144,100.0,100.0,0.0,False
nuscenes_mini_subset,scene-0103,scene-0103_008,small_yaw,0.1,deg,34720,34720,2969,8.551267281105991,7,2961,2.5089659310611476,3.0784010612252493,17,14,144,144,141,100.0,97.91666666666667,2.0833333333333286,False
nuscenes_mini_subset,scene-0103,scene-0103_008,small_yaw,0.25,deg,34720,34720,2969,8.551267281105991,16,2952,6.267859342755131,7.682961617054713,17,14,144,144,137,100.0,95.13888888888889,4.861111111111114,False
nuscenes_mini_subset,scene-0103,scene-0103_009,yaw,-3.0,deg,34720,34720,3043,8.764400921658986,175,2869,74.84284568075664,89.85544090750457,17,15,120,120,70,100.0,58.333333333333336,41.666666666666664,True
nuscenes_mini_subset,scene-0103,scene-0103_009,yaw,-2.0,deg,34720,34720,3046,8.773041474654377,114,2930,50.033403484303605,60.459456488643,17,15,120,120,84,100.0,70.0,30.0,True
nuscenes_mini_subset,scene-0103,scene-0103_009,yaw,-1.0,deg,34720,34720,3046,8.773041474654377,55,2989,25.086062322030426,30.501752349626166,17,15,120,120,102,100.0,85.0,15.0,True
nuscenes_mini_subset,scene-0103,scene-0103_009,yaw,-0.5,deg,34720,34720,3046,8.773041474654377,27,3017,12.5609019732587,15.311394190187526,17,15,120,120,113,100.0,94.16666666666667,5.833333333333329,False
nuscenes_mini_subset,scene-0103,scene-0103_009,yaw,0.0,deg,34720,34720,3044,8.767281105990783,0,3044,0.0,0.0,17,15,120,120,120,100.0,100.0,0.0,False
nuscenes_mini_subset,scene-0103,scene-0103_009,yaw,0.5,deg,34720,34720,3040,8.755760368663594,29,3015,12.560228365093055,15.323454069808621,17,15,120,120,113,100.0,94.16666666666667,5.833333333333329,False
nuscenes_mini_subset,scene-0103,scene-0103_009,yaw,1.0,deg,34720,34720,3045,8.77016129032258,57,2987,25.089808596538848,30.49289159276875,17,15,120,120,101,100.0,84.16666666666667,15.833333333333329,True
nuscenes_mini_subset,scene-0103,scene-0103_009,yaw,2.0,deg,34720,34720,3033,8.735599078341014,113,2931,50.04800006841732,60.20980693176851,17,15,120,120,75,100.0,62.5,37.5,True
nuscenes_mini_subset,scene-0103,scene-0103_009,yaw,3.0,deg,34720,34720,3034,8.738479262672811,163,2881,74.91817267907874,89.74678418791832,17,15,120,120,57,100.0,47.5,52.5,True
nuscenes_mini_subset,scene-0103,scene-0103_009,translation,-10.0,cm,34720,34720,3044,8.767281105990783,18,3026,9.143909438698453,25.091988302164964,17,15,120,120,115,100.0,95.83333333333333,4.166666666666671,False
nuscenes_mini_subset,scene-0103,scene-0103_009,translation,-5.0,cm,34720,34720,3045,8.77016129032258,8,3036,4.572261244553427,12.542673866861422,17,15,120,120,118,100.0,98.33333333333333,1.6666666666666714,False
nuscenes_mini_subset,scene-0103,scene-0103_009,translation,-2.0,cm,34720,34720,3041,8.758640552995391,4,3040,1.8289983306179591,5.016651848584336,17,15,120,120,119,100.0,99.16666666666667,0.8333333333333286,False
nuscenes_mini_subset,scene-0103,scene-0103_009,translation,0.0,cm,34720,34720,3044,8.767281105990783,0,3044,0.0,0.0,17,15,120,120,120,100.0,100.0,0.0,False
nuscenes_mini_subset,scene-0103,scene-0103_009,translation,2.0,cm,34720,34720,3046,8.773041474654377,3,3041,1.8289856563208906,5.012253033956632,17,15,120,120,120,100.0,100.0,0.0,False
nuscenes_mini_subset,scene-0103,scene-0103_009,translation,5.0,cm,34720,34720,3041,8.758640552995391,12,3032,4.572764939841116,12.53674873900349,17,15,120,120,120,100.0,100.0,0.0,False
nuscenes_mini_subset,scene-0103,scene-0103_009,translation,10.0,cm,34720,34720,3041,8.758640552995391,20,3024,9.145445452852883,25.060531954708225,17,15,120,120,119,100.0,99.16666666666667,0.8333333333333286,False
nuscenes_mini_subset,scene-0103,scene-0103_009,small_yaw,-0.25,deg,34720,34720,3045,8.77016129032258,14,3030,6.2826991614243735,7.678397628072092,17,15,120,120,117,100.0,97.5,2.5,False
nuscenes_mini_subset,scene-0103,scene-0103_009,small_yaw,-0.1,deg,34720,34720,3045,8.77016129032258,6,3038,2.5143708818954114,3.07667514518691,17,15,120,120,120,100.0,100.0,0.0,False
nuscenes_mini_subset,scene-0103,scene-0103_009,small_yaw,0.1,deg,34720,34720,3040,8.755760368663594,7,3037,2.515046919090694,3.0744326682139174,17,15,120,120,118,100.0,98.33333333333333,1.6666666666666714,False
nuscenes_mini_subset,scene-0103,scene-0103_009,small_yaw,0.25,deg,34720,34720,3046,8.773041474654377,14,3030,6.285091904679475,7.686427110174819,17,15,120,120,118,100.0,98.33333333333333,1.6666666666666714,False
nuscenes_mini_subset,scene-0103,scene-0103_010,yaw,-3.0,deg,34720,34720,3091,8.902649769585253,186,2934,75.0886532683746,89.80351239406949,15,10,109,109,56,100.0,51.37614678899082,48.62385321100918,True
nuscenes_mini_subset,scene-0103,scene-0103_010,yaw,-2.0,deg,34720,34720,3108,8.951612903225806,124,2996,50.225023589807805,60.40885783820954,15,10,109,109,76,100.0,69.72477064220183,30.275229357798167,True
nuscenes_mini_subset,scene-0103,scene-0103_010,yaw,-1.0,deg,34720,34720,3114,8.96889400921659,61,3059,25.18732310880596,30.482922211184405,15,10,109,109,97,100.0,88.9908256880734,11.0091743119266,True
nuscenes_mini_subset,scene-0103,scene-0103_010,yaw,-0.5,deg,34720,34720,3120,8.986175115207374,28,3092,12.611574503837936,15.321812776395834,15,10,109,109,106,100.0,97.24770642201835,2.7522935779816464,False
nuscenes_mini_subset,scene-0103,scene-0103_010,yaw,0.0,deg,34720,34720,3120,8.986175115207374,0,3120,0.0,0.0,15,10,109,109,109,100.0,100.0,0.0,False
nuscenes_mini_subset,scene-0103,scene-0103_010,yaw,0.5,deg,34720,34720,3126,9.003456221198157,28,3092,12.611420462032953,15.315719513709903,15,10,109,109,105,100.0,96.3302752293578,3.6697247706422047,False
nuscenes_mini_subset,scene-0103,scene-0103_010,yaw,1.0,deg,34720,34720,3125,9.00057603686636,57,3063,25.18132555015764,30.511449805500146,15,10,109,109,96,100.0,88.07339449541284,11.926605504587158,True
nuscenes_mini_subset,scene-0103,scene-0103_010,yaw,2.0,deg,34720,34720,3126,9.003456221198157,119,3001,50.20320493076945,60.404972713298456,15,10,109,109,72,100.0,66.05504587155963,33.94495412844037,True
nuscenes_mini_subset,scene-0103,scene-0103_010,yaw,3.0,deg,34720,34720,3133,9.023617511520737,176,2944,75.12120401379727,89.83565727361683,15,10,109,109,58,100.0,53.211009174311926,46.788990825688074,True
nuscenes_mini_subset,scene-0103,scene-0103_010,translation,-10.0,cm,34720,34720,3129,9.012096774193548,15,3105,8.043224343859897,25.315763744580387,15,10,109,109,109,100.0,100.0,0.0,False
nuscenes_mini_subset,scene-0103,scene-0103_010,translation,-5.0,cm,34720,34720,3125,9.00057603686636,6,3114,4.024818904130505,12.654407755891226,15,10,109,109,109,100.0,100.0,0.0,False
nuscenes_mini_subset,scene-0103,scene-0103_010,translation,-2.0,cm,34720,34720,3123,8.994815668202765,2,3118,1.6100992864930002,5.0612265183219165,15,10,109,109,109,100.0,100.0,0.0,False
nuscenes_mini_subset,scene-0103,scene-0103_010,translation,0.0,cm,34720,34720,3120,8.986175115207374,0,3120,0.0,0.0,15,10,109,109,109,100.0,100.0,0.0,False
nuscenes_mini_subset,scene-0103,scene-0103_010,translation,2.0,cm,34720,34720,3120,8.986175115207374,2,3118,1.610687345590455,5.061638333352434,15,10,109,109,109,100.0,100.0,0.0,False
nuscenes_mini_subset,scene-0103,scene-0103_010,translation,5.0,cm,34720,34720,3116,8.974654377880185,10,3110,4.025078577262112,12.646537630162404,15,10,109,109,109,100.0,100.0,0.0,False
nuscenes_mini_subset,scene-0103,scene-0103_010,translation,10.0,cm,34720,34720,3113,8.966013824884792,25,3095,8.05070528761516,25.28813636045679,15,10,109,109,109,100.0,100.0,0.0,False
nuscenes_mini_subset,scene-0103,scene-0103_010,small_yaw,-0.25,deg,34720,34720,3120,8.986175115207374,16,3104,6.308337698406717,7.683910201032015,15,10,109,109,107,100.0,98.1651376146789,1.8348623853211024,False
nuscenes_mini_subset,scene-0103,scene-0103_010,small_yaw,-0.1,deg,34720,34720,3122,8.991935483870968,3,3117,2.524953362627696,3.0757047877525028,15,10,109,109,109,100.0,100.0,0.0,False
nuscenes_mini_subset,scene-0103,scene-0103_010,small_yaw,0.1,deg,34720,34720,3121,8.98905529953917,5,3115,2.525147418739907,3.0739988564481253,15,10,109,109,109,100.0,100.0,0.0,False
nuscenes_mini_subset,scene-0103,scene-0103_010,small_yaw,0.25,deg,34720,34720,3122,8.991935483870968,16,3104,6.309186903736679,7.6709556656917295,15,10,109,109,107,100.0,98.1651376146789,1.8348623853211024,False
nuscenes_mini_subset,scene-0103,scene-0103_011,yaw,-3.0,deg,34688,34688,3098,8.931042435424354,177,2920,75.41034387983396,90.3204059588977,14,13,106,106,62,100.0,58.490566037735846,41.509433962264154,True
nuscenes_mini_subset,scene-0103,scene-0103_011,yaw,-2.0,deg,34688,34688,3099,8.933925276752767,118,2979,50.40491407964537,60.75731431880684,14,13,106,106,72,100.0,67.9245283018868,32.075471698113205,True
nuscenes_mini_subset,scene-0103,scene-0103_011,yaw,-1.0,deg,34688,34688,3095,8.922393911439114,62,3035,25.279705941489855,30.666472868203552,14,13,106,106,89,100.0,83.9622641509434,16.037735849056602,True
nuscenes_mini_subset,scene-0103,scene-0103_011,yaw,-0.5,deg,34688,34688,3099,8.933925276752767,30,3067,12.668541416687207,15.403888891955907,14,13,106,106,97,100.0,91.50943396226415,8.490566037735846,False
nuscenes_mini_subset,scene-0103,scene-0103_011,yaw,0.0,deg,34688,34688,3097,8.928159594095941,0,3097,0.0,0.0,14,13,106,106,106,100.0,100.0,0.0,False
nuscenes_mini_subset,scene-0103,scene-0103_011,yaw,0.5,deg,34688,34688,3098,8.931042435424354,28,3069,12.68167240279504,15.422442950385715,14,13,106,106,105,100.0,99.05660377358491,0.9433962264150892,False
nuscenes_mini_subset,scene-0103,scene-0103_011,yaw,1.0,deg,34688,34688,3099,8.933925276752767,60,3037,25.32596722109777,30.69392652822521,14,13,106,106,97,100.0,91.50943396226415,8.490566037735846,False
nuscenes_mini_subset,scene-0103,scene-0103_011,yaw,2.0,deg,34688,34688,3103,8.945456642066421,117,2980,50.566936442876504,60.88246252545008,14,13,106,106,81,100.0,76.41509433962264,23.58490566037736,True
nuscenes_mini_subset,scene-0103,scene-0103_011,yaw,3.0,deg,34688,34688,3103,8.945456642066421,179,2918,75.68295097776314,90.48651720684789,14,13,106,106,68,100.0,64.15094339622641,35.84905660377359,True
nuscenes_mini_subset,scene-0103,scene-0103_011,translation,-10.0,cm,34688,34688,3105,8.951222324723247,16,3081,9.190709143218907,26.499746079551265,14,13,106,106,106,100.0,100.0,0.0,False
nuscenes_mini_subset,scene-0103,scene-0103_011,translation,-5.0,cm,34688,34688,3100,8.936808118081181,9,3088,4.5995443700856935,13.248154104814907,14,13,106,106,106,100.0,100.0,0.0,False
nuscenes_mini_subset,scene-0103,scene-0103_011,translation,-2.0,cm,34688,34688,3096,8.925276752767529,3,3094,1.8401350088670365,5.298524365878938,14,13,106,106,106,100.0,100.0,0.0,False
nuscenes_mini_subset,scene-0103,scene-0103_011,translation,0.0,cm,34688,34688,3097,8.928159594095941,0,3097,0.0,0.0,14,13,106,106,106,100.0,100.0,0.0,False
nuscenes_mini_subset,scene-0103,scene-0103_011,translation,2.0,cm,34688,34688,3095,8.922393911439114,5,3092,1.840471817697075,5.301749059026926,14,13,106,106,105,100.0,99.05660377358491,0.9433962264150892,False
nuscenes_mini_subset,scene-0103,scene-0103_011,translation,5.0,cm,34688,34688,3095,8.922393911439114,12,3085,4.600450702160459,13.252427145979762,14,13,106,106,105,100.0,99.05660377358491,0.9433962264150892,False
nuscenes_mini_subset,scene-0103,scene-0103_011,translation,10.0,cm,34688,34688,3090,8.907979704797048,25,3072,9.19557100407384,26.50144359651875,14,13,106,106,104,100.0,98.11320754716981,1.8867924528301927,False
nuscenes_mini_subset,scene-0103,scene-0103_011,small_yaw,-0.25,deg,34688,34688,3098,8.931042435424354,17,3080,6.338799447902382,7.721147838788498,14,13,106,106,104,100.0,98.11320754716981,1.8867924528301927,False
nuscenes_mini_subset,scene-0103,scene-0103_011,small_yaw,-0.1,deg,34688,34688,3097,8.928159594095941,6,3091,2.5377058561838433,3.09411093815483,14,13,106,106,105,100.0,99.05660377358491,0.9433962264150892,False
nuscenes_mini_subset,scene-0103,scene-0103_011,small_yaw,0.1,deg,34688,34688,3094,8.919511070110701,5,3092,2.538359444556938,3.0934124806644805,14,13,106,106,106,100.0,100.0,0.0,False
nuscenes_mini_subset,scene-0103,scene-0103_011,small_yaw,0.25,deg,34688,34688,3099,8.933925276752767,14,3083,6.341898108354367,7.731253253346528,14,13,106,106,106,100.0,100.0,0.0,False
nuscenes_mini_subset,scene-0103,scene-0103_012,yaw,-3.0,deg,34688,34688,3030,8.73500922509225,177,2846,75.60763025840944,90.83691648373704,14,13,140,140,93,100.0,66.42857142857143,33.57142857142857,True
nuscenes_mini_subset,scene-0103,scene-0103_012,yaw,-2.0,deg,34688,34688,3028,8.729243542435425,118,2905,50.55353558306547,61.12716420774444,14,13,140,140,109,100.0,77.85714285714286,22.14285714285714,True
nuscenes_mini_subset,scene-0103,scene-0103_012,yaw,-1.0,deg,34688,34688,3031,8.737892066420665,55,2968,25.343852148569994,30.84190765697049,14,13,140,140,129,100.0,92.14285714285714,7.857142857142861,False
nuscenes_mini_subset,scene-0103,scene-0103_012,yaw,-0.5,deg,34688,34688,3023,8.714829335793358,31,2992,12.691830862791758,15.481180036643519,14,13,140,140,135,100.0,96.42857142857143,3.5714285714285694,False
nuscenes_mini_subset,scene-0103,scene-0103_012,yaw,0.0,deg,34688,34688,3023,8.714829335793358,0,3023,0.0,0.0,14,13,140,140,140,100.0,100.0,0.0,False
nuscenes_mini_subset,scene-0103,scene-0103_012,yaw,0.5,deg,34688,34688,3016,8.694649446494465,32,2991,12.693129168039592,15.490794839000497,14,13,140,140,138,100.0,98.57142857142857,1.4285714285714306,False
nuscenes_mini_subset,scene-0103,scene-0103_012,yaw,1.0,deg,34688,34688,3020,8.706180811808117,61,2962,25.361284416173845,30.845747128234965,14,13,140,140,133,100.0,95.0,5.0,False
nuscenes_mini_subset,scene-0103,scene-0103_012,yaw,2.0,deg,34688,34688,3017,8.697532287822877,124,2899,50.56233949026805,61.129964889944326,14,13,140,140,114,100.0,81.42857142857143,18.57142857142857,True
nuscenes_mini_subset,scene-0103,scene-0103_012,yaw,3.0,deg,34688,34688,3013,8.686000922509225,184,2839,75.67579249351998,90.98058115792996,14,13,140,140,100,100.0,71.42857142857143,28.57142857142857,True
nuscenes_mini_subset,scene-0103,scene-0103_012,translation,-10.0,cm,34688,34688,3028,8.729243542435425,18,3005,9.701261721752518,26.35108683745353,14,13,140,140,140,100.0,100.0,0.0,False
nuscenes_mini_subset,scene-0103,scene-0103_012,translation,-5.0,cm,34688,34688,3023,8.714829335793358,10,3013,4.890929004253066,13.177588293195559,14,13,140,140,140,100.0,100.0,0.0,False
nuscenes_mini_subset,scene-0103,scene-0103_012,translation,-2.0,cm,34688,34688,3022,8.711946494464945,4,3019,1.9564202714211367,5.271313319416534,14,13,140,140,140,100.0,100.0,0.0,False
nuscenes_mini_subset,scene-0103,scene-0103_012,translation,0.0,cm,34688,34688,3023,8.714829335793358,0,3023,0.0,0.0,14,13,140,140,140,100.0,100.0,0.0,False
nuscenes_mini_subset,scene-0103,scene-0103_012,translation,2.0,cm,34688,34688,3021,8.709063653136532,5,3018,1.9441845050343929,5.271228534227077,14,13,140,140,140,100.0,100.0,0.0,False
nuscenes_mini_subset,scene-0103,scene-0103_012,translation,5.0,cm,34688,34688,3020,8.706180811808117,11,3012,4.860581443589561,13.16609219423545,14,13,140,140,140,100.0,100.0,0.0,False
nuscenes_mini_subset,scene-0103,scene-0103_012,translation,10.0,cm,34688,34688,3019,8.703297970479705,20,3003,9.699524377710036,26.355833529553756,14,13,140,140,140,100.0,100.0,0.0,False
nuscenes_mini_subset,scene-0103,scene-0103_012,small_yaw,-0.25,deg,34688,34688,3025,8.720595018450185,13,3010,6.350618404754283,7.766671186432029,14,13,140,140,140,100.0,100.0,0.0,False
nuscenes_mini_subset,scene-0103,scene-0103_012,small_yaw,-0.1,deg,34688,34688,3021,8.709063653136532,7,3016,2.542075366890902,3.1078381416192324,14,13,140,140,140,100.0,100.0,0.0,False
nuscenes_mini_subset,scene-0103,scene-0103_012,small_yaw,0.1,deg,34688,34688,3019,8.703297970479705,9,3014,2.540748008675267,3.1097701510657814,14,13,140,140,140,100.0,100.0,0.0,False
nuscenes_mini_subset,scene-0103,scene-0103_012,small_yaw,0.25,deg,34688,34688,3020,8.706180811808117,16,3007,6.3497023946452416,7.76977302327023,14,13,140,140,140,100.0,100.0,0.0,False
nuscenes_mini_subset,scene-0103,scene-0103_013,yaw,-3.0,deg,34688,34688,3050,8.792666051660516,160,2864,75.89163673767834,91.15662185589412,16,15,202,202,154,100.0,76.23762376237623,23.76237623762377,True
nuscenes_mini_subset,scene-0103,scene-0103_013,yaw,-2.0,deg,34688,34688,3030,8.73500922509225,114,2910,50.718317438173145,61.36018358085354,16,15,202,202,168,100.0,83.16831683168317,16.83168316831683,True
nuscenes_mini_subset,scene-0103,scene-0103_013,yaw,-1.0,deg,34688,34688,3028,8.729243542435425,59,2965,25.41226349047847,30.953042999653473,16,15,202,202,187,100.0,92.57425742574257,7.425742574257427,False
nuscenes_mini_subset,scene-0103,scene-0103_013,yaw,-0.5,deg,34688,34688,3025,8.720595018450185,33,2991,12.730201585647414,15.539425088799485,16,15,202,202,198,100.0,98.01980198019803,1.9801980198019749,False
nuscenes_mini_subset,scene-0103,scene-0103_013,yaw,0.0,deg,34688,34688,3024,8.717712177121772,0,3024,0.0,0.0,16,15,202,202,202,100.0,100.0,0.0,False
nuscenes_mini_subset,scene-0103,scene-0103_013,yaw,0.5,deg,34688,34688,3018,8.700415129151292,30,2994,12.72521728073947,15.55887912121389,16,15,202,202,200,100.0,99.00990099009901,0.9900990099009874,False
nuscenes_mini_subset,scene-0103,scene-0103_013,yaw,1.0,deg,34688,34688,3014,8.688883763837639,65,2959,25.413172197552573,30.932639407517787,16,15,202,202,194,100.0,96.03960396039604,3.960396039603964,False
nuscenes_mini_subset,scene-0103,scene-0103_013,yaw,2.0,deg,34688,34688,3014,8.688883763837639,127,2897,50.700838571779386,61.3088867297944,16,15,202,202,176,100.0,87.12871287128714,12.871287128712865,True
nuscenes_mini_subset,scene-0103,scene-0103_013,yaw,3.0,deg,34688,34688,3009,8.674469557195572,190,2834,75.87669839783815,90.95728431060918,16,15,202,202,160,100.0,79.20792079207921,20.792079207920793,True
nuscenes_mini_subset,scene-0103,scene-0103_013,translation,-10.0,cm,34688,34688,3029,8.732126383763838,16,3008,10.652314336113093,26.299249759663702,16,15,202,202,202,100.0,100.0,0.0,False
nuscenes_mini_subset,scene-0103,scene-0103_013,translation,-5.0,cm,34688,34688,3026,8.723477859778598,7,3017,5.32668660337278,13.157822569474499,16,15,202,202,202,100.0,100.0,0.0,False
nuscenes_mini_subset,scene-0103,scene-0103_013,translation,-2.0,cm,34688,34688,3022,8.711946494464945,4,3020,2.1311501526984826,5.263465674242236,16,15,202,202,202,100.0,100.0,0.0,False
nuscenes_mini_subset,scene-0103,scene-0103_013,translation,0.0,cm,34688,34688,3024,8.717712177121772,0,3024,0.0,0.0,16,15,202,202,202,100.0,100.0,0.0,False
nuscenes_mini_subset,scene-0103,scene-0103_013,translation,2.0,cm,34688,34688,3020,8.706180811808117,8,3016,2.1308062402781616,5.258262897108217,16,15,202,202,202,100.0,100.0,0.0,False
nuscenes_mini_subset,scene-0103,scene-0103_013,translation,5.0,cm,34688,34688,3020,8.706180811808117,14,3010,5.329282626508206,13.152231310209975,16,15,202,202,202,100.0,100.0,0.0,False
nuscenes_mini_subset,scene-0103,scene-0103_013,translation,10.0,cm,34688,34688,3018,8.700415129151292,25,2999,10.654847562313794,26.290455352267006,16,15,202,202,202,100.0,100.0,0.0,False
nuscenes_mini_subset,scene-0103,scene-0103_013,small_yaw,-0.25,deg,34688,34688,3022,8.711946494464945,18,3006,6.364848348377829,7.790215294131886,16,15,202,202,202,100.0,100.0,0.0,False
nuscenes_mini_subset,scene-0103,scene-0103_013,small_yaw,-0.1,deg,34688,34688,3021,8.709063653136532,11,3013,2.5473244914502624,3.119810059417027,16,15,202,202,202,100.0,100.0,0.0,False
nuscenes_mini_subset,scene-0103,scene-0103_013,small_yaw,0.1,deg,34688,34688,3021,8.709063653136532,7,3017,2.5478870962781324,3.1213275906534594,16,15,202,202,202,100.0,100.0,0.0,False
nuscenes_mini_subset,scene-0103,scene-0103_013,small_yaw,0.25,deg,34688,34688,3020,8.706180811808117,15,3009,6.369147591087513,7.795347089041708,16,15,202,202,202,100.0,100.0,0.0,False
nuscenes_mini_subset,scene-0103,scene-0103_014,yaw,-3.0,deg,34720,34720,3027,8.71831797235023,177,2836,76.10467099644961,91.70817874934683,17,14,310,310,267,100.0,86.12903225806451,13.870967741935488,True
nuscenes_mini_subset,scene-0103,scene-0103_014,yaw,-2.0,deg,34720,34720,3020,8.69815668202765,120,2893,50.90845882261702,61.68407474498681,17,14,310,310,285,100.0,91.93548387096774,8.064516129032256,False
nuscenes_mini_subset,scene-0103,scene-0103_014,yaw,-1.0,deg,34720,34720,3020,8.69815668202765,56,2957,25.529605647128136,31.10970391774408,17,14,310,310,301,100.0,97.09677419354838,2.9032258064516157,False
nuscenes_mini_subset,scene-0103,scene-0103_014,yaw,-0.5,deg,34720,34720,3020,8.69815668202765,25,2988,12.781579663325909,15.64059126579,17,14,310,310,308,100.0,99.35483870967742,0.6451612903225765,False
nuscenes_mini_subset,scene-0103,scene-0103_014,yaw,0.0,deg,34720,34720,3013,8.67799539170507,0,3013,0.0,0.0,17,14,310,310,310,100.0,100.0,0.0,False
nuscenes_mini_subset,scene-0103,scene-0103_014,yaw,0.5,deg,34720,34720,3012,8.675115207373272,32,2981,12.783145734282426,15.62685005337687,17,14,310,310,309,100.0,99.6774193548387,0.32258064516129537,False
nuscenes_mini_subset,scene-0103,scene-0103_014,yaw,1.0,deg,34720,34720,3006,8.65783410138249,63,2950,25.5369467396685,31.079605887811507,17,14,310,310,298,100.0,96.12903225806451,3.8709677419354875,False
nuscenes_mini_subset,scene-0103,scene-0103_014,yaw,2.0,deg,34720,34720,2995,8.626152073732719,121,2892,50.97408552531479,61.4989586105993,17,14,310,310,273,100.0,88.06451612903226,11.935483870967744,True
nuscenes_mini_subset,scene-0103,scene-0103_014,yaw,3.0,deg,34720,34720,2998,8.63479262672811,170,2843,76.35735263017827,91.57672845530679,17,14,310,310,256,100.0,82.58064516129032,17.41935483870968,True
nuscenes_mini_subset,scene-0103,scene-0103_014,translation,-10.0,cm,34720,34720,3016,8.68663594470046,21,2992,10.772359524964493,26.466420867008726,17,14,310,310,310,100.0,100.0,0.0,False
nuscenes_mini_subset,scene-0103,scene-0103_014,translation,-5.0,cm,34720,34720,3015,8.683755760368664,10,3003,5.386062222527213,13.227566920363852,17,14,310,310,310,100.0,100.0,0.0,False
nuscenes_mini_subset,scene-0103,scene-0103_014,translation,-2.0,cm,34720,34720,3015,8.683755760368664,4,3009,2.1547775600186405,5.295076751168393,17,14,310,310,310,100.0,100.0,0.0,False
nuscenes_mini_subset,scene-0103,scene-0103_014,translation,0.0,cm,34720,34720,3013,8.67799539170507,0,3013,0.0,0.0,17,14,310,310,310,100.0,100.0,0.0,False
nuscenes_mini_subset,scene-0103,scene-0103_014,translation,2.0,cm,34720,34720,3015,8.683755760368664,2,3011,2.155014578855398,5.295005645825847,17,14,310,310,310,100.0,100.0,0.0,False
nuscenes_mini_subset,scene-0103,scene-0103_014,translation,5.0,cm,34720,34720,3009,8.66647465437788,12,3001,5.386558675219613,13.2315153320381,17,14,310,310,310,100.0,100.0,0.0,False
nuscenes_mini_subset,scene-0103,scene-0103_014,translation,10.0,cm,34720,34720,3010,8.669354838709678,22,2991,10.773414592411736,26.45673375725905,17,14,310,310,310,100.0,100.0,0.0,False
nuscenes_mini_subset,scene-0103,scene-0103_014,small_yaw,-0.25,deg,34720,34720,3016,8.68663594470046,13,3000,6.394119084871965,7.836111212067766,17,14,310,310,310,100.0,100.0,0.0,False
nuscenes_mini_subset,scene-0103,scene-0103_014,small_yaw,-0.1,deg,34720,34720,3015,8.683755760368664,4,3009,2.558885395046375,3.1408813209336532,17,14,310,310,310,100.0,100.0,0.0,False
nuscenes_mini_subset,scene-0103,scene-0103_014,small_yaw,0.1,deg,34720,34720,3015,8.683755760368664,6,3007,2.5592892945295933,3.1403622080104596,17,14,310,310,310,100.0,100.0,0.0,False
nuscenes_mini_subset,scene-0103,scene-0103_014,small_yaw,0.25,deg,34720,34720,3012,8.675115207373272,16,2997,6.3918790731310065,7.83397369941285,17,14,310,310,310,100.0,100.0,0.0,False
nuscenes_mini_subset,scene-0103,scene-0103_015,yaw,-3.0,deg,34688,34688,2967,8.553390221402214,157,2778,76.70038740617508,92.0531453256696,18,13,372,372,285,100.0,76.61290322580645,23.38709677419355,True
nuscenes_mini_subset,scene-0103,scene-0103_015,yaw,-2.0,deg,34688,34688,2966,8.550507380073801,96,2839,51.314093536554665,61.961004488239375,18,13,372,372,316,100.0,84.94623655913979,15.053763440860209,True
nuscenes_mini_subset,scene-0103,scene-0103_015,yaw,-1.0,deg,34688,34688,2941,8.478436346863468,57,2878,25.704415240651123,31.230389249539293,18,13,372,372,340,100.0,91.39784946236558,8.602150537634415,False
nuscenes_mini_subset,scene-0103,scene-0103_015,yaw,-0.5,deg,34688,34688,2937,8.466904981549815,30,2905,12.874899933798426,15.695729725867928,18,13,372,372,356,100.0,95.6989247311828,4.3010752688172005,False
nuscenes_mini_subset,scene-0103,scene-0103_015,yaw,0.0,deg,34688,34688,2935,8.46113929889299,0,2935,0.0,0.0,18,13,372,372,372,100.0,100.0,0.0,False
nuscenes_mini_subset,scene-0103,scene-0103_015,yaw,0.5,deg,34688,34688,2941,8.478436346863468,25,2910,12.874325738858179,15.702295505086811,18,13,372,372,369,100.0,99.19354838709677,0.8064516129032313,False
nuscenes_mini_subset,scene-0103,scene-0103_015,yaw,1.0,deg,34688,34688,2943,8.484202029520295,55,2880,25.723404222176807,31.24950446471219,18,13,372,372,360,100.0,96.7741935483871,3.225806451612897,False
nuscenes_mini_subset,scene-0103,scene-0103_015,yaw,2.0,deg,34688,34688,2943,8.484202029520295,112,2823,51.342259998598124,62.03210872619063,18,13,372,372,336,100.0,90.3225806451613,9.677419354838705,False
nuscenes_mini_subset,scene-0103,scene-0103_015,yaw,3.0,deg,34688,34688,2940,8.475553505535055,174,2761,76.82931129639118,92.03643220677402,18,13,372,372,320,100.0,86.02150537634408,13.97849462365592,True
nuscenes_mini_subset,scene-0103,scene-0103_015,translation,-10.0,cm,34688,34688,2946,8.492850553505535,15,2920,11.442519781466615,26.392474339904346,18,13,372,372,372,100.0,100.0,0.0,False
nuscenes_mini_subset,scene-0103,scene-0103_015,translation,-5.0,cm,34688,34688,2940,8.475553505535055,7,2928,5.728103009315991,13.195580226391282,18,13,372,372,372,100.0,100.0,0.0,False
nuscenes_mini_subset,scene-0103,scene-0103_015,translation,-2.0,cm,34688,34688,2938,8.469787822878228,1,2934,2.2948824688451497,5.277958723714494,18,13,372,372,372,100.0,100.0,0.0,False
nuscenes_mini_subset,scene-0103,scene-0103_015,translation,0.0,cm,34688,34688,2935,8.46113929889299,0,2935,0.0,0.0,18,13,372,372,372,100.0,100.0,0.0,False
nuscenes_mini_subset,scene-0103,scene-0103_015,translation,2.0,cm,34688,34688,2939,8.472670664206642,2,2933,2.290515974573901,5.278544618715381,18,13,372,372,370,100.0,99.46236559139786,0.5376344086021447,False
nuscenes_mini_subset,scene-0103,scene-0103_015,translation,5.0,cm,34688,34688,2936,8.464022140221402,11,2924,5.7056086849120415,13.193390628609018,18,13,372,372,366,100.0,98.38709677419355,1.6129032258064484,False
nuscenes_mini_subset,scene-0103,scene-0103_015,translation,10.0,cm,34688,34688,2925,8.432310885608857,27,2908,11.370617170350474,26.385117450969243,18,13,372,372,360,100.0,96.7741935483871,3.225806451612897,False
nuscenes_mini_subset,scene-0103,scene-0103_015,small_yaw,-0.25,deg,34688,34688,2933,8.455373616236162,18,2917,6.437902994345033,7.864860004429145,18,13,372,372,365,100.0,98.11827956989248,1.8817204301075208,False
nuscenes_mini_subset,scene-0103,scene-0103_015,small_yaw,-0.1,deg,34688,34688,2939,8.472670664206642,4,2931,2.578060789915968,3.1517224316835817,18,13,372,372,369,100.0,99.19354838709677,0.8064516129032313,False
nuscenes_mini_subset,scene-0103,scene-0103_015,small_yaw,0.1,deg,34688,34688,2932,8.45249077490775,4,2931,2.5779832179255404,3.152725295651577,18,13,372,372,372,100.0,100.0,0.0,False
nuscenes_mini_subset,scene-0103,scene-0103_015,small_yaw,0.25,deg,34688,34688,2939,8.472670664206642,12,2923,6.443127492215599,7.866379560246213,18,13,372,372,371,100.0,99.73118279569893,0.26881720430107237,False
nuscenes_mini_subset,scene-0103,scene-0103_016,yaw,-3.0,deg,34720,34720,2975,8.568548387096774,152,2799,76.88226021712805,92.23026378577642,17,11,337,335,269,99.40652818991099,79.82195845697329,19.584569732937695,True
nuscenes_mini_subset,scene-0103,scene-0103_016,yaw,-2.0,deg,34720,34720,2967,8.545506912442397,98,2853,51.40783357337741,62.02650452136635,17,11,337,335,286,99.40652818991099,84.86646884272997,14.540059347181014,True
nuscenes_mini_subset,scene-0103,scene-0103_016,yaw,-1.0,deg,34720,34720,2965,8.539746543778802,43,2908,25.772105501299258,31.304327039315364,17,11,337,335,307,99.40652818991099,91.0979228486647,8.308605341246292,False
nuscenes_mini_subset,scene-0103,scene-0103_016,yaw,-0.5,deg,34720,34720,2962,8.53110599078341,17,2934,12.909633082119285,15.741036673360497,17,11,337,335,326,99.40652818991099,96.73590504451039,2.6706231454005973,False
nuscenes_mini_subset,scene-0103,scene-0103_016,yaw,0.0,deg,34720,34720,2951,8.49942396313364,0,2951,0.0,0.0,17,11,337,335,335,99.40652818991099,99.40652818991099,0.0,False
nuscenes_mini_subset,scene-0103,scene-0103_016,yaw,0.5,deg,34720,34720,2942,8.473502304147466,31,2920,12.898751689828664,15.748065435570059,17,11,337,335,332,99.40652818991099,98.51632047477744,0.8902077151335419,False
nuscenes_mini_subset,scene-0103,scene-0103_016,yaw,1.0,deg,34720,34720,2940,8.46774193548387,60,2891,25.769623098842196,31.382481395341276,17,11,337,335,323,99.40652818991099,95.84569732937686,3.560830860534125,False
nuscenes_mini_subset,scene-0103,scene-0103_016,yaw,2.0,deg,34720,34720,2938,8.461981566820276,121,2830,51.38849960889816,62.132766803341674,17,11,337,335,303,99.40652818991099,89.91097922848665,9.495548961424333,False
nuscenes_mini_subset,scene-0103,scene-0103_016,yaw,3.0,deg,34720,34720,2935,8.453341013824884,185,2766,76.90849810454367,92.27324802946652,17,11,337,335,286,99.40652818991099,84.86646884272997,14.540059347181014,True
nuscenes_mini_subset,scene-0103,scene-0103_016,translation,-10.0,cm,34720,34720,2953,8.505184331797235,17,2934,11.544714824708446,25.853017499315097,17,11,337,335,337,99.40652818991099,100.0,-0.5934718100890137,False
nuscenes_mini_subset,scene-0103,scene-0103_016,translation,-5.0,cm,34720,34720,2951,8.49942396313364,9,2942,5.7801906568980055,12.927183034913178,17,11,337,335,337,99.40652818991099,100.0,-0.5934718100890137,False
nuscenes_mini_subset,scene-0103,scene-0103_016,translation,-2.0,cm,34720,34720,2953,8.505184331797235,4,2947,2.3118076482596255,5.170813155572232,17,11,337,335,337,99.40652818991099,100.0,-0.5934718100890137,False
nuscenes_mini_subset,scene-0103,scene-0103_016,translation,0.0,cm,34720,34720,2951,8.49942396313364,0,2951,0.0,0.0,17,11,337,335,335,99.40652818991099,99.40652818991099,0.0,False
nuscenes_mini_subset,scene-0103,scene-0103_016,translation,2.0,cm,34720,34720,2951,8.49942396313364,4,2947,2.3065353254362346,5.1712710479613415,17,11,337,335,333,99.40652818991099,98.81305637982196,0.5934718100890279,False
nuscenes_mini_subset,scene-0103,scene-0103_016,translation,5.0,cm,34720,34720,2952,8.502304147465438,9,2942,5.746814223793028,12.925415463103162,17,11,337,335,332,99.40652818991099,98.51632047477744,0.8902077151335419,False
nuscenes_mini_subset,scene-0103,scene-0103_016,translation,10.0,cm,34720,34720,2951,8.49942396313364,19,2932,11.464974136157561,25.838147137379107,17,11,337,335,328,99.40652818991099,97.3293768545994,2.0771513353115836,False
nuscenes_mini_subset,scene-0103,scene-0103_016,small_yaw,-0.25,deg,34720,34720,2957,8.516705069124423,9,2942,6.4581128792091835,7.8921297288141465,17,11,337,335,332,99.40652818991099,98.51632047477744,0.8902077151335419,False
nuscenes_mini_subset,scene-0103,scene-0103_016,small_yaw,-0.1,deg,34720,34720,2954,8.508064516129032,3,2948,2.5836658153489127,3.160694129282014,17,11,337,335,333,99.40652818991099,98.81305637982196,0.5934718100890279,False
nuscenes_mini_subset,scene-0103,scene-0103_016,small_yaw,0.1,deg,34720,34720,2950,8.496543778801843,6,2945,2.58319780644152,3.162043689531364,17,11,337,335,337,99.40652818991099,100.0,-0.5934718100890137,False
nuscenes_mini_subset,scene-0103,scene-0103_016,small_yaw,0.25,deg,34720,34720,2945,8.482142857142858,15,2936,6.456221011758126,7.892937114616858,17,11,337,335,337,99.40652818991099,100.0,-0.5934718100890137,False
nuscenes_mini_subset,scene-0103,scene-0103_017,yaw,-3.0,deg,34720,34720,2950,8.496543778801843,165,2775,76.76998741091745,92.15668329086601,22,12,315,314,229,99.68253968253968,72.6984126984127,26.984126984126988,True
nuscenes_mini_subset,scene-0103,scene-0103_017,yaw,-2.0,deg,34720,34720,2942,8.473502304147466,113,2827,51.35219034549849,62.02078561257752,22,12,315,314,254,99.68253968253968,80.63492063492063,19.04761904761905,True
nuscenes_mini_subset,scene-0103,scene-0103_017,yaw,-1.0,deg,34720,34720,2949,8.493663594470046,51,2889,25.75505233754532,31.360382934401493,22,12,315,314,287,99.68253968253968,91.11111111111111,8.57142857142857,False
nuscenes_mini_subset,scene-0103,scene-0103_017,yaw,-0.5,deg,34720,34720,2951,8.49942396313364,24,2916,12.902258645980787,15.754854779260121,22,12,315,314,301,99.68253968253968,95.55555555555556,4.1269841269841265,False
nuscenes_mini_subset,scene-0103,scene-0103_017,yaw,0.0,deg,34720,34720,2940,8.46774193548387,0,2940,0.0,0.0,22,12,315,314,314,99.68253968253968,99.68253968253968,0.0,False
nuscenes_mini_subset,scene-0103,scene-0103_017,yaw,0.5,deg,34720,34720,2946,8.485023041474655,28,2912,12.899216218640987,15.766449963639747,22,12,315,314,313,99.68253968253968,99.36507936507937,0.31746031746031633,False
nuscenes_mini_subset,scene-0103,scene-0103_017,yaw,1.0,deg,34720,34720,2928,8.433179723502304,61,2879,25.763593312486147,31.37188754448599,22,12,315,314,302,99.68253968253968,95.87301587301587,3.80952380952381,False
nuscenes_mini_subset,scene-0103,scene-0103_017,yaw,2.0,deg,34720,34720,2904,8.36405529953917,121,2819,51.390769321001805,62.13284280642972,22,12,315,314,278,99.68253968253968,88.25396825396825,11.42857142857143,True
nuscenes_mini_subset,scene-0103,scene-0103_017,yaw,3.0,deg,34720,34720,2902,8.358294930875577,184,2756,76.90893919244252,92.38610353031277,22,12,315,314,256,99.68253968253968,81.26984126984127,18.41269841269842,True
nuscenes_mini_subset,scene-0103,scene-0103_017,translation,-10.0,cm,34720,34720,2943,8.476382488479263,18,2922,10.921134554594826,25.62827648837928,22,12,315,314,315,99.68253968253968,100.0,-0.31746031746031633,False
nuscenes_mini_subset,scene-0103,scene-0103_017,translation,-5.0,cm,34720,34720,2942,8.473502304147466,9,2931,5.456145970268864,12.808355305693649,22,12,315,314,315,99.68253968253968,100.0,-0.31746031746031633,False
nuscenes_mini_subset,scene-0103,scene-0103_017,translation,-2.0,cm,34720,34720,2941,8.470622119815669,2,2938,2.189165463655063,5.1273656015715146,22,12,315,314,315,99.68253968253968,100.0,-0.31746031746031633,False
nuscenes_mini_subset,scene-0103,scene-0103_017,translation,0.0,cm,34720,34720,2940,8.46774193548387,0,2940,0.0,0.0,22,12,315,314,314,99.68253968253968,99.68253968253968,0.0,False
nuscenes_mini_subset,scene-0103,scene-0103_017,translation,2.0,cm,34720,34720,2941,8.470622119815669,4,2936,2.1785764056666874,5.122536141675863,22,12,315,314,312,99.68253968253968,99.04761904761905,0.6349206349206327,False
nuscenes_mini_subset,scene-0103,scene-0103_017,translation,5.0,cm,34720,34720,2942,8.473502304147466,9,2931,5.431951551075823,12.81121651989626,22,12,315,314,308,99.68253968253968,97.77777777777777,1.9047619047619122,False
nuscenes_mini_subset,scene-0103,scene-0103_017,translation,10.0,cm,34720,34720,2940,8.46774193548387,20,2920,10.704283096414716,25.61080661016072,22,12,315,314,303,99.68253968253968,96.19047619047619,3.492063492063494,False
nuscenes_mini_subset,scene-0103,scene-0103_017,small_yaw,-0.25,deg,34720,34720,2945,8.482142857142858,13,2927,6.453609013435814,7.892160571802393,22,12,315,314,310,99.68253968253968,98.41269841269842,1.2698412698412653,False
nuscenes_mini_subset,scene-0103,scene-0103_017,small_yaw,-0.1,deg,34720,34720,2946,8.485023041474655,3,2937,2.5832053353611384,3.1618500089996133,22,12,315,314,312,99.68253968253968,99.04761904761905,0.6349206349206327,False
nuscenes_mini_subset,scene-0103,scene-0103_017,small_yaw,0.1,deg,34720,34720,2944,8.47926267281106,4,2936,2.583465172038877,3.1658334166197113,22,12,315,314,315,99.68253968253968,100.0,-0.31746031746031633,False
nuscenes_mini_subset,scene-0103,scene-0103_017,small_yaw,0.25,deg,34720,34720,2942,8.473502304147466,16,2924,6.45502018061005,7.901910568212219,22,12,315,314,315,99.68253968253968,100.0,-0.31746031746031633,False
nuscenes_mini_subset,scene-0103,scene-0103_018,yaw,-3.0,deg,34784,34784,2965,8.524034038638455,155,2783,76.65381052265221,92.33381581986153,23,11,334,334,242,100.0,72.45508982035928,27.544910179640723,True
nuscenes_mini_subset,scene-0103,scene-0103_018,yaw,-2.0,deg,34784,34784,2960,8.509659613615455,102,2836,51.23704646324569,62.12394269170176,23,11,334,334,275,100.0,82.33532934131736,17.66467065868264,True
nuscenes_mini_subset,scene-0103,scene-0103_018,yaw,-1.0,deg,34784,34784,2949,8.478035878564857,51,2887,25.68754991999449,31.37269039991245,23,11,334,334,309,100.0,92.51497005988024,7.485029940119759,False
nuscenes_mini_subset,scene-0103,scene-0103_018,yaw,-0.5,deg,34784,34784,2939,8.449287028518858,28,2910,12.858821769295409,15.752063904650722,23,11,334,334,320,100.0,95.80838323353294,4.191616766467064,False
nuscenes_mini_subset,scene-0103,scene-0103_018,yaw,0.0,deg,34784,34784,2938,8.446412143514259,0,2938,0.0,0.0,23,11,334,334,334,100.0,100.0,0.0,False
nuscenes_mini_subset,scene-0103,scene-0103_018,yaw,0.5,deg,34784,34784,2925,8.409038638454462,34,2904,12.85966523964478,15.740355174496461,23,11,334,334,331,100.0,99.10179640718563,0.8982035928143688,False
nuscenes_mini_subset,scene-0103,scene-0103_018,yaw,1.0,deg,34784,34784,2933,8.43203771849126,62,2876,25.68956759279618,31.345436196670814,23,11,334,334,325,100.0,97.30538922155688,2.6946107784431206,False
nuscenes_mini_subset,scene-0103,scene-0103_018,yaw,2.0,deg,34784,34784,2924,8.406163753449862,125,2813,51.27047274560128,62.08407269483929,23,11,334,334,303,100.0,90.7185628742515,9.281437125748496,False
nuscenes_mini_subset,scene-0103,scene-0103_018,yaw,3.0,deg,34784,34784,2898,8.331416743330267,187,2751,76.75289681990219,92.2998587275257,23,11,334,334,271,100.0,81.1377245508982,18.8622754491018,True
nuscenes_mini_subset,scene-0103,scene-0103_018,translation,-10.0,cm,34784,34784,2940,8.45216191352346,19,2919,10.337008847333712,25.59596527445932,23,11,334,334,334,100.0,100.0,0.0,False
nuscenes_mini_subset,scene-0103,scene-0103_018,translation,-5.0,cm,34784,34784,2938,8.446412143514259,10,2928,5.176603602911099,12.794836963990464,23,11,334,334,334,100.0,100.0,0.0,False
nuscenes_mini_subset,scene-0103,scene-0103_018,translation,-2.0,cm,34784,34784,2936,8.44066237350506,3,2935,2.067549245193442,5.116520958764842,23,11,334,334,334,100.0,100.0,0.0,False
nuscenes_mini_subset,scene-0103,scene-0103_018,translation,0.0,cm,34784,34784,2938,8.446412143514259,0,2938,0.0,0.0,23,11,334,334,334,100.0,100.0,0.0,False
nuscenes_mini_subset,scene-0103,scene-0103_018,translation,2.0,cm,34784,34784,2932,8.42916283348666,7,2931,2.0674308214338146,5.11474280104191,23,11,334,334,330,100.0,98.80239520958084,1.1976047904191631,False
nuscenes_mini_subset,scene-0103,scene-0103_018,translation,5.0,cm,34784,34784,2935,8.43778748850046,10,2928,5.154191900861876,12.772822666834335,23,11,334,334,328,100.0,98.20359281437126,1.7964071856287376,False
nuscenes_mini_subset,scene-0103,scene-0103_018,translation,10.0,cm,34784,34784,2932,8.42916283348666,23,2915,10.26935697603491,25.522317816704163,23,11,334,334,320,100.0,95.80838323353294,4.191616766467064,False
nuscenes_mini_subset,scene-0103,scene-0103_018,small_yaw,-0.25,deg,34784,34784,2939,8.449287028518858,14,2924,6.434723296602965,7.892573846557827,23,11,334,334,328,100.0,98.20359281437126,1.7964071856287376,False
nuscenes_mini_subset,scene-0103,scene-0103_018,small_yaw,-0.1,deg,34784,34784,2935,8.43778748850046,7,2931,2.575239879994402,3.1641003629179822,23,11,334,334,330,100.0,98.80239520958084,1.1976047904191631,False
nuscenes_mini_subset,scene-0103,scene-0103_018,small_yaw,0.1,deg,34784,34784,2932,8.42916283348666,8,2930,2.5758458523603736,3.163222866715477,23,11,334,334,334,100.0,100.0,0.0,False
nuscenes_mini_subset,scene-0103,scene-0103_018,small_yaw,0.25,deg,34784,34784,2931,8.426287948482061,18,2920,6.435834995991616,7.892787864827838,23,11,334,334,334,100.0,100.0,0.0,False
nuscenes_mini_subset,scene-0103,scene-0103_019,yaw,-3.0,deg,34784,34784,2994,8.60740570377185,145,2813,76.44390387861237,91.96215736915038,24,15,271,270,178,99.6309963099631,65.68265682656826,33.94833948339483,True
nuscenes_mini_subset,scene-0103,scene-0103_019,yaw,-2.0,deg,34784,34784,2982,8.572907083716652,97,2861,51.03753332066446,61.913350920355306,24,15,271,270,215,99.6309963099631,79.33579335793358,20.295202952029513,True
nuscenes_mini_subset,scene-0103,scene-0103_019,yaw,-1.0,deg,34784,34784,2966,8.526908923643054,50,2908,25.580231113261824,31.27247700298246,24,15,271,270,243,99.6309963099631,89.66789667896678,9.963099630996311,False
nuscenes_mini_subset,scene-0103,scene-0103_019,yaw,-0.5,deg,34784,34784,2955,8.495285188592456,32,2926,12.798489546468163,15.699866233270992,24,15,271,270,259,99.6309963099631,95.5719557195572,4.0590405904059,False
nuscenes_mini_subset,scene-0103,scene-0103_019,yaw,0.0,deg,34784,34784,2958,8.503909843606255,0,2958,0.0,0.0,24,15,271,270,270,99.6309963099631,99.6309963099631,0.0,False
nuscenes_mini_subset,scene-0103,scene-0103_019,yaw,0.5,deg,34784,34784,2949,8.478035878564857,31,2927,12.800233758258605,15.726489122286285,24,15,271,270,269,99.6309963099631,99.2619926199262,0.36900369003689093,False
nuscenes_mini_subset,scene-0103,scene-0103_019,yaw,1.0,deg,34784,34784,2946,8.469411223551058,62,2896,25.570339813905402,31.298315942572835,24,15,271,270,259,99.6309963099631,95.5719557195572,4.0590405904059,False
nuscenes_mini_subset,scene-0103,scene-0103_019,yaw,2.0,deg,34784,34784,2942,8.457911683532659,125,2833,51.01618281521373,61.96116586609416,24,15,271,270,236,99.6309963099631,87.08487084870849,12.546125461254604,True
nuscenes_mini_subset,scene-0103,scene-0103_019,yaw,3.0,deg,34784,34784,2933,8.43203771849126,183,2775,76.40002315284207,92.16056431096736,24,15,271,270,211,99.6309963099631,77.85977859778598,21.77121771217712,True
nuscenes_mini_subset,scene-0103,scene-0103_019,translation,-10.0,cm,34784,34784,2957,8.501034958601656,19,2939,9.553102316753488,25.288602546741668,24,15,271,270,271,99.6309963099631,100.0,-0.36900369003690514,False
nuscenes_mini_subset,scene-0103,scene-0103_019,translation,-5.0,cm,34784,34784,2959,8.506784728610855,8,2950,4.777294410980518,12.657871763116159,24,15,271,270,271,99.6309963099631,100.0,-0.36900369003690514,False
nuscenes_mini_subset,scene-0103,scene-0103_019,translation,-2.0,cm,34784,34784,2958,8.503909843606255,3,2955,1.9111839021097214,5.060768287115522,24,15,271,270,271,99.6309963099631,100.0,-0.36900369003690514,False
nuscenes_mini_subset,scene-0103,scene-0103_019,translation,0.0,cm,34784,34784,2958,8.503909843606255,0,2958,0.0,0.0,24,15,271,270,270,99.6309963099631,99.6309963099631,0.0,False
nuscenes_mini_subset,scene-0103,scene-0103_019,translation,2.0,cm,34784,34784,2952,8.486660533578657,11,2947,1.910194033928376,5.057686466280582,24,15,271,270,267,99.6309963099631,98.5239852398524,1.1070110701107012,False
nuscenes_mini_subset,scene-0103,scene-0103_019,translation,5.0,cm,34784,34784,2954,8.492410303587857,13,2945,4.775296370410915,12.641295652698812,24,15,271,270,265,99.6309963099631,97.7859778597786,1.8450184501844973,False
nuscenes_mini_subset,scene-0103,scene-0103_019,translation,10.0,cm,34784,34784,2949,8.478035878564857,26,2932,9.549771717315984,25.277769875666156,24,15,271,270,261,99.6309963099631,96.30996309963099,3.3210332103321036,False
nuscenes_mini_subset,scene-0103,scene-0103_019,small_yaw,-0.25,deg,34784,34784,2956,8.498160073597056,20,2938,6.4044845051990436,7.877182373747005,24,15,271,270,265,99.6309963099631,97.7859778597786,1.8450184501844973,False
nuscenes_mini_subset,scene-0103,scene-0103_019,small_yaw,-0.1,deg,34784,34784,2952,8.486660533578657,12,2946,2.5622228534213694,3.1552014448011416,24,15,271,270,267,99.6309963099631,98.5239852398524,1.1070110701107012,False
nuscenes_mini_subset,scene-0103,scene-0103_019,small_yaw,0.1,deg,34784,34784,2956,8.498160073597056,6,2952,2.562912207524935,3.157578994271991,24,15,271,270,271,99.6309963099631,100.0,-0.36900369003690514,False
nuscenes_mini_subset,scene-0103,scene-0103_019,small_yaw,0.25,deg,34784,34784,2947,8.472286108555657,17,2941,6.4047726751682585,7.881759910746772,24,15,271,270,271,99.6309963099631,100.0,-0.36900369003690514,False
nuscenes_mini_subset,scene-0103,scene-0103_020,yaw,-3.0,deg,34752,34752,3019,8.687269797421731,156,2834,76.30325024730669,91.61828840081601,26,17,256,256,157,100.0,61.328125,38.671875,True
nuscenes_mini_subset,scene-0103,scene-0103_020,yaw,-2.0,deg,34752,34752,3009,8.658494475138122,104,2886,50.94600678548922,61.71860090545635,26,17,256,256,192,100.0,75.0,25.0,True
nuscenes_mini_subset,scene-0103,scene-0103_020,yaw,-1.0,deg,34752,34752,3002,8.638351749539595,49,2941,25.518798103020785,31.17525117181669,26,17,256,256,226,100.0,88.28125,11.71875,True
nuscenes_mini_subset,scene-0103,scene-0103_020,yaw,-0.5,deg,34752,34752,3001,8.635474217311234,21,2969,12.779871386529116,15.67043129886967,26,17,256,256,245,100.0,95.703125,4.296875,False
nuscenes_mini_subset,scene-0103,scene-0103_020,yaw,0.0,deg,34752,34752,2990,8.603821362799263,0,2990,0.0,0.0,26,17,256,256,256,100.0,100.0,0.0,False
nuscenes_mini_subset,scene-0103,scene-0103_020,yaw,0.5,deg,34752,34752,2982,8.580801104972375,28,2962,12.778571831757002,15.695279154816555,26,17,256,256,250,100.0,97.65625,2.34375,False
nuscenes_mini_subset,scene-0103,scene-0103_020,yaw,1.0,deg,34752,34752,2973,8.554903314917127,61,2929,25.524527018357325,31.236022861263244,26,17,256,256,244,100.0,95.3125,4.6875,False
nuscenes_mini_subset,scene-0103,scene-0103_020,yaw,2.0,deg,34752,34752,2965,8.531883057090239,124,2866,50.93450604874439,61.8186812115429,26,17,256,256,218,100.0,85.15625,14.84375,True
nuscenes_mini_subset,scene-0103,scene-0103_020,yaw,3.0,deg,34752,34752,2960,8.517495395948435,181,2809,76.22615011106309,91.94083547516605,26,17,256,256,187,100.0,73.046875,26.953125,True
nuscenes_mini_subset,scene-0103,scene-0103_020,translation,-10.0,cm,34752,34752,2992,8.609576427255986,16,2974,9.560858425058564,25.208005517415742,26,17,256,256,256,100.0,100.0,0.0,False
nuscenes_mini_subset,scene-0103,scene-0103_020,translation,-5.0,cm,34752,34752,2994,8.615331491712707,5,2985,4.779748538957321,12.600083355896393,26,17,256,256,256,100.0,100.0,0.0,False
nuscenes_mini_subset,scene-0103,scene-0103_020,translation,-2.0,cm,34752,34752,2994,8.615331491712707,0,2990,1.912294227041116,5.0399644865625675,26,17,256,256,256,100.0,100.0,0.0,False
nuscenes_mini_subset,scene-0103,scene-0103_020,translation,0.0,cm,34752,34752,2990,8.603821362799263,0,2990,0.0,0.0,26,17,256,256,256,100.0,100.0,0.0,False
nuscenes_mini_subset,scene-0103,scene-0103_020,translation,2.0,cm,34752,34752,2993,8.612453959484347,3,2987,1.9115701118978699,5.040625492432579,26,17,256,256,255,100.0,99.609375,0.390625,False
nuscenes_mini_subset,scene-0103,scene-0103_020,translation,5.0,cm,34752,34752,2993,8.612453959484347,8,2982,4.775886313283109,12.599214149893362,26,17,256,256,251,100.0,98.046875,1.953125,False
nuscenes_mini_subset,scene-0103,scene-0103_020,translation,10.0,cm,34752,34752,2994,8.615331491712707,17,2973,9.546300060190813,25.191742145819912,26,17,256,256,248,100.0,96.875,3.125,False
nuscenes_mini_subset,scene-0103,scene-0103_020,small_yaw,-0.25,deg,34752,34752,2999,8.629719152854513,9,2981,6.39469177515149,7.85684046215452,26,17,256,256,252,100.0,98.4375,1.5625,False
nuscenes_mini_subset,scene-0103,scene-0103_020,small_yaw,-0.1,deg,34752,34752,2995,8.618209023941068,3,2987,2.5580867860852132,3.1465131369863837,26,17,256,256,255,100.0,99.609375,0.390625,False
nuscenes_mini_subset,scene-0103,scene-0103_020,small_yaw,0.1,deg,34752,34752,2994,8.615331491712707,3,2987,2.558086912551491,3.1519884600593193,26,17,256,256,256,100.0,100.0,0.0,False
nuscenes_mini_subset,scene-0103,scene-0103_020,small_yaw,0.25,deg,34752,34752,2986,8.59231123388582,13,2977,6.392104809061901,7.867850110120522,26,17,256,256,255,100.0,99.609375,0.390625,False
nuscenes_mini_subset,scene-0103,scene-0103_021,yaw,-3.0,deg,34752,34752,3009,8.658494475138122,170,2826,76.21693951352829,91.54895276843042,28,19,246,245,164,99.59349593495935,66.66666666666667,32.92682926829268,True
nuscenes_mini_subset,scene-0103,scene-0103_021,yaw,-2.0,deg,34752,34752,3008,8.655616942909761,111,2885,50.90483103820185,61.80393489247058,28,19,246,245,187,99.59349593495935,76.01626016260163,23.577235772357724,True
nuscenes_mini_subset,scene-0103,scene-0103_021,yaw,-1.0,deg,34752,34752,3003,8.641229281767956,54,2942,25.52141187779067,31.08358733758794,28,19,246,245,216,99.59349593495935,87.8048780487805,11.788617886178855,True
nuscenes_mini_subset,scene-0103,scene-0103_021,yaw,-0.5,deg,34752,34752,3002,8.638351749539595,24,2972,12.779126147348448,15.591102631539545,28,19,246,245,232,99.59349593495935,94.3089430894309,5.284552845528452,False
nuscenes_mini_subset,scene-0103,scene-0103_021,yaw,0.0,deg,34752,34752,2996,8.621086556169429,0,2996,0.0,0.0,28,19,246,245,245,99.59349593495935,99.59349593495935,0.0,False
nuscenes_mini_subset,scene-0103,scene-0103_021,yaw,0.5,deg,34752,34752,2999,8.629719152854513,28,2968,12.773625617479595,15.611566977399034,28,19,246,245,239,99.59349593495935,97.15447154471545,2.439024390243901,False
nuscenes_mini_subset,scene-0103,scene-0103_021,yaw,1.0,deg,34752,34752,2987,8.59518876611418,61,2935,25.52317682351139,31.065468081954382,28,19,246,245,227,99.59349593495935,92.27642276422765,7.317073170731703,False
nuscenes_mini_subset,scene-0103,scene-0103_021,yaw,2.0,deg,34752,34752,2971,8.549148250460405,124,2872,50.93258236666739,61.52289075439095,28,19,246,245,208,99.59349593495935,84.55284552845528,15.04065040650407,True
nuscenes_mini_subset,scene-0103,scene-0103_021,yaw,3.0,deg,34752,34752,2960,8.517495395948435,185,2811,76.21736078982903,91.43870847607171,28,19,246,245,186,99.59349593495935,75.60975609756098,23.983739837398375,True
nuscenes_mini_subset,scene-0103,scene-0103_021,translation,-10.0,cm,34752,34752,2998,8.62684162062615,18,2978,9.824580378532527,25.134911914377767,28,19,246,245,246,99.59349593495935,100.0,-0.4065040650406502,False
nuscenes_mini_subset,scene-0103,scene-0103_021,translation,-5.0,cm,34752,34752,2999,8.629719152854513,8,2988,4.916057674609901,12.56176856205608,28,19,246,245,246,99.59349593495935,100.0,-0.4065040650406502,False
nuscenes_mini_subset,scene-0103,scene-0103_021,translation,-2.0,cm,34752,34752,3001,8.635474217311234,2,2994,1.966472506257512,5.023526135638757,28,19,246,245,246,99.59349593495935,100.0,-0.4065040650406502,False
nuscenes_mini_subset,scene-0103,scene-0103_021,translation,0.0,cm,34752,34752,2996,8.621086556169429,0,2996,0.0,0.0,28,19,246,245,245,99.59349593495935,99.59349593495935,0.0,False
nuscenes_mini_subset,scene-0103,scene-0103_021,translation,2.0,cm,34752,34752,2997,8.62396408839779,2,2994,1.9651143231059698,5.02395837535078,28,19,246,245,245,99.59349593495935,99.59349593495935,0.0,False
nuscenes_mini_subset,scene-0103,scene-0103_021,translation,5.0,cm,34752,34752,2996,8.621086556169429,8,2988,4.9067529660223554,12.556049078752585,28,19,246,245,242,99.59349593495935,98.3739837398374,1.2195121951219505,False
nuscenes_mini_subset,scene-0103,scene-0103_021,translation,10.0,cm,34752,34752,3001,8.635474217311234,12,2984,9.807188766853066,25.110224069933206,28,19,246,245,239,99.59349593495935,97.15447154471545,2.439024390243901,False
nuscenes_mini_subset,scene-0103,scene-0103_021,small_yaw,-0.25,deg,34752,34752,3003,8.641229281767956,9,2987,6.393412098152962,7.818312409919321,28,19,246,245,240,99.59349593495935,97.5609756097561,2.032520325203251,False
nuscenes_mini_subset,scene-0103,scene-0103_021,small_yaw,-0.1,deg,34752,34752,2998,8.62684162062615,3,2993,2.558133428684832,3.1318379439382253,28,19,246,245,244,99.59349593495935,99.1869918699187,0.4065040650406502,False
nuscenes_mini_subset,scene-0103,scene-0103_021,small_yaw,0.1,deg,34752,34752,3002,8.638351749539595,5,2991,2.557529312285063,3.13013717961963,28,19,246,245,245,99.59349593495935,99.59349593495935,0.0,False
nuscenes_mini_subset,scene-0103,scene-0103_021,small_yaw,0.25,deg,34752,34752,2998,8.62684162062615,15,2981,6.391301048996138,7.818021778331446,28,19,246,245,244,99.59349593495935,99.1869918699187,0.4065040650406502,False
nuscenes_mini_subset,scene-0103,scene-0103_022,yaw,-3.0,deg,34752,34752,2982,8.580801104972375,138,2805,76.21852705406461,91.45702978473349,27,18,226,226,170,100.0,75.22123893805309,24.77876106194691,True
nuscenes_mini_subset,scene-0103,scene-0103_022,yaw,-2.0,deg,34752,34752,2979,8.572168508287293,83,2860,50.91200591264413,61.58097032551263,27,18,226,226,190,100.0,84.070796460177,15.929203539823007,True
nuscenes_mini_subset,scene-0103,scene-0103_022,yaw,-1.0,deg,34752,34752,2963,8.526127992633517,37,2906,25.49920600197666,31.08121506419844,27,18,226,226,208,100.0,92.03539823008849,7.964601769911511,False
nuscenes_mini_subset,scene-0103,scene-0103_022,yaw,-0.5,deg,34752,34752,2954,8.500230202578269,15,2928,12.759437899362272,15.616169004387732,27,18,226,226,217,100.0,96.01769911504425,3.982300884955748,False
nuscenes_mini_subset,scene-0103,scene-0103_022,yaw,0.0,deg,34752,34752,2943,8.4685773480663,0,2943,0.0,0.0,27,18,226,226,226,100.0,100.0,0.0,False
nuscenes_mini_subset,scene-0103,scene-0103_022,yaw,0.5,deg,34752,34752,2935,8.445557090239411,26,2917,12.761753063775771,15.63907368954435,27,18,226,226,218,100.0,96.46017699115045,3.5398230088495524,False
nuscenes_mini_subset,scene-0103,scene-0103_022,yaw,1.0,deg,34752,34752,2927,8.422536832412524,55,2888,25.481882348228787,31.088469977821404,27,18,226,226,204,100.0,90.26548672566372,9.73451327433628,False
nuscenes_mini_subset,scene-0103,scene-0103_022,yaw,2.0,deg,34752,34752,2928,8.425414364640885,111,2832,50.841461067766694,61.543659963158845,27,18,226,226,187,100.0,82.7433628318584,17.256637168141594,True
nuscenes_mini_subset,scene-0103,scene-0103_022,yaw,3.0,deg,34752,34752,2942,8.465699815837937,163,2780,76.06021198133979,91.5217884653684,27,18,226,226,159,100.0,70.35398230088495,29.64601769911505,True
nuscenes_mini_subset,scene-0103,scene-0103_022,translation,-10.0,cm,34752,34752,2943,8.4685773480663,15,2928,10.349409703258832,25.035164936904398,27,18,226,226,223,100.0,98.67256637168141,1.3274336283185875,False
nuscenes_mini_subset,scene-0103,scene-0103_022,translation,-5.0,cm,34752,34752,2940,8.459944751381215,10,2933,5.212630032824617,12.533605198467587,27,18,226,226,224,100.0,99.11504424778761,0.8849557522123916,False
nuscenes_mini_subset,scene-0103,scene-0103_022,translation,-2.0,cm,34752,34752,2944,8.47145488029466,4,2939,2.0869867286650723,5.009849575377823,27,18,226,226,225,100.0,99.5575221238938,0.4424778761061958,False
nuscenes_mini_subset,scene-0103,scene-0103_022,translation,0.0,cm,34752,34752,2943,8.4685773480663,0,2943,0.0,0.0,27,18,226,226,226,100.0,100.0,0.0,False
nuscenes_mini_subset,scene-0103,scene-0103_022,translation,2.0,cm,34752,34752,2943,8.4685773480663,3,2940,2.086124586885885,5.009637563680077,27,18,226,226,226,100.0,100.0,0.0,False
nuscenes_mini_subset,scene-0103,scene-0103_022,translation,5.0,cm,34752,34752,2944,8.47145488029466,7,2936,5.193284750969073,12.519906318005035,27,18,226,226,226,100.0,100.0,0.0,False
nuscenes_mini_subset,scene-0103,scene-0103_022,translation,10.0,cm,34752,34752,2944,8.47145488029466,17,2926,10.315792699941154,25.03545252050923,27,18,226,226,226,100.0,100.0,0.0,False
nuscenes_mini_subset,scene-0103,scene-0103_022,small_yaw,-0.25,deg,34752,34752,2950,8.488720073664824,7,2936,6.384107510188623,7.831215682509174,27,18,226,226,223,100.0,98.67256637168141,1.3274336283185875,False
nuscenes_mini_subset,scene-0103,scene-0103_022,small_yaw,-0.1,deg,34752,34752,2943,8.4685773480663,4,2939,2.5543557640927395,3.1356944332399155,27,18,226,226,226,100.0,100.0,0.0,False
nuscenes_mini_subset,scene-0103,scene-0103_022,small_yaw,0.1,deg,34752,34752,2943,8.4685773480663,5,2938,2.5544382101717753,3.1361508372352263,27,18,226,226,225,100.0,99.5575221238938,0.4424778761061958,False
nuscenes_mini_subset,scene-0103,scene-0103_022,small_yaw,0.25,deg,34752,34752,2939,8.457067219152854,13,2930,6.383250729920084,7.831854346688416,27,18,226,226,223,100.0,98.67256637168141,1.3274336283185875,False
nuscenes_mini_subset,scene-0103,scene-0103_023,yaw,-3.0,deg,34720,34720,2985,8.597350230414747,165,2827,76.269719291365,91.67178142483104,27,14,243,243,185,100.0,76.13168724279835,23.86831275720165,True
nuscenes_mini_subset,scene-0103,scene-0103_023,yaw,-2.0,deg,34720,34720,2986,8.600230414746544,109,2883,50.963502921970104,61.68483971110892,27,14,243,243,201,100.0,82.71604938271605,17.28395061728395,True
nuscenes_mini_subset,scene-0103,scene-0103_023,yaw,-1.0,deg,34720,34720,2988,8.605990783410139,58,2934,25.536763811559005,31.137923277466776,27,14,243,243,220,100.0,90.53497942386831,9.465020576131693,False
nuscenes_mini_subset,scene-0103,scene-0103_023,yaw,-0.5,deg,34720,34720,2988,8.605990783410139,31,2961,12.79296504413161,15.651445477007954,27,14,243,243,235,100.0,96.70781893004116,3.2921810699588434,False
nuscenes_mini_subset,scene-0103,scene-0103_023,yaw,0.0,deg,34720,34720,2992,8.617511520737327,0,2992,0.0,0.0,27,14,243,243,243,100.0,100.0,0.0,False
nuscenes_mini_subset,scene-0103,scene-0103_023,yaw,0.5,deg,34720,34720,2985,8.597350230414747,30,2962,12.776957014910218,15.633822540487706,27,14,243,243,228,100.0,93.82716049382717,6.172839506172835,False
nuscenes_mini_subset,scene-0103,scene-0103_023,yaw,1.0,deg,34720,34720,2988,8.605990783410139,58,2934,25.51634608835233,31.11163122174356,27,14,243,243,209,100.0,86.0082304526749,13.991769547325106,True
nuscenes_mini_subset,scene-0103,scene-0103_023,yaw,2.0,deg,34720,34720,2987,8.603110599078342,115,2877,50.89940232400413,61.58932667667359,27,14,243,243,180,100.0,74.07407407407408,25.925925925925924,True
nuscenes_mini_subset,scene-0103,scene-0103_023,yaw,3.0,deg,34720,34720,2979,8.580069124423963,172,2820,76.14661356018556,91.57112245448187,27,14,243,243,151,100.0,62.13991769547325,37.86008230452675,True
nuscenes_mini_subset,scene-0103,scene-0103_023,translation,-10.0,cm,34720,34720,2985,8.597350230414747,23,2969,10.15908972922155,24.952782736817564,27,14,243,243,234,100.0,96.29629629629629,3.7037037037037095,False
nuscenes_mini_subset,scene-0103,scene-0103_023,translation,-5.0,cm,34720,34720,2986,8.600230414746544,14,2978,5.0871697052605915,12.480264038139806,27,14,243,243,237,100.0,97.53086419753086,2.4691358024691397,False
nuscenes_mini_subset,scene-0103,scene-0103_023,translation,-2.0,cm,34720,34720,2987,8.603110599078342,7,2985,2.0398010885891193,4.991687241073604,27,14,243,243,241,100.0,99.17695473251028,0.823045267489718,False
nuscenes_mini_subset,scene-0103,scene-0103_023,translation,0.0,cm,34720,34720,2992,8.617511520737327,0,2992,0.0,0.0,27,14,243,243,243,100.0,100.0,0.0,False
nuscenes_mini_subset,scene-0103,scene-0103_023,translation,2.0,cm,34720,34720,2990,8.611751152073733,6,2986,2.0349892235321994,4.989253378431472,27,14,243,243,243,100.0,100.0,0.0,False
nuscenes_mini_subset,scene-0103,scene-0103_023,translation,5.0,cm,34720,34720,2993,8.620391705069125,9,2983,5.089363059795026,12.476437387037278,27,14,243,243,243,100.0,100.0,0.0,False
nuscenes_mini_subset,scene-0103,scene-0103_023,translation,10.0,cm,34720,34720,2990,8.611751152073733,20,2972,10.168191201351291,24.940363410162213,27,14,243,243,243,100.0,100.0,0.0,False
nuscenes_mini_subset,scene-0103,scene-0103_023,small_yaw,-0.25,deg,34720,34720,2989,8.608870967741936,15,2977,6.394255216201956,7.846971301027285,27,14,243,243,240,100.0,98.76543209876543,1.2345679012345698,False
nuscenes_mini_subset,scene-0103,scene-0103_023,small_yaw,-0.1,deg,34720,34720,2989,8.608870967741936,7,2985,2.558352159587377,3.1430045355870413,27,14,243,243,243,100.0,100.0,0.0,False
nuscenes_mini_subset,scene-0103,scene-0103_023,small_yaw,0.1,deg,34720,34720,2987,8.603110599078342,9,2983,2.559212387565378,3.1366765159202177,27,14,243,243,241,100.0,99.17695473251028,0.823045267489718,False
nuscenes_mini_subset,scene-0103,scene-0103_023,small_yaw,0.25,deg,34720,34720,2985,8.597350230414747,19,2973,6.394278008202589,7.832508625152398,27,14,243,243,236,100.0,97.11934156378601,2.8806584362139915,False
nuscenes_mini_subset,scene-0103,scene-0103_024,yaw,-3.0,deg,34688,34688,2954,8.515913284132841,169,2783,76.07019677646227,91.4637057167681,26,16,205,205,127,100.0,61.951219512195124,38.048780487804876,True
nuscenes_mini_subset,scene-0103,scene-0103_024,yaw,-2.0,deg,34688,34688,2956,8.521678966789668,111,2841,50.817984034206646,61.571514649535416,26,16,205,205,154,100.0,75.1219512195122,24.878048780487802,True
nuscenes_mini_subset,scene-0103,scene-0103_024,yaw,-1.0,deg,34688,34688,2956,8.521678966789668,55,2897,25.466242140153764,31.068747700168903,26,16,205,205,183,100.0,89.26829268292683,10.731707317073173,True
nuscenes_mini_subset,scene-0103,scene-0103_024,yaw,-0.5,deg,34688,34688,2954,8.515913284132841,27,2925,12.747076025396172,15.61355491625295,26,16,205,205,195,100.0,95.1219512195122,4.878048780487802,False
nuscenes_mini_subset,scene-0103,scene-0103_024,yaw,0.0,deg,34688,34688,2952,8.510147601476016,0,2952,0.0,0.0,26,16,205,205,205,100.0,100.0,0.0,False
nuscenes_mini_subset,scene-0103,scene-0103_024,yaw,0.5,deg,34688,34688,2950,8.504381918819188,30,2922,12.742592291123307,15.580530728080609,26,16,205,205,188,100.0,91.70731707317073,8.292682926829272,False
nuscenes_mini_subset,scene-0103,scene-0103_024,yaw,1.0,deg,34688,34688,2952,8.510147601476016,56,2896,25.44053627606726,31.02319693476085,26,16,205,205,170,100.0,82.92682926829268,17.07317073170732,True
nuscenes_mini_subset,scene-0103,scene-0103_024,yaw,2.0,deg,34688,34688,2958,8.527444649446494,109,2843,50.72321603914414,61.438257815196735,26,16,205,205,137,100.0,66.82926829268293,33.170731707317074,True
nuscenes_mini_subset,scene-0103,scene-0103_024,yaw,3.0,deg,34688,34688,2956,8.521678966789668,164,2788,75.87673320756629,91.18364655630523,26,16,205,205,106,100.0,51.707317073170735,48.292682926829265,True
nuscenes_mini_subset,scene-0103,scene-0103_024,translation,-10.0,cm,34688,34688,2947,8.495733394833948,25,2927,9.71843808094725,24.89145621502147,26,16,205,205,193,100.0,94.14634146341463,5.853658536585371,False
nuscenes_mini_subset,scene-0103,scene-0103_024,translation,-5.0,cm,34688,34688,2949,8.501499077490775,13,2939,4.867706458390538,12.450886923615865,26,16,205,205,198,100.0,96.58536585365853,3.41463414634147,False
nuscenes_mini_subset,scene-0103,scene-0103_024,translation,-2.0,cm,34688,34688,2951,8.507264760147601,5,2947,1.9510292321452964,4.97913985144352,26,16,205,205,203,100.0,99.02439024390245,0.9756097560975547,False
nuscenes_mini_subset,scene-0103,scene-0103_024,translation,0.0,cm,34688,34688,2952,8.510147601476016,0,2952,0.0,0.0,26,16,205,205,205,100.0,100.0,0.0,False
nuscenes_mini_subset,scene-0103,scene-0103_024,translation,2.0,cm,34688,34688,2950,8.504381918819188,5,2947,1.951094234115792,4.979564264165957,26,16,205,205,205,100.0,100.0,0.0,False
nuscenes_mini_subset,scene-0103,scene-0103_024,translation,5.0,cm,34688,34688,2959,8.530327490774908,6,2946,4.880259105430239,12.450015716886627,26,16,205,205,204,100.0,99.51219512195122,0.48780487804877737,False
nuscenes_mini_subset,scene-0103,scene-0103_024,translation,10.0,cm,34688,34688,2956,8.521678966789668,16,2936,9.725575228227465,24.88071858991085,26,16,205,205,203,100.0,99.02439024390245,0.9756097560975547,False
nuscenes_mini_subset,scene-0103,scene-0103_024,small_yaw,-0.25,deg,34688,34688,2956,8.521678966789668,10,2942,6.380245560729182,7.818047098400605,26,16,205,205,200,100.0,97.5609756097561,2.439024390243901,False
nuscenes_mini_subset,scene-0103,scene-0103_024,small_yaw,-0.1,deg,34688,34688,2953,8.513030442804428,3,2949,2.552175630616283,3.136766216587828,26,16,205,205,204,100.0,99.51219512195122,0.48780487804877737,False
nuscenes_mini_subset,scene-0103,scene-0103_024,small_yaw,0.1,deg,34688,34688,2953,8.513030442804428,6,2946,2.5513340488795673,3.132358007493157,26,16,205,205,203,100.0,99.02439024390245,0.9756097560975547,False
nuscenes_mini_subset,scene-0103,scene-0103_024,small_yaw,0.25,deg,34688,34688,2949,8.501499077490775,17,2935,6.372596492210441,7.813422627777001,26,16,205,205,198,100.0,96.58536585365853,3.41463414634147,False
nuscenes_mini_subset,scene-0103,scene-0103_025,yaw,-3.0,deg,34688,34688,2940,8.475553505535055,167,2774,75.95590408015244,90.67613375000973,27,20,113,113,40,100.0,35.39823008849557,64.60176991150442,True
nuscenes_mini_subset,scene-0103,scene-0103_025,yaw,-2.0,deg,34688,34688,2933,8.455373616236162,116,2825,50.71101020502883,61.01937836399956,27,20,113,113,60,100.0,53.097345132743364,46.902654867256636,True
nuscenes_mini_subset,scene-0103,scene-0103_025,yaw,-1.0,deg,34688,34688,2931,8.449607933579335,62,2879,25.420415809959962,30.81631508063821,27,20,113,113,91,100.0,80.53097345132744,19.46902654867256,True
nuscenes_mini_subset,scene-0103,scene-0103_025,yaw,-0.5,deg,34688,34688,2944,8.487084870848708,28,2913,12.72618249666551,15.493147191394968,27,20,113,113,106,100.0,93.80530973451327,6.194690265486727,False
nuscenes_mini_subset,scene-0103,scene-0103_025,yaw,0.0,deg,34688,34688,2941,8.478436346863468,0,2941,0.0,0.0,27,20,113,113,113,100.0,100.0,0.0,False
nuscenes_mini_subset,scene-0103,scene-0103_025,yaw,0.5,deg,34688,34688,2956,8.521678966789668,15,2926,12.726990068400752,15.52045819897793,27,20,113,113,105,100.0,92.92035398230088,7.079646017699119,False
nuscenes_mini_subset,scene-0103,scene-0103_025,yaw,1.0,deg,34688,34688,2954,8.515913284132841,43,2898,25.43152623546242,30.896887553865966,27,20,113,113,85,100.0,75.22123893805309,24.77876106194691,True
nuscenes_mini_subset,scene-0103,scene-0103_025,yaw,2.0,deg,34688,34688,2945,8.489967712177123,102,2839,50.70254932838424,61.27848321651718,27,20,113,113,63,100.0,55.75221238938053,44.24778761061947,True
nuscenes_mini_subset,scene-0103,scene-0103_025,yaw,3.0,deg,34688,34688,2945,8.489967712177123,160,2781,75.84168119818662,91.102869932931,27,20,113,113,46,100.0,40.70796460176991,59.29203539823009,True
nuscenes_mini_subset,scene-0103,scene-0103_025,translation,-10.0,cm,34688,34688,2947,8.495733394833948,11,2930,9.540272373060855,24.96762868366489,27,20,113,113,109,100.0,96.46017699115045,3.5398230088495524,False
nuscenes_mini_subset,scene-0103,scene-0103_025,translation,-5.0,cm,34688,34688,2942,8.481319188191883,7,2934,4.78075751964587,12.480159710896196,27,20,113,113,111,100.0,98.23008849557522,1.7699115044247833,False
nuscenes_mini_subset,scene-0103,scene-0103_025,translation,-2.0,cm,34688,34688,2941,8.478436346863468,4,2937,1.914362426790517,4.990886339013629,27,20,113,113,112,100.0,99.11504424778761,0.8849557522123916,False
nuscenes_mini_subset,scene-0103,scene-0103_025,translation,0.0,cm,34688,34688,2941,8.478436346863468,0,2941,0.0,0.0,27,20,113,113,113,100.0,100.0,0.0,False
nuscenes_mini_subset,scene-0103,scene-0103_025,translation,2.0,cm,34688,34688,2943,8.484202029520295,3,2938,1.9124141726773631,4.990816422759839,27,20,113,113,113,100.0,100.0,0.0,False
nuscenes_mini_subset,scene-0103,scene-0103_025,translation,5.0,cm,34688,34688,2940,8.475553505535055,9,2932,4.770728301876565,12.471062559475554,27,20,113,113,113,100.0,100.0,0.0,False
nuscenes_mini_subset,scene-0103,scene-0103_025,translation,10.0,cm,34688,34688,2939,8.472670664206642,20,2921,9.507959170650071,24.939873756423978,27,20,113,113,112,100.0,99.11504424778761,0.8849557522123916,False
nuscenes_mini_subset,scene-0103,scene-0103_025,small_yaw,-0.25,deg,34688,34688,2941,8.478436346863468,15,2926,6.365881531502362,7.761091437139935,27,20,113,113,111,100.0,98.23008849557522,1.7699115044247833,False
nuscenes_mini_subset,scene-0103,scene-0103_025,small_yaw,-0.1,deg,34688,34688,2941,8.478436346863468,6,2935,2.547546700095593,3.1073551267358526,27,20,113,113,113,100.0,100.0,0.0,False
nuscenes_mini_subset,scene-0103,scene-0103_025,small_yaw,0.1,deg,34688,34688,2939,8.472670664206642,5,2936,2.547536819635175,3.1079843373726708,27,20,113,113,112,100.0,99.11504424778761,0.8849557522123916,False
nuscenes_mini_subset,scene-0103,scene-0103_025,small_yaw,0.25,deg,34688,34688,2948,8.498616236162361,8,2933,6.367637594856608,7.768719887461555,27,20,113,113,110,100.0,97.34513274336283,2.654867256637175,False
nuscenes_mini_subset,scene-0103,scene-0103_026,yaw,-3.0,deg,34688,34688,2887,8.322762915129152,168,2714,75.76542066801969,91.03757894321548,24,15,119,119,60,100.0,50.42016806722689,49.57983193277311,True
nuscenes_mini_subset,scene-0103,scene-0103_026,yaw,-2.0,deg,34688,34688,2892,8.337177121771218,105,2777,50.63327460528148,61.25784241385371,24,15,119,119,78,100.0,65.54621848739495,34.45378151260505,True
nuscenes_mini_subset,scene-0103,scene-0103_026,yaw,-1.0,deg,34688,34688,2884,8.314114391143912,57,2825,25.389760115732592,30.926674140385572,24,15,119,119,102,100.0,85.71428571428571,14.285714285714292,True
nuscenes_mini_subset,scene-0103,scene-0103_026,yaw,-0.5,deg,34688,34688,2884,8.314114391143912,27,2855,12.713718139816502,15.533994789105057,24,15,119,119,115,100.0,96.63865546218487,3.3613445378151283,False
nuscenes_mini_subset,scene-0103,scene-0103_026,yaw,0.0,deg,34688,34688,2882,8.308348708487085,0,2882,0.0,0.0,24,15,119,119,119,100.0,100.0,0.0,False
nuscenes_mini_subset,scene-0103,scene-0103_026,yaw,0.5,deg,34688,34688,2888,8.325645756457565,26,2856,12.705861467208518,15.549653458556785,24,15,119,119,114,100.0,95.7983193277311,4.201680672268907,False
nuscenes_mini_subset,scene-0103,scene-0103_026,yaw,1.0,deg,34688,34688,2887,8.322762915129152,52,2830,25.394908598034775,30.952326542845217,24,15,119,119,107,100.0,89.91596638655462,10.084033613445385,True
nuscenes_mini_subset,scene-0103,scene-0103_026,yaw,2.0,deg,34688,34688,2886,8.319880073800737,111,2771,50.591897854507884,61.20458734172582,24,15,119,119,83,100.0,69.74789915966386,30.25210084033614,True
nuscenes_mini_subset,scene-0103,scene-0103_026,yaw,3.0,deg,34688,34688,2882,8.308348708487085,164,2718,75.71991089017959,90.92399437658655,24,15,119,119,60,100.0,50.42016806722689,49.57983193277311,True
nuscenes_mini_subset,scene-0103,scene-0103_026,translation,-10.0,cm,34688,34688,2888,8.325645756457565,14,2868,9.609238000858532,25.07532962954379,24,15,119,119,118,100.0,99.15966386554622,0.8403361344537785,False
nuscenes_mini_subset,scene-0103,scene-0103_026,translation,-5.0,cm,34688,34688,2884,8.314114391143912,8,2874,4.808101175247108,12.53327164488025,24,15,119,119,118,100.0,99.15966386554622,0.8403361344537785,False
nuscenes_mini_subset,scene-0103,scene-0103_026,translation,-2.0,cm,34688,34688,2883,8.311231549815497,4,2878,1.9246734983109621,5.012097919808958,24,15,119,119,118,100.0,99.15966386554622,0.8403361344537785,False
nuscenes_mini_subset,scene-0103,scene-0103_026,translation,0.0,cm,34688,34688,2882,8.308348708487085,0,2882,0.0,0.0,24,15,119,119,119,100.0,100.0,0.0,False
nuscenes_mini_subset,scene-0103,scene-0103_026,translation,2.0,cm,34688,34688,2880,8.302583025830259,5,2877,1.9231214813885036,5.00849602880777,24,15,119,119,119,100.0,100.0,0.0,False
nuscenes_mini_subset,scene-0103,scene-0103_026,translation,5.0,cm,34688,34688,2879,8.299700184501845,12,2870,4.795010028242163,12.515461225500239,24,15,119,119,119,100.0,100.0,0.0,False
nuscenes_mini_subset,scene-0103,scene-0103_026,translation,10.0,cm,34688,34688,2883,8.311231549815497,18,2864,9.573925090496891,25.018543044191187,24,15,119,119,119,100.0,100.0,0.0,False
nuscenes_mini_subset,scene-0103,scene-0103_026,small_yaw,-0.25,deg,34688,34688,2881,8.305465867158672,15,2867,6.357210993789413,7.7868658175274685,24,15,119,119,118,100.0,99.15966386554622,0.8403361344537785,False
nuscenes_mini_subset,scene-0103,scene-0103_026,small_yaw,-0.1,deg,34688,34688,2883,8.311231549815497,5,2877,2.5443966283091886,3.1174709436918775,24,15,119,119,119,100.0,100.0,0.0,False
nuscenes_mini_subset,scene-0103,scene-0103_026,small_yaw,0.1,deg,34688,34688,2886,8.319880073800737,5,2877,2.5444512475209513,3.1180541697626434,24,15,119,119,118,100.0,99.15966386554622,0.8403361344537785,False
nuscenes_mini_subset,scene-0103,scene-0103_026,small_yaw,0.25,deg,34688,34688,2886,8.319880073800737,11,2871,6.3597740645047445,7.792412071165206,24,15,119,119,118,100.0,99.15966386554622,0.8403361344537785,False
nuscenes_mini_subset,scene-0103,scene-0103_027,yaw,-3.0,deg,34752,34752,2821,8.117518416206261,167,2673,75.67656896752568,90.7341783302364,23,15,138,138,64,100.0,46.3768115942029,53.6231884057971,True
nuscenes_mini_subset,scene-0103,scene-0103_027,yaw,-2.0,deg,34752,34752,2826,8.131906077348066,108,2732,50.5911215235267,61.03068602522897,23,15,138,138,89,100.0,64.4927536231884,35.507246376811594,True
nuscenes_mini_subset,scene-0103,scene-0103_027,yaw,-1.0,deg,34752,34752,2838,8.166436464088397,48,2792,25.353038579999158,30.80512105802464,23,15,138,138,119,100.0,86.23188405797102,13.768115942028984,True
nuscenes_mini_subset,scene-0103,scene-0103_027,yaw,-0.5,deg,34752,34752,2835,8.157803867403315,25,2815,12.69640767117061,15.463334119732753,23,15,138,138,133,100.0,96.3768115942029,3.6231884057970944,False
nuscenes_mini_subset,scene-0103,scene-0103_027,yaw,0.0,deg,34752,34752,2840,8.17219152854512,0,2840,0.0,0.0,23,15,138,138,138,100.0,100.0,0.0,False
nuscenes_mini_subset,scene-0103,scene-0103_027,yaw,0.5,deg,34752,34752,2830,8.14341620626151,27,2813,12.696454184141533,15.45723301913594,23,15,138,138,134,100.0,97.10144927536231,2.898550724637687,False
nuscenes_mini_subset,scene-0103,scene-0103_027,yaw,1.0,deg,34752,34752,2839,8.16931399631676,45,2795,25.368605687639533,30.830636285732098,23,15,138,138,124,100.0,89.85507246376811,10.14492753623189,True
nuscenes_mini_subset,scene-0103,scene-0103_027,yaw,2.0,deg,34752,34752,2863,8.238374769797423,92,2748,50.620653833394854,61.08212612645932,23,15,138,138,107,100.0,77.53623188405797,22.46376811594203,True
nuscenes_mini_subset,scene-0103,scene-0103_027,yaw,3.0,deg,34752,34752,2873,8.267150092081032,136,2704,75.75169262588592,90.93134287555431,23,15,138,138,88,100.0,63.768115942028984,36.231884057971016,True
nuscenes_mini_subset,scene-0103,scene-0103_027,translation,-10.0,cm,34752,34752,2837,8.163558931860036,17,2823,9.663799012469227,25.38000451258157,23,15,138,138,137,100.0,99.27536231884058,0.7246376811594217,False
nuscenes_mini_subset,scene-0103,scene-0103_027,translation,-5.0,cm,34752,34752,2838,8.166436464088397,8,2832,4.836221897381257,12.688163358694856,23,15,138,138,138,100.0,100.0,0.0,False
nuscenes_mini_subset,scene-0103,scene-0103_027,translation,-2.0,cm,34752,34752,2838,8.166436464088397,4,2836,1.9345387467064452,5.07748776503571,23,15,138,138,138,100.0,100.0,0.0,False
nuscenes_mini_subset,scene-0103,scene-0103_027,translation,0.0,cm,34752,34752,2840,8.17219152854512,0,2840,0.0,0.0,23,15,138,138,138,100.0,100.0,0.0,False
nuscenes_mini_subset,scene-0103,scene-0103_027,translation,2.0,cm,34752,34752,2839,8.16931399631676,3,2837,1.9345756833404066,5.0778960918422635,23,15,138,138,138,100.0,100.0,0.0,False
nuscenes_mini_subset,scene-0103,scene-0103_027,translation,5.0,cm,34752,34752,2839,8.16931399631676,8,2832,4.831731571642057,12.691035588874511,23,15,138,138,138,100.0,100.0,0.0,False
nuscenes_mini_subset,scene-0103,scene-0103_027,translation,10.0,cm,34752,34752,2838,8.166436464088397,17,2823,9.646026072584156,25.375897385014813,23,15,138,138,138,100.0,100.0,0.0,False
nuscenes_mini_subset,scene-0103,scene-0103_027,small_yaw,-0.25,deg,34752,34752,2836,8.160681399631676,11,2829,6.351925488191842,7.750601200585325,23,15,138,138,137,100.0,99.27536231884058,0.7246376811594217,False
nuscenes_mini_subset,scene-0103,scene-0103_027,small_yaw,-0.1,deg,34752,34752,2840,8.17219152854512,4,2836,2.541897793100373,3.1079564962053614,23,15,138,138,138,100.0,100.0,0.0,False
nuscenes_mini_subset,scene-0103,scene-0103_027,small_yaw,0.1,deg,34752,34752,2834,8.154926335174954,7,2833,2.541521376422192,3.1044397320202353,23,15,138,138,138,100.0,100.0,0.0,False
nuscenes_mini_subset,scene-0103,scene-0103_027,small_yaw,0.25,deg,34752,34752,2837,8.163558931860036,13,2827,6.353191981219273,7.752438827375388,23,15,138,138,137,100.0,99.27536231884058,0.7246376811594217,False
nuscenes_mini_subset,scene-0103,scene-0103_028,yaw,-3.0,deg,34720,34720,2779,8.004032258064516,163,2628,75.43695069663082,90.72096961542161,23,14,159,159,88,100.0,55.34591194968554,44.65408805031446,True
nuscenes_mini_subset,scene-0103,scene-0103_028,yaw,-2.0,deg,34720,34720,2786,8.024193548387096,109,2682,50.39827819930457,60.95395629778556,23,14,159,159,109,100.0,68.55345911949685,31.44654088050315,True
nuscenes_mini_subset,scene-0103,scene-0103_028,yaw,-1.0,deg,34720,34720,2783,8.015552995391705,59,2732,25.238927687662397,30.760618706209684,23,14,159,159,143,100.0,89.937106918239,10.062893081761004,True
nuscenes_mini_subset,scene-0103,scene-0103_028,yaw,-0.5,deg,34720,34720,2792,8.04147465437788,26,2765,12.634454328033087,15.46627946714257,23,14,159,159,157,100.0,98.74213836477988,1.2578616352201237,False
nuscenes_mini_subset,scene-0103,scene-0103_028,yaw,0.0,deg,34720,34720,2791,8.038594470046084,0,2791,0.0,0.0,23,14,159,159,159,100.0,100.0,0.0,False
nuscenes_mini_subset,scene-0103,scene-0103_028,yaw,0.5,deg,34720,34720,2796,8.05299539170507,26,2765,12.636516332167504,15.45092012691894,23,14,159,159,153,100.0,96.22641509433963,3.773584905660371,False
nuscenes_mini_subset,scene-0103,scene-0103_028,yaw,1.0,deg,34720,34720,2802,8.070276497695852,48,2743,25.257632266647676,30.75350040261645,23,14,159,159,140,100.0,88.0503144654088,11.949685534591197,True
nuscenes_mini_subset,scene-0103,scene-0103_028,yaw,2.0,deg,34720,34720,2807,8.084677419354838,90,2701,50.429493428831954,60.95656940692012,23,14,159,159,117,100.0,73.58490566037736,26.41509433962264,True
nuscenes_mini_subset,scene-0103,scene-0103_028,yaw,3.0,deg,34720,34720,2819,8.119239631336406,137,2654,75.45636900751275,90.55101624550362,23,14,159,159,95,100.0,59.74842767295598,40.25157232704402,True
nuscenes_mini_subset,scene-0103,scene-0103_028,translation,-10.0,cm,34720,34720,2795,8.050115207373272,18,2773,9.303211870216296,24.886046607607167,23,14,159,159,158,100.0,99.37106918238993,0.628930817610069,False
nuscenes_mini_subset,scene-0103,scene-0103_028,translation,-5.0,cm,34720,34720,2791,8.038594470046084,10,2781,4.669550978299501,12.436762649628227,23,14,159,159,158,100.0,99.37106918238993,0.628930817610069,False
nuscenes_mini_subset,scene-0103,scene-0103_028,translation,-2.0,cm,34720,34720,2788,8.02995391705069,5,2786,1.8723326401762612,4.980764252723724,23,14,159,159,159,100.0,100.0,0.0,False
nuscenes_mini_subset,scene-0103,scene-0103_028,translation,0.0,cm,34720,34720,2791,8.038594470046084,0,2791,0.0,0.0,23,14,159,159,159,100.0,100.0,0.0,False
nuscenes_mini_subset,scene-0103,scene-0103_028,translation,2.0,cm,34720,34720,2792,8.04147465437788,2,2789,1.8713469519519277,4.980059521201173,23,14,159,159,159,100.0,100.0,0.0,False
nuscenes_mini_subset,scene-0103,scene-0103_028,translation,5.0,cm,34720,34720,2787,8.027073732718893,10,2781,4.652178201762857,12.439514172883273,23,14,159,159,159,100.0,100.0,0.0,False
nuscenes_mini_subset,scene-0103,scene-0103_028,translation,10.0,cm,34720,34720,2783,8.015552995391705,22,2769,9.320117873667456,24.878684600201527,23,14,159,159,159,100.0,100.0,0.0,False
nuscenes_mini_subset,scene-0103,scene-0103_028,small_yaw,-0.25,deg,34720,34720,2783,8.015552995391705,18,2773,6.321628138952216,7.748028863948326,23,14,159,159,158,100.0,99.37106918238993,0.628930817610069,False
nuscenes_mini_subset,scene-0103,scene-0103_028,small_yaw,-0.1,deg,34720,34720,2791,8.038594470046084,4,2787,2.5303574231319095,3.10460233153326,23,14,159,159,159,100.0,100.0,0.0,False
nuscenes_mini_subset,scene-0103,scene-0103_028,small_yaw,0.1,deg,34720,34720,2788,8.02995391705069,8,2783,2.529711516445598,3.103195560838552,23,14,159,159,158,100.0,99.37106918238993,0.628930817610069,False
nuscenes_mini_subset,scene-0103,scene-0103_028,small_yaw,0.25,deg,34720,34720,2795,8.050115207373272,14,2777,6.321136837036049,7.7365558271949455,23,14,159,159,158,100.0,99.37106918238993,0.628930817610069,False
nuscenes_mini_subset,scene-0103,scene-0103_029,yaw,-3.0,deg,34720,34720,2760,7.949308755760368,158,2627,75.49570495244281,90.31909182449702,22,14,188,188,121,100.0,64.36170212765957,35.63829787234043,True
nuscenes_mini_subset,scene-0103,scene-0103_029,yaw,-2.0,deg,34720,34720,2768,7.972350230414746,108,2677,50.4254167191417,60.74706776550787,22,14,188,188,137,100.0,72.87234042553192,27.127659574468083,True
nuscenes_mini_subset,scene-0103,scene-0103_029,yaw,-1.0,deg,34720,34720,2774,7.98963133640553,54,2731,25.267287044779746,30.6654852125313,22,14,188,188,174,100.0,92.55319148936171,7.4468085106382915,False
nuscenes_mini_subset,scene-0103,scene-0103_029,yaw,-0.5,deg,34720,34720,2784,8.018433179723502,25,2760,12.646858871532071,15.413394296073253,22,14,188,188,187,100.0,99.46808510638297,0.5319148936170279,False
nuscenes_mini_subset,scene-0103,scene-0103_029,yaw,0.0,deg,34720,34720,2785,8.021313364055299,0,2785,0.0,0.0,22,14,188,188,188,100.0,100.0,0.0,False
nuscenes_mini_subset,scene-0103,scene-0103_029,yaw,0.5,deg,34720,34720,2793,8.044354838709678,21,2764,12.643462331360883,15.439764381880007,22,14,188,188,183,100.0,97.34042553191489,2.659574468085111,False
nuscenes_mini_subset,scene-0103,scene-0103_029,yaw,1.0,deg,34720,34720,2799,8.06163594470046,41,2744,25.26963261491452,30.77982693239788,22,14,188,188,170,100.0,90.42553191489361,9.574468085106389,False
nuscenes_mini_subset,scene-0103,scene-0103_029,yaw,2.0,deg,34720,34720,2805,8.078917050691244,90,2695,50.41320688562044,60.96317596374904,22,14,188,188,138,100.0,73.40425531914893,26.59574468085107,True
nuscenes_mini_subset,scene-0103,scene-0103_029,yaw,3.0,deg,34720,34720,2814,8.10483870967742,138,2647,75.42669755981221,90.62830302317113,22,14,188,188,112,100.0,59.57446808510638,40.42553191489362,True
nuscenes_mini_subset,scene-0103,scene-0103_029,translation,-10.0,cm,34720,34720,2789,8.03283410138249,13,2772,9.033536071316414,24.64453061256998,22,14,188,188,186,100.0,98.93617021276596,1.0638297872340416,False
nuscenes_mini_subset,scene-0103,scene-0103_029,translation,-5.0,cm,34720,34720,2790,8.035714285714286,6,2779,4.52039478453001,12.319332342302129,22,14,188,188,188,100.0,100.0,0.0,False
nuscenes_mini_subset,scene-0103,scene-0103_029,translation,-2.0,cm,34720,34720,2791,8.038594470046084,2,2783,1.809951636164834,4.9267674714883585,22,14,188,188,188,100.0,100.0,0.0,False
nuscenes_mini_subset,scene-0103,scene-0103_029,translation,0.0,cm,34720,34720,2785,8.021313364055299,0,2785,0.0,0.0,22,14,188,188,188,100.0,100.0,0.0,False
nuscenes_mini_subset,scene-0103,scene-0103_029,translation,2.0,cm,34720,34720,2786,8.024193548387096,1,2784,1.8108090960202587,4.9267890265913294,22,14,188,188,188,100.0,100.0,0.0,False
nuscenes_mini_subset,scene-0103,scene-0103_029,translation,5.0,cm,34720,34720,2784,8.018433179723502,10,2775,4.520746968864178,12.306851163519447,22,14,188,188,188,100.0,100.0,0.0,False
nuscenes_mini_subset,scene-0103,scene-0103_029,translation,10.0,cm,34720,34720,2780,8.006912442396313,20,2765,9.039482200572703,24.601051033426433,22,14,188,188,188,100.0,100.0,0.0,False
nuscenes_mini_subset,scene-0103,scene-0103_029,small_yaw,-0.25,deg,34720,34720,2782,8.012672811059907,15,2770,6.32412180585807,7.716974184029566,22,14,188,188,188,100.0,100.0,0.0,False
nuscenes_mini_subset,scene-0103,scene-0103_029,small_yaw,-0.1,deg,34720,34720,2787,8.027073732718893,3,2782,2.5314346623376234,3.095415138293808,22,14,188,188,188,100.0,100.0,0.0,False
nuscenes_mini_subset,scene-0103,scene-0103_029,small_yaw,0.1,deg,34720,34720,2787,8.027073732718893,3,2782,2.530847164706919,3.0951264350538623,22,14,188,188,188,100.0,100.0,0.0,False
nuscenes_mini_subset,scene-0103,scene-0103_029,small_yaw,0.25,deg,34720,34720,2792,8.04147465437788,9,2776,6.326845993271782,7.733992447024484,22,14,188,188,187,100.0,99.46808510638297,0.5319148936170279,False
nuscenes_mini_subset,scene-0103,scene-0103_030,yaw,-3.0,deg,34688,34688,2804,8.083487084870848,157,2669,75.43483420856226,90.4082313051367,20,11,238,238,163,100.0,68.4873949579832,31.5126050420168,True
nuscenes_mini_subset,scene-0103,scene-0103_030,yaw,-2.0,deg,34688,34688,2815,8.115198339483396,104,2722,50.40516110984016,60.84760100444777,20,11,238,238,195,100.0,81.9327731092437,18.067226890756302,True
nuscenes_mini_subset,scene-0103,scene-0103_030,yaw,-1.0,deg,34688,34688,2817,8.120964022140221,52,2774,25.254614760345525,30.71424270023172,20,11,238,238,225,100.0,94.53781512605042,5.462184873949582,False
nuscenes_mini_subset,scene-0103,scene-0103_030,yaw,-0.5,deg,34688,34688,2820,8.129612546125461,26,2800,12.643191924092218,15.424784754918608,20,11,238,238,236,100.0,99.15966386554622,0.8403361344537785,False
nuscenes_mini_subset,scene-0103,scene-0103_030,yaw,0.0,deg,34688,34688,2826,8.146909594095941,0,2826,0.0,0.0,20,11,238,238,238,100.0,100.0,0.0,False
nuscenes_mini_subset,scene-0103,scene-0103_030,yaw,0.5,deg,34688,34688,2826,8.146909594095941,22,2804,12.645481268743076,15.440598703157251,20,11,238,238,232,100.0,97.47899159663865,2.52100840336135,False
nuscenes_mini_subset,scene-0103,scene-0103_030,yaw,1.0,deg,34688,34688,2833,8.167089483394834,43,2783,25.251695472023314,30.766722096940118,20,11,238,238,219,100.0,92.01680672268908,7.983193277310917,False
nuscenes_mini_subset,scene-0103,scene-0103_030,yaw,2.0,deg,34688,34688,2838,8.1815036900369,88,2738,50.41131453558867,60.983331485981104,20,11,238,238,192,100.0,80.67226890756302,19.327731092436977,True
nuscenes_mini_subset,scene-0103,scene-0103_030,yaw,3.0,deg,34688,34688,2841,8.19015221402214,137,2689,75.48294990845481,90.69191656435132,20,11,238,238,167,100.0,70.16806722689076,29.831932773109244,True
nuscenes_mini_subset,scene-0103,scene-0103_030,translation,-10.0,cm,34688,34688,2827,8.149792435424354,17,2809,9.672344486338787,25.109156695329855,20,11,238,238,235,100.0,98.73949579831933,1.260504201680675,False
nuscenes_mini_subset,scene-0103,scene-0103_030,translation,-5.0,cm,34688,34688,2828,8.152675276752767,8,2818,4.839450964430577,12.550994454117035,20,11,238,238,237,100.0,99.5798319327731,0.42016806722689637,False
nuscenes_mini_subset,scene-0103,scene-0103_030,translation,-2.0,cm,34688,34688,2822,8.135378228782288,4,2822,1.9376578069875536,5.019942307512944,20,11,238,238,238,100.0,100.0,0.0,False
nuscenes_mini_subset,scene-0103,scene-0103_030,translation,0.0,cm,34688,34688,2826,8.146909594095941,0,2826,0.0,0.0,20,11,238,238,238,100.0,100.0,0.0,False
nuscenes_mini_subset,scene-0103,scene-0103_030,translation,2.0,cm,34688,34688,2821,8.132495387453874,8,2818,1.9367526198905356,5.021185499252736,20,11,238,238,238,100.0,100.0,0.0,False
nuscenes_mini_subset,scene-0103,scene-0103_030,translation,5.0,cm,34688,34688,2823,8.138261070110701,11,2815,4.843706050411445,12.555472483817475,20,11,238,238,238,100.0,100.0,0.0,False
nuscenes_mini_subset,scene-0103,scene-0103_030,translation,10.0,cm,34688,34688,2816,8.118081180811808,23,2803,9.679283648587633,25.09192818549143,20,11,238,238,238,100.0,100.0,0.0,False
nuscenes_mini_subset,scene-0103,scene-0103_030,small_yaw,-0.25,deg,34688,34688,2818,8.123846863468634,16,2810,6.324632838332693,7.733649868855089,20,11,238,238,238,100.0,100.0,0.0,False
nuscenes_mini_subset,scene-0103,scene-0103_030,small_yaw,-0.1,deg,34688,34688,2823,8.138261070110701,8,2818,2.5302143038467593,3.0971016349374936,20,11,238,238,238,100.0,100.0,0.0,False
nuscenes_mini_subset,scene-0103,scene-0103_030,small_yaw,0.1,deg,34688,34688,2823,8.138261070110701,5,2821,2.5303428340409466,3.101382520515885,20,11,238,238,237,100.0,99.5798319327731,0.42016806722689637,False
nuscenes_mini_subset,scene-0103,scene-0103_030,small_yaw,0.25,deg,34688,34688,2824,8.141143911439114,11,2815,6.326778620170665,7.739742112043991,20,11,238,238,235,100.0,98.73949579831933,1.260504201680675,False
nuscenes_mini_subset,scene-0103,scene-0103_031,yaw,-3.0,deg,34688,34688,2811,8.103666974169741,156,2664,75.42383091366469,90.47976214786618,18,13,322,322,217,100.0,67.3913043478261,32.60869565217391,True
nuscenes_mini_subset,scene-0103,scene-0103_031,yaw,-2.0,deg,34688,34688,2809,8.097901291512915,111,2709,50.36291007637819,60.83937246276754,18,13,322,322,257,100.0,79.8136645962733,20.1863354037267,True
nuscenes_mini_subset,scene-0103,scene-0103_031,yaw,-1.0,deg,34688,34688,2816,8.118081180811808,52,2768,25.253659659730793,30.698200374622445,18,13,322,322,297,100.0,92.2360248447205,7.763975155279496,False
nuscenes_mini_subset,scene-0103,scene-0103_031,yaw,-0.5,deg,34688,34688,2822,8.135378228782288,25,2795,12.643758376873125,15.415044887596661,18,13,322,322,309,100.0,95.96273291925466,4.0372670807453375,False
nuscenes_mini_subset,scene-0103,scene-0103_031,yaw,0.0,deg,34688,34688,2820,8.129612546125461,0,2820,0.0,0.0,18,13,322,322,322,100.0,100.0,0.0,False
nuscenes_mini_subset,scene-0103,scene-0103_031,yaw,0.5,deg,34688,34688,2829,8.155558118081181,21,2799,12.63841896173842,15.42670176502898,18,13,322,322,320,100.0,99.37888198757764,0.6211180124223574,False
nuscenes_mini_subset,scene-0103,scene-0103_031,yaw,1.0,deg,34688,34688,2832,8.164206642066421,44,2776,25.255574978200062,30.729988950290263,18,13,322,322,311,100.0,96.58385093167702,3.41614906832298,False
nuscenes_mini_subset,scene-0103,scene-0103_031,yaw,2.0,deg,34688,34688,2833,8.167089483394834,92,2728,50.36159226731162,60.88403505837039,18,13,322,322,276,100.0,85.71428571428571,14.285714285714292,True
nuscenes_mini_subset,scene-0103,scene-0103_031,yaw,3.0,deg,34688,34688,2837,8.178620848708487,141,2679,75.39315630728109,90.37580565965885,18,13,322,322,233,100.0,72.36024844720497,27.639751552795033,True
nuscenes_mini_subset,scene-0103,scene-0103_031,translation,-10.0,cm,34688,34688,2828,8.152675276752767,14,2806,10.5468789397476,24.948455027673155,18,13,322,322,321,100.0,99.68944099378882,0.3105590062111787,False
nuscenes_mini_subset,scene-0103,scene-0103_031,translation,-5.0,cm,34688,34688,2823,8.138261070110701,7,2813,5.269377835661319,12.473064458206538,18,13,322,322,321,100.0,99.68944099378882,0.3105590062111787,False
nuscenes_mini_subset,scene-0103,scene-0103_031,translation,-2.0,cm,34688,34688,2823,8.138261070110701,2,2818,2.1113734381619373,4.988829077923792,18,13,322,322,322,100.0,100.0,0.0,False
nuscenes_mini_subset,scene-0103,scene-0103_031,translation,0.0,cm,34688,34688,2820,8.129612546125461,0,2820,0.0,0.0,18,13,322,322,322,100.0,100.0,0.0,False
nuscenes_mini_subset,scene-0103,scene-0103_031,translation,2.0,cm,34688,34688,2821,8.132495387453874,1,2819,2.111565542167657,4.9891315764416335,18,13,322,322,320,100.0,99.37888198757764,0.6211180124223574,False
nuscenes_mini_subset,scene-0103,scene-0103_031,translation,5.0,cm,34688,34688,2818,8.123846863468634,13,2807,5.26676916699253,12.471382282675961,18,13,322,322,317,100.0,98.4472049689441,1.5527950310558936,False
nuscenes_mini_subset,scene-0103,scene-0103_031,translation,10.0,cm,34688,34688,2818,8.123846863468634,20,2800,10.532135621924438,24.938805388216487,18,13,322,322,314,100.0,97.51552795031056,2.484472049689444,False
nuscenes_mini_subset,scene-0103,scene-0103_031,small_yaw,-0.25,deg,34688,34688,2821,8.132495387453874,14,2806,6.325279216210866,7.731178927893158,18,13,322,322,316,100.0,98.13664596273291,1.8633540372670865,False
nuscenes_mini_subset,scene-0103,scene-0103_031,small_yaw,-0.1,deg,34688,34688,2824,8.141143911439114,3,2817,2.531685695533697,3.095190864792816,18,13,322,322,318,100.0,98.75776397515529,1.2422360248447148,False
nuscenes_mini_subset,scene-0103,scene-0103_031,small_yaw,0.1,deg,34688,34688,2824,8.141143911439114,2,2818,2.5305796491468016,3.098428314270252,18,13,322,322,321,100.0,99.68944099378882,0.3105590062111787,False
nuscenes_mini_subset,scene-0103,scene-0103_031,small_yaw,0.25,deg,34688,34688,2827,8.149792435424354,10,2810,6.3256572246453935,7.734093821709743,18,13,322,322,321,100.0,99.68944099378882,0.3105590062111787,False
nuscenes_mini_subset,scene-0103,scene-0103_032,yaw,-3.0,deg,34752,34752,2843,8.180824125230203,140,2697,75.39729900692572,90.41309191928276,17,12,332,332,228,100.0,68.67469879518072,31.325301204819283,True
nuscenes_mini_subset,scene-0103,scene-0103_032,yaw,-2.0,deg,34752,34752,2839,8.16931399631676,97,2740,50.40778524658393,60.84338564979509,17,12,332,332,274,100.0,82.53012048192771,17.46987951807229,True
nuscenes_mini_subset,scene-0103,scene-0103_032,yaw,-1.0,deg,34752,34752,2843,8.180824125230203,44,2793,25.275572442019246,30.746388347823526,17,12,332,332,318,100.0,95.78313253012048,4.216867469879517,False
nuscenes_mini_subset,scene-0103,scene-0103_032,yaw,-0.5,deg,34752,34752,2847,8.192334254143647,16,2821,12.654978280430988,15.450355627299215,17,12,332,332,329,100.0,99.09638554216868,0.9036144578313241,False
nuscenes_mini_subset,scene-0103,scene-0103_032,yaw,0.0,deg,34752,34752,2837,8.163558931860036,0,2837,0.0,0.0,17,12,332,332,332,100.0,100.0,0.0,False
nuscenes_mini_subset,scene-0103,scene-0103_032,yaw,0.5,deg,34752,34752,2839,8.16931399631676,25,2812,12.65511013409716,15.435851181182905,17,12,332,332,329,100.0,99.09638554216868,0.9036144578313241,False
nuscenes_mini_subset,scene-0103,scene-0103_032,yaw,1.0,deg,34752,34752,2831,8.146293738489872,53,2784,25.272873911752868,30.742015332944856,17,12,332,332,318,100.0,95.78313253012048,4.216867469879517,False
nuscenes_mini_subset,scene-0103,scene-0103_032,yaw,2.0,deg,34752,34752,2823,8.123273480662984,110,2727,50.38433101067862,60.85929234689553,17,12,332,332,273,100.0,82.2289156626506,17.771084337349393,True
nuscenes_mini_subset,scene-0103,scene-0103_032,yaw,3.0,deg,34752,34752,2821,8.117518416206261,160,2677,75.4269377083204,90.44144214417491,17,12,332,332,227,100.0,68.37349397590361,31.626506024096386,True
nuscenes_mini_subset,scene-0103,scene-0103_032,translation,-10.0,cm,34752,34752,2844,8.183701657458563,14,2823,10.23267683313451,24.861097523326837,17,12,332,332,330,100.0,99.39759036144578,0.6024096385542208,False
nuscenes_mini_subset,scene-0103,scene-0103_032,translation,-5.0,cm,34752,34752,2840,8.17219152854512,7,2830,5.116896078641529,12.425365124449417,17,12,332,332,331,100.0,99.6987951807229,0.3012048192771033,False
nuscenes_mini_subset,scene-0103,scene-0103_032,translation,-2.0,cm,34752,34752,2842,8.177946593001842,3,2834,2.0478873831948596,4.968974515158663,17,12,332,332,332,100.0,100.0,0.0,False
nuscenes_mini_subset,scene-0103,scene-0103_032,translation,0.0,cm,34752,34752,2837,8.163558931860036,0,2837,0.0,0.0,17,12,332,332,332,100.0,100.0,0.0,False
nuscenes_mini_subset,scene-0103,scene-0103_032,translation,2.0,cm,34752,34752,2842,8.177946593001842,1,2836,2.0497517706199644,4.968657433504325,17,12,332,332,332,100.0,100.0,0.0,False
nuscenes_mini_subset,scene-0103,scene-0103_032,translation,5.0,cm,34752,34752,2840,8.17219152854512,7,2830,5.1173570534165,12.415026768519928,17,12,332,332,330,100.0,99.39759036144578,0.6024096385542208,False
nuscenes_mini_subset,scene-0103,scene-0103_032,translation,10.0,cm,34752,34752,2840,8.17219152854512,14,2823,10.186065542197637,24.82429903964169,17,12,332,332,329,100.0,99.09638554216868,0.9036144578313241,False
nuscenes_mini_subset,scene-0103,scene-0103_032,small_yaw,-0.25,deg,34752,34752,2844,8.183701657458563,5,2832,6.331750690926249,7.74361381597532,17,12,332,332,331,100.0,99.6987951807229,0.3012048192771033,False
nuscenes_mini_subset,scene-0103,scene-0103_032,small_yaw,-0.1,deg,34752,34752,2843,8.180824125230203,2,2835,2.53325570590049,3.1010160093995567,17,12,332,332,332,100.0,100.0,0.0,False
nuscenes_mini_subset,scene-0103,scene-0103_032,small_yaw,0.1,deg,34752,34752,2841,8.175069060773481,5,2832,2.533044072501317,3.0976496022718156,17,12,332,332,332,100.0,100.0,0.0,False
nuscenes_mini_subset,scene-0103,scene-0103_032,small_yaw,0.25,deg,34752,34752,2839,8.16931399631676,11,2826,6.3310346471748895,7.737999701016472,17,12,332,332,330,100.0,99.39759036144578,0.6024096385542208,False
nuscenes_mini_subset,scene-0103,scene-0103_033,yaw,-3.0,deg,34784,34784,2856,8.210671573137075,153,2700,75.30671293752314,90.72720130432333,16,12,381,381,272,100.0,71.39107611548556,28.60892388451444,True
nuscenes_mini_subset,scene-0103,scene-0103_033,yaw,-2.0,deg,34784,34784,2855,8.207796688132476,105,2748,50.30871311210855,61.00862984691304,16,12,381,381,323,100.0,84.7769028871391,15.223097112860899,True
nuscenes_mini_subset,scene-0103,scene-0103_033,yaw,-1.0,deg,34784,34784,2857,8.213546458141675,51,2802,25.222830731701897,30.81382945644887,16,12,381,381,361,100.0,94.750656167979,5.2493438320209975,False
nuscenes_mini_subset,scene-0103,scene-0103_033,yaw,-0.5,deg,34784,34784,2854,8.204921803127874,26,2827,12.633188880226806,15.475796640555576,16,12,381,381,376,100.0,98.68766404199475,1.3123359580052494,False
nuscenes_mini_subset,scene-0103,scene-0103_033,yaw,0.0,deg,34784,34784,2853,8.202046918123274,0,2853,0.0,0.0,16,12,381,381,381,100.0,100.0,0.0,False
nuscenes_mini_subset,scene-0103,scene-0103_033,yaw,0.5,deg,34784,34784,2846,8.181922723091077,29,2824,12.635371000211673,15.459513672364738,16,12,381,381,374,100.0,98.16272965879266,1.8372703412073434,False
nuscenes_mini_subset,scene-0103,scene-0103_033,yaw,1.0,deg,34784,34784,2850,8.193422263109476,55,2798,25.241665651546988,30.74233706125978,16,12,381,381,361,100.0,94.750656167979,5.2493438320209975,False
nuscenes_mini_subset,scene-0103,scene-0103_033,yaw,2.0,deg,34784,34784,2844,8.176172953081876,112,2741,50.37206163582485,60.7664474478325,16,12,381,381,325,100.0,85.30183727034121,14.69816272965879,True
nuscenes_mini_subset,scene-0103,scene-0103_033,yaw,3.0,deg,34784,34784,2840,8.164673413063477,166,2687,75.39923274932625,90.26528475690549,16,12,381,381,281,100.0,73.75328083989501,26.246719160104988,True
nuscenes_mini_subset,scene-0103,scene-0103_033,translation,-10.0,cm,34784,34784,2854,8.204921803127874,20,2833,10.583637446130243,25.255709478254833,16,12,381,381,377,100.0,98.9501312335958,1.0498687664042023,False
nuscenes_mini_subset,scene-0103,scene-0103_033,translation,-5.0,cm,34784,34784,2853,8.202046918123274,11,2842,5.298461872882629,12.621273314607834,16,12,381,381,379,100.0,99.4750656167979,0.5249343832020941,False
nuscenes_mini_subset,scene-0103,scene-0103_033,translation,-2.0,cm,34784,34784,2849,8.190547378104876,5,2848,2.1248216131322035,5.046805600077943,16,12,381,381,380,100.0,99.73753280839895,0.26246719160104703,False
nuscenes_mini_subset,scene-0103,scene-0103_033,translation,0.0,cm,34784,34784,2853,8.202046918123274,0,2853,0.0,0.0,16,12,381,381,381,100.0,100.0,0.0,False
nuscenes_mini_subset,scene-0103,scene-0103_033,translation,2.0,cm,34784,34784,2853,8.202046918123274,4,2849,2.122080371880518,5.046896461218261,16,12,381,381,379,100.0,99.4750656167979,0.5249343832020941,False
nuscenes_mini_subset,scene-0103,scene-0103_033,translation,5.0,cm,34784,34784,2855,8.207796688132476,8,2845,5.292526025890565,12.621421070633598,16,12,381,381,378,100.0,99.21259842519684,0.7874015748031553,False
nuscenes_mini_subset,scene-0103,scene-0103_033,translation,10.0,cm,34784,34784,2849,8.190547378104876,19,2834,10.506727693155515,25.215326874404546,16,12,381,381,376,100.0,98.68766404199475,1.3123359580052494,False
nuscenes_mini_subset,scene-0103,scene-0103_033,small_yaw,-0.25,deg,34784,34784,2854,8.204921803127874,12,2841,6.321536904208538,7.759532812039307,16,12,381,381,378,100.0,99.21259842519684,0.7874015748031553,False
nuscenes_mini_subset,scene-0103,scene-0103_033,small_yaw,-0.1,deg,34784,34784,2853,8.202046918123274,5,2848,2.5295547317645495,3.1056841909361226,16,12,381,381,380,100.0,99.73753280839895,0.26246719160104703,False
nuscenes_mini_subset,scene-0103,scene-0103_033,small_yaw,0.1,deg,34784,34784,2847,8.184797608095677,8,2845,2.529629709731246,3.1048898587451914,16,12,381,381,380,100.0,99.73753280839895,0.26246719160104703,False
nuscenes_mini_subset,scene-0103,scene-0103_033,small_yaw,0.25,deg,34784,34784,2848,8.187672493100276,14,2839,6.323199854244261,7.750806732540973,16,12,381,381,379,100.0,99.4750656167979,0.5249343832020941,False
nuscenes_mini_subset,scene-0103,scene-0103_034,yaw,-3.0,deg,34688,34688,2865,8.259340405904059,155,2689,75.4951452522274,90.41239551439892,16,12,435,434,324,99.77011494252874,74.48275862068965,25.287356321839084,True
nuscenes_mini_subset,scene-0103,scene-0103_034,yaw,-2.0,deg,34688,34688,2858,8.239160516605166,100,2744,50.46997729433532,60.85380998138203,16,12,435,434,373,99.77011494252874,85.74712643678161,14.022988505747122,True
nuscenes_mini_subset,scene-0103,scene-0103_034,yaw,-1.0,deg,34688,34688,2856,8.23339483394834,47,2797,25.305018098766773,30.73436179208819,16,12,435,434,416,99.77011494252874,95.63218390804597,4.137931034482762,False
nuscenes_mini_subset,scene-0103,scene-0103_034,yaw,-0.5,deg,34688,34688,2848,8.210332103321033,23,2821,12.661876291620468,15.443147638359429,16,12,435,434,431,99.77011494252874,99.08045977011494,0.6896551724137936,False
nuscenes_mini_subset,scene-0103,scene-0103_034,yaw,0.0,deg,34688,34688,2844,8.19880073800738,0,2844,0.0,0.0,16,12,435,434,434,99.77011494252874,99.77011494252874,0.0,False
nuscenes_mini_subset,scene-0103,scene-0103_034,yaw,0.5,deg,34688,34688,2836,8.175738007380074,30,2814,12.649932792735036,15.419513902316918,16,12,435,434,424,99.77011494252874,97.47126436781609,2.2988505747126453,False
nuscenes_mini_subset,scene-0103,scene-0103_034,yaw,1.0,deg,34688,34688,2836,8.175738007380074,56,2788,25.262303293126138,30.710269489956534,16,12,435,434,412,99.77011494252874,94.71264367816092,5.05747126436782,False
nuscenes_mini_subset,scene-0103,scene-0103_034,yaw,2.0,deg,34688,34688,2830,8.158440959409594,114,2730,50.41245607974809,60.76946573590035,16,12,435,434,371,99.77011494252874,85.28735632183908,14.482758620689651,True
nuscenes_mini_subset,scene-0103,scene-0103_034,yaw,3.0,deg,34688,34688,2824,8.141143911439114,169,2675,75.39088544846969,90.28742664584482,16,12,435,434,324,99.77011494252874,74.48275862068965,25.287356321839084,True
nuscenes_mini_subset,scene-0103,scene-0103_034,translation,-10.0,cm,34688,34688,2848,8.210332103321033,18,2826,10.339262364088487,25.170365494209648,16,12,435,434,429,99.77011494252874,98.62068965517241,1.1494252873563227,False
nuscenes_mini_subset,scene-0103,scene-0103_034,translation,-5.0,cm,34688,34688,2847,8.20744926199262,9,2835,5.1632954125279324,12.582094957879933,16,12,435,434,433,99.77011494252874,99.54022988505747,0.22988505747126453,False
nuscenes_mini_subset,scene-0103,scene-0103_034,translation,-2.0,cm,34688,34688,2848,8.210332103321033,2,2842,2.0643827478051726,5.031919855648687,16,12,435,434,435,99.77011494252874,100.0,-0.22988505747126453,False
nuscenes_mini_subset,scene-0103,scene-0103_034,translation,0.0,cm,34688,34688,2844,8.19880073800738,0,2844,0.0,0.0,16,12,435,434,434,99.77011494252874,99.77011494252874,0.0,False
nuscenes_mini_subset,scene-0103,scene-0103_034,translation,2.0,cm,34688,34688,2840,8.187269372693727,6,2838,2.062069430121726,5.031397858937066,16,12,435,434,434,99.77011494252874,99.77011494252874,0.0,False
nuscenes_mini_subset,scene-0103,scene-0103_034,translation,5.0,cm,34688,34688,2844,8.19880073800738,8,2836,5.146752714145083,12.565957367357528,16,12,435,434,434,99.77011494252874,99.77011494252874,0.0,False
nuscenes_mini_subset,scene-0103,scene-0103_034,translation,10.0,cm,34688,34688,2844,8.19880073800738,20,2824,10.27737288198807,25.12103588480062,16,12,435,434,431,99.77011494252874,99.08045977011494,0.6896551724137936,False
nuscenes_mini_subset,scene-0103,scene-0103_034,small_yaw,-0.25,deg,34688,34688,2851,8.218980627306273,9,2835,6.332524891542209,7.740719212893171,16,12,435,434,433,99.77011494252874,99.54022988505747,0.22988505747126453,False
nuscenes_mini_subset,scene-0103,scene-0103_034,small_yaw,-0.1,deg,34688,34688,2841,8.19015221402214,6,2838,2.5343614526993163,3.098401106323278,16,12,435,434,434,99.77011494252874,99.77011494252874,0.0,False
nuscenes_mini_subset,scene-0103,scene-0103_034,small_yaw,0.1,deg,34688,34688,2846,8.204566420664207,6,2838,2.534803332253792,3.0955947401265944,16,12,435,434,434,99.77011494252874,99.77011494252874,0.0,False
nuscenes_mini_subset,scene-0103,scene-0103_034,small_yaw,0.25,deg,34688,34688,2838,8.1815036900369,17,2827,6.329866423457347,7.727778464863256,16,12,435,434,430,99.77011494252874,98.85057471264368,0.9195402298850581,False
nuscenes_mini_subset,scene-0103,scene-0103_035,yaw,-3.0,deg,34720,34720,2854,8.22004608294931,136,2673,75.64526347075677,90.56323465365482,16,12,390,389,280,99.74358974358974,71.7948717948718,27.948717948717942,True
nuscenes_mini_subset,scene-0103,scene-0103_035,yaw,-2.0,deg,34720,34720,2840,8.179723502304148,90,2719,50.52789221732389,60.89670753437894,16,12,390,389,322,99.74358974358974,82.56410256410257,17.179487179487168,True
nuscenes_mini_subset,scene-0103,scene-0103_035,yaw,-1.0,deg,34720,34720,2823,8.130760368663594,48,2761,25.301638648422465,30.790267223867556,16,12,390,389,367,99.74358974358974,94.1025641025641,5.641025641025635,False
nuscenes_mini_subset,scene-0103,scene-0103_035,yaw,-0.5,deg,34720,34720,2810,8.09331797235023,31,2778,12.659743652731718,15.448253655310179,16,12,390,389,380,99.74358974358974,97.43589743589743,2.3076923076923066,False
nuscenes_mini_subset,scene-0103,scene-0103_035,yaw,0.0,deg,34720,34720,2809,8.090437788018432,0,2809,0.0,0.0,16,12,390,389,389,99.74358974358974,99.74358974358974,0.0,False
nuscenes_mini_subset,scene-0103,scene-0103_035,yaw,0.5,deg,34720,34720,2795,8.050115207373272,29,2780,12.649859403975421,15.479664638373198,16,12,390,389,376,99.74358974358974,96.41025641025641,3.3333333333333286,False
nuscenes_mini_subset,scene-0103,scene-0103_035,yaw,1.0,deg,34720,34720,2785,8.021313364055299,58,2751,25.250806426838658,30.794392872140318,16,12,390,389,356,99.74358974358974,91.28205128205128,8.461538461538453,False
nuscenes_mini_subset,scene-0103,scene-0103_035,yaw,2.0,deg,34720,34720,2781,8.00979262672811,112,2697,50.323642993193126,61.03431870899284,16,12,390,389,307,99.74358974358974,78.71794871794872,21.025641025641022,True
nuscenes_mini_subset,scene-0103,scene-0103_035,yaw,3.0,deg,34720,34720,2776,7.9953917050691246,170,2639,75.15049579159292,90.69130722902571,16,12,390,389,243,99.74358974358974,62.30769230769231,37.43589743589743,True
nuscenes_mini_subset,scene-0103,scene-0103_035,translation,-10.0,cm,34720,34720,2806,8.081797235023041,19,2790,10.895456493742785,25.278456237294122,16,12,390,389,382,99.74358974358974,97.94871794871794,1.7948717948717956,False
nuscenes_mini_subset,scene-0103,scene-0103_035,translation,-5.0,cm,34720,34720,2807,8.084677419354838,10,2799,5.448517108119798,12.648410686025088,16,12,390,389,386,99.74358974358974,98.97435897435898,0.7692307692307594,False
nuscenes_mini_subset,scene-0103,scene-0103_035,translation,-2.0,cm,34720,34720,2806,8.081797235023041,4,2805,2.1790351425550956,5.057899762632327,16,12,390,389,389,99.74358974358974,99.74358974358974,0.0,False
nuscenes_mini_subset,scene-0103,scene-0103_035,translation,0.0,cm,34720,34720,2809,8.090437788018432,0,2809,0.0,0.0,16,12,390,389,389,99.74358974358974,99.74358974358974,0.0,False
nuscenes_mini_subset,scene-0103,scene-0103_035,translation,2.0,cm,34720,34720,2806,8.081797235023041,8,2801,2.1691590707459483,5.0540328848139255,16,12,390,389,386,99.74358974358974,98.97435897435898,0.7692307692307594,False
nuscenes_mini_subset,scene-0103,scene-0103_035,translation,5.0,cm,34720,34720,2809,8.090437788018432,11,2798,5.4054166264113,12.637908332021839,16,12,390,389,385,99.74358974358974,98.71794871794872,1.025641025641022,False
nuscenes_mini_subset,scene-0103,scene-0103_035,translation,10.0,cm,34720,34720,2807,8.084677419354838,23,2786,10.76268051961971,25.262475674234132,16,12,390,389,381,99.74358974358974,97.6923076923077,2.051282051282044,False
nuscenes_mini_subset,scene-0103,scene-0103_035,small_yaw,-0.25,deg,34720,34720,2809,8.090437788018432,14,2795,6.334620088616712,7.748500106700272,16,12,390,389,385,99.74358974358974,98.71794871794872,1.025641025641022,False
nuscenes_mini_subset,scene-0103,scene-0103_035,small_yaw,-0.1,deg,34720,34720,2812,8.099078341013826,5,2804,2.5344167374970326,3.107230050544707,16,12,390,389,386,99.74358974358974,98.97435897435898,0.7692307692307594,False
nuscenes_mini_subset,scene-0103,scene-0103_035,small_yaw,0.1,deg,34720,34720,2804,8.076036866359447,8,2801,2.533359476211197,3.108359830883815,16,12,390,389,387,99.74358974358974,99.23076923076923,0.512820512820511,False
nuscenes_mini_subset,scene-0103,scene-0103_035,small_yaw,0.25,deg,34720,34720,2806,8.081797235023041,13,2796,6.330172499993759,7.760760455167905,16,12,390,389,384,99.74358974358974,98.46153846153847,1.2820512820512704,False
nuscenes_mini_subset,scene-0103,scene-0103_036,yaw,-3.0,deg,34752,34752,2803,8.065722836095764,162,2633,75.31557390292815,90.17951433653559,15,11,285,285,178,100.0,62.45614035087719,37.54385964912281,True
nuscenes_mini_subset,scene-0103,scene-0103_036,yaw,-2.0,deg,34752,34752,2798,8.051335174953959,108,2687,50.328940755904014,60.71698793957633,15,11,285,285,216,100.0,75.78947368421052,24.21052631578948,True
nuscenes_mini_subset,scene-0103,scene-0103_036,yaw,-1.0,deg,34752,34752,2794,8.039825046040516,52,2743,25.211280577208363,30.657327200547645,15,11,285,285,260,100.0,91.2280701754386,8.771929824561397,False
nuscenes_mini_subset,scene-0103,scene-0103_036,yaw,-0.5,deg,34752,34752,2794,8.039825046040516,24,2771,12.626943693934372,15.40125262930015,15,11,285,285,277,100.0,97.19298245614036,2.8070175438596436,False
nuscenes_mini_subset,scene-0103,scene-0103_036,yaw,0.0,deg,34752,34752,2795,8.042702578268877,0,2795,0.0,0.0,15,11,285,285,285,100.0,100.0,0.0,False
nuscenes_mini_subset,scene-0103,scene-0103_036,yaw,0.5,deg,34752,34752,2804,8.068600368324125,23,2772,12.61624725814185,15.404335111671276,15,11,285,285,280,100.0,98.24561403508773,1.7543859649122737,False
nuscenes_mini_subset,scene-0103,scene-0103_036,yaw,1.0,deg,34752,34752,2795,8.042702578268877,51,2744,25.18007146127308,30.707407127805887,15,11,285,285,268,100.0,94.03508771929825,5.964912280701753,False
nuscenes_mini_subset,scene-0103,scene-0103_036,yaw,2.0,deg,34752,34752,2795,8.042702578268877,104,2691,50.189755600619954,60.89813279113193,15,11,285,285,243,100.0,85.26315789473684,14.736842105263165,True
nuscenes_mini_subset,scene-0103,scene-0103_036,yaw,3.0,deg,34752,34752,2786,8.016804788213628,166,2629,75.04779665640847,90.48650394217019,15,11,285,285,209,100.0,73.33333333333333,26.66666666666667,True
nuscenes_mini_subset,scene-0103,scene-0103_036,translation,-10.0,cm,34752,34752,2810,8.085865561694291,13,2782,10.790332914906564,25.597667522141577,15,11,285,285,284,100.0,99.64912280701755,0.3508771929824519,False
nuscenes_mini_subset,scene-0103,scene-0103_036,translation,-5.0,cm,34752,34752,2804,8.068600368324125,4,2791,5.403219392464734,12.794727245677581,15,11,285,285,284,100.0,99.64912280701755,0.3508771929824519,False
nuscenes_mini_subset,scene-0103,scene-0103_036,translation,-2.0,cm,34752,34752,2803,8.065722836095764,2,2793,2.164923862959794,5.117737964756065,15,11,285,285,284,100.0,99.64912280701755,0.3508771929824519,False
nuscenes_mini_subset,scene-0103,scene-0103_036,translation,0.0,cm,34752,34752,2795,8.042702578268877,0,2795,0.0,0.0,15,11,285,285,285,100.0,100.0,0.0,False
nuscenes_mini_subset,scene-0103,scene-0103_036,translation,2.0,cm,34752,34752,2795,8.042702578268877,2,2793,2.1650043212955326,5.118185953160893,15,11,285,285,284,100.0,99.64912280701755,0.3508771929824519,False
nuscenes_mini_subset,scene-0103,scene-0103_036,translation,5.0,cm,34752,34752,2792,8.034069981583794,10,2785,5.403720639277841,12.790921739027338,15,11,285,285,283,100.0,99.29824561403508,0.701754385964918,False
nuscenes_mini_subset,scene-0103,scene-0103_036,translation,10.0,cm,34752,34752,2789,8.02543738489871,21,2774,10.751224254166992,25.58236876580395,15,11,285,285,278,100.0,97.54385964912281,2.4561403508771917,False
nuscenes_mini_subset,scene-0103,scene-0103_036,small_yaw,-0.25,deg,34752,34752,2799,8.054212707182321,9,2786,6.3171254150339005,7.722283586482151,15,11,285,285,283,100.0,99.29824561403508,0.701754385964918,False
nuscenes_mini_subset,scene-0103,scene-0103_036,small_yaw,-0.1,deg,34752,34752,2795,8.042702578268877,4,2791,2.527550612583621,3.089770326099589,15,11,285,285,284,100.0,99.64912280701755,0.3508771929824519,False
nuscenes_mini_subset,scene-0103,scene-0103_036,small_yaw,0.1,deg,34752,34752,2804,8.068600368324125,1,2794,2.526629908635178,3.0943208193047083,15,11,285,285,284,100.0,99.64912280701755,0.3508771929824519,False
nuscenes_mini_subset,scene-0103,scene-0103_036,small_yaw,0.25,deg,34752,34752,2799,8.054212707182321,11,2784,6.31407240382906,7.714855144536515,15,11,285,285,284,100.0,99.64912280701755,0.3508771929824519,False
nuscenes_mini_subset,scene-0103,scene-0103_037,yaw,-3.0,deg,34720,34720,2730,7.862903225806452,158,2563,75.2756003469701,90.5140436630981,15,10,343,342,235,99.70845481049562,68.5131195335277,31.195335276967924,True
nuscenes_mini_subset,scene-0103,scene-0103_037,yaw,-2.0,deg,34720,34720,2729,7.860023041474655,103,2618,50.249401053321414,60.89343104160994,15,10,343,342,282,99.70845481049562,82.21574344023324,17.492711370262384,True
nuscenes_mini_subset,scene-0103,scene-0103_037,yaw,-1.0,deg,34720,34720,2722,7.839861751152074,53,2668,25.168906501171293,30.74201415557385,15,10,343,342,319,99.70845481049562,93.00291545189505,6.705539358600575,False
nuscenes_mini_subset,scene-0103,scene-0103_037,yaw,-0.5,deg,34720,34720,2718,7.828341013824885,30,2691,12.59449299035312,15.430094407361468,15,10,343,342,333,99.70845481049562,97.08454810495627,2.623906705539355,False
nuscenes_mini_subset,scene-0103,scene-0103_037,yaw,0.0,deg,34720,34720,2721,7.836981566820277,0,2721,0.0,0.0,15,10,343,342,342,99.70845481049562,99.70845481049562,0.0,False
nuscenes_mini_subset,scene-0103,scene-0103_037,yaw,0.5,deg,34720,34720,2714,7.816820276497696,28,2693,12.602111537483053,15.457531758498432,15,10,343,342,335,99.70845481049562,97.66763848396502,2.040816326530603,False
nuscenes_mini_subset,scene-0103,scene-0103_037,yaw,1.0,deg,34720,34720,2712,7.811059907834101,56,2665,25.153442624205095,30.75650587452631,15,10,343,342,322,99.70845481049562,93.87755102040816,5.830903790087461,False
nuscenes_mini_subset,scene-0103,scene-0103_037,yaw,2.0,deg,34720,34720,2707,7.796658986175115,110,2611,50.13165027095628,60.90819438240305,15,10,343,342,291,99.70845481049562,84.8396501457726,14.86880466472303,True
nuscenes_mini_subset,scene-0103,scene-0103_037,yaw,3.0,deg,34720,34720,2709,7.80241935483871,159,2562,74.91902171547582,90.5231502802275,15,10,343,342,256,99.70845481049562,74.63556851311954,25.072886297376087,True
nuscenes_mini_subset,scene-0103,scene-0103_037,translation,-10.0,cm,34720,34720,2720,7.8341013824884795,20,2701,11.606472233499261,25.531919921601904,15,10,343,342,337,99.70845481049562,98.25072886297376,1.4577259475218654,False
nuscenes_mini_subset,scene-0103,scene-0103_037,translation,-5.0,cm,34720,34720,2723,7.842741935483871,7,2714,5.802708794757825,12.7719169090019,15,10,343,342,341,99.70845481049562,99.41690962099125,0.2915451895043759,False
nuscenes_mini_subset,scene-0103,scene-0103_037,translation,-2.0,cm,34720,34720,2719,7.831221198156682,4,2717,2.320826612049905,5.108314986900546,15,10,343,342,343,99.70845481049562,100.0,-0.2915451895043759,False
nuscenes_mini_subset,scene-0103,scene-0103_037,translation,0.0,cm,34720,34720,2721,7.836981566820277,0,2721,0.0,0.0,15,10,343,342,342,99.70845481049562,99.70845481049562,0.0,False
nuscenes_mini_subset,scene-0103,scene-0103_037,translation,2.0,cm,34720,34720,2718,7.828341013824885,7,2714,2.3172683990007563,5.106281210939537,15,10,343,342,339,99.70845481049562,98.83381924198251,0.8746355685131135,False
nuscenes_mini_subset,scene-0103,scene-0103_037,translation,5.0,cm,34720,34720,2717,7.825460829493087,11,2710,5.790369221901747,12.767632558756867,15,10,343,342,338,99.70845481049562,98.54227405247813,1.1661807580174894,False
nuscenes_mini_subset,scene-0103,scene-0103_037,translation,10.0,cm,34720,34720,2716,7.82258064516129,22,2699,11.572769524676792,25.533042744784357,15,10,343,342,333,99.70845481049562,97.08454810495627,2.623906705539355,False
nuscenes_mini_subset,scene-0103,scene-0103_037,small_yaw,-0.25,deg,34720,34720,2725,7.848502304147465,11,2710,6.304376354509225,7.739753916861187,15,10,343,342,338,99.70845481049562,98.54227405247813,1.1661807580174894,False
nuscenes_mini_subset,scene-0103,scene-0103_037,small_yaw,-0.1,deg,34720,34720,2722,7.839861751152074,5,2716,2.5233462249176553,3.104208160015602,15,10,343,342,339,99.70845481049562,98.83381924198251,0.8746355685131135,False
nuscenes_mini_subset,scene-0103,scene-0103_037,small_yaw,0.1,deg,34720,34720,2718,7.828341013824885,7,2714,2.5221505429181628,3.1022511560845882,15,10,343,342,341,99.70845481049562,99.41690962099125,0.2915451895043759,False
nuscenes_mini_subset,scene-0103,scene-0103_037,small_yaw,0.25,deg,34720,34720,2716,7.82258064516129,15,2706,6.305668088784094,7.7476862348124005,15,10,343,342,338,99.70845481049562,98.54227405247813,1.1661807580174894,False
nuscenes_mini_subset,scene-0103,scene-0103_038,yaw,-3.0,deg,34752,34752,2724,7.838397790055248,154,2580,74.60331457420364,91.07963475498728,13,13,398,397,293,99.74874371859296,73.61809045226131,26.13065326633165,True
nuscenes_mini_subset,scene-0103,scene-0103_038,yaw,-2.0,deg,34752,34752,2732,7.861418047882136,107,2627,49.80388081552452,61.32643652864052,13,13,398,397,340,99.74874371859296,85.42713567839196,14.321608040201,True
nuscenes_mini_subset,scene-0103,scene-0103_038,yaw,-1.0,deg,34752,34752,2729,7.852785451197054,59,2675,24.94030906107065,30.938881034793255,13,13,398,397,377,99.74874371859296,94.72361809045226,5.0251256281406995,False
nuscenes_mini_subset,scene-0103,scene-0103_038,yaw,-0.5,deg,34752,34752,2731,7.858540515653775,31,2703,12.486239905537863,15.53850906927336,13,13,398,397,391,99.74874371859296,98.24120603015075,1.5075376884422127,False
nuscenes_mini_subset,scene-0103,scene-0103_038,yaw,0.0,deg,34752,34752,2734,7.867173112338858,0,2734,0.0,0.0,13,13,398,397,397,99.74874371859296,99.74874371859296,0.0,False
nuscenes_mini_subset,scene-0103,scene-0103_038,yaw,0.5,deg,34752,34752,2738,7.878683241252302,25,2709,12.484577597089451,15.540437415089334,13,13,398,397,387,99.74874371859296,97.23618090452261,2.5125628140703498,False
nuscenes_mini_subset,scene-0103,scene-0103_038,yaw,1.0,deg,34752,34752,2735,7.870050644567219,58,2676,24.92524251343095,30.856964995121416,13,13,398,397,363,99.74874371859296,91.20603015075378,8.542713567839186,False
nuscenes_mini_subset,scene-0103,scene-0103_038,yaw,2.0,deg,34752,34752,2743,7.893070902394107,109,2625,49.727192943352,60.94100699988128,13,13,398,397,312,99.74874371859296,78.39195979899498,21.356783919597987,True
nuscenes_mini_subset,scene-0103,scene-0103_038,yaw,3.0,deg,34752,34752,2753,7.921846224677717,152,2582,74.4247038785905,90.63281181757169,13,13,398,397,260,99.74874371859296,65.32663316582915,34.42211055276381,True
nuscenes_mini_subset,scene-0103,scene-0103_038,translation,-10.0,cm,34752,34752,2737,7.8758057090239415,23,2711,10.945488605951015,27.027029831035073,13,13,398,397,379,99.74874371859296,95.22613065326634,4.522613065326624,False
nuscenes_mini_subset,scene-0103,scene-0103_038,translation,-5.0,cm,34752,34752,2734,7.867173112338858,11,2723,5.507839884093965,13.529201081338574,13,13,398,397,389,99.74874371859296,97.73869346733669,2.010050251256274,False
nuscenes_mini_subset,scene-0103,scene-0103_038,translation,-2.0,cm,34752,34752,2734,7.867173112338858,4,2730,2.2129779227775406,5.418993051768819,13,13,398,397,395,99.74874371859296,99.2462311557789,0.5025125628140614,False
nuscenes_mini_subset,scene-0103,scene-0103_038,translation,0.0,cm,34752,34752,2734,7.867173112338858,0,2734,0.0,0.0,13,13,398,397,397,99.74874371859296,99.74874371859296,0.0,False
nuscenes_mini_subset,scene-0103,scene-0103_038,translation,2.0,cm,34752,34752,2733,7.864295580110498,6,2728,2.203843757045907,5.421081855442452,13,13,398,397,396,99.74874371859296,99.49748743718592,0.2512562814070378,False
nuscenes_mini_subset,scene-0103,scene-0103_038,translation,5.0,cm,34752,34752,2737,7.8758057090239415,11,2723,5.519774311901914,13.554573860311308,13,13,398,397,395,99.74874371859296,99.2462311557789,0.5025125628140614,False
nuscenes_mini_subset,scene-0103,scene-0103_038,translation,10.0,cm,34752,34752,2736,7.87292817679558,25,2709,10.97017889029415,27.102864182718413,13,13,398,397,392,99.74874371859296,98.49246231155779,1.2562814070351749,False
nuscenes_mini_subset,scene-0103,scene-0103_038,small_yaw,-0.25,deg,34752,34752,2736,7.87292817679558,13,2721,6.250477916884765,7.794447235231154,13,13,398,397,397,99.74874371859296,99.74874371859296,0.0,False
nuscenes_mini_subset,scene-0103,scene-0103_038,small_yaw,-0.1,deg,34752,34752,2737,7.8758057090239415,5,2729,2.500241848722366,3.122266920392978,13,13,398,397,397,99.74874371859296,99.74874371859296,0.0,False
nuscenes_mini_subset,scene-0103,scene-0103_038,small_yaw,0.1,deg,34752,34752,2737,7.8758057090239415,4,2730,2.500078515407015,3.12226242642204,13,13,398,397,396,99.74874371859296,99.49748743718592,0.2512562814070378,False
nuscenes_mini_subset,scene-0103,scene-0103_038,small_yaw,0.25,deg,34752,34752,2736,7.87292817679558,12,2722,6.248506890352682,7.790397306439406,13,13,398,397,393,99.74874371859296,98.74371859296483,1.005025125628137,False
nuscenes_mini_subset,scene-0103,scene-0103_039,yaw,-3.0,deg,34720,34720,2704,7.788018433179723,154,2541,74.68054571755151,89.86000783971001,8,8,271,271,204,100.0,75.27675276752767,24.723247232472332,True
nuscenes_mini_subset,scene-0103,scene-0103_039,yaw,-2.0,deg,34720,34720,2705,7.7908986175115205,104,2591,49.89511395124698,60.455426851016085,8,8,271,271,236,100.0,87.08487084870849,12.91512915129151,True
nuscenes_mini_subset,scene-0103,scene-0103_039,yaw,-1.0,deg,34720,34720,2703,7.785138248847926,48,2647,25.01129858791681,30.51064575752136,8,8,271,271,263,100.0,97.0479704797048,2.9520295202951985,False
nuscenes_mini_subset,scene-0103,scene-0103_039,yaw,-0.5,deg,34720,34720,2687,7.739055299539171,31,2664,12.50959178720407,15.29588982471521,8,8,271,271,269,100.0,99.2619926199262,0.7380073800737961,False
nuscenes_mini_subset,scene-0103,scene-0103_039,yaw,0.0,deg,34720,34720,2695,7.762096774193548,0,2695,0.0,0.0,8,8,271,271,271,100.0,100.0,0.0,False
nuscenes_mini_subset,scene-0103,scene-0103_039,yaw,0.5,deg,34720,34720,2702,7.782258064516129,19,2676,12.51709237620593,15.332553597186172,8,8,271,271,269,100.0,99.2619926199262,0.7380073800737961,False
nuscenes_mini_subset,scene-0103,scene-0103_039,yaw,1.0,deg,34720,34720,2718,7.828341013824885,39,2656,25.015941791069054,30.507061243847144,8,8,271,271,263,100.0,97.0479704797048,2.9520295202951985,False
nuscenes_mini_subset,scene-0103,scene-0103_039,yaw,2.0,deg,34720,34720,2741,7.8945852534562215,76,2619,49.95856678807992,60.47415285601651,8,8,271,271,240,100.0,88.56088560885608,11.439114391143917,True
nuscenes_mini_subset,scene-0103,scene-0103_039,yaw,3.0,deg,34720,34720,2753,7.929147465437788,117,2578,74.7472848781787,89.82147363965078,8,8,271,271,211,100.0,77.85977859778598,22.140221402214024,True
nuscenes_mini_subset,scene-0103,scene-0103_039,translation,-10.0,cm,34720,34720,2702,7.782258064516129,15,2680,10.580048856378156,25.673717087217078,8,8,271,271,269,100.0,99.2619926199262,0.7380073800737961,False
nuscenes_mini_subset,scene-0103,scene-0103_039,translation,-5.0,cm,34720,34720,2698,7.77073732718894,8,2687,5.30290102168222,12.850666977996005,8,8,271,271,271,100.0,100.0,0.0,False
nuscenes_mini_subset,scene-0103,scene-0103_039,translation,-2.0,cm,34720,34720,2692,7.753456221198157,5,2690,2.1213036814050517,5.139460183392465,8,8,271,271,271,100.0,100.0,0.0,False
nuscenes_mini_subset,scene-0103,scene-0103_039,translation,0.0,cm,34720,34720,2695,7.762096774193548,0,2695,0.0,0.0,8,8,271,271,271,100.0,100.0,0.0,False
nuscenes_mini_subset,scene-0103,scene-0103_039,translation,2.0,cm,34720,34720,2691,7.750576036866359,5,2690,2.119842830027445,5.125580528101182,8,8,271,271,271,100.0,100.0,0.0,False
nuscenes_mini_subset,scene-0103,scene-0103_039,translation,5.0,cm,34720,34720,2690,7.747695852534562,11,2684,5.299751476275405,12.831680979130654,8,8,271,271,271,100.0,100.0,0.0,False
nuscenes_mini_subset,scene-0103,scene-0103_039,translation,10.0,cm,34720,34720,2685,7.733294930875576,25,2670,10.581976143584763,25.55414013518484,8,8,271,271,271,100.0,100.0,0.0,False
nuscenes_mini_subset,scene-0103,scene-0103_039,small_yaw,-0.25,deg,34720,34720,2689,7.744815668202765,18,2677,6.258762623916291,7.672828376593975,8,8,271,271,270,100.0,99.6309963099631,0.36900369003690514,False
nuscenes_mini_subset,scene-0103,scene-0103_039,small_yaw,-0.1,deg,34720,34720,2690,7.747695852534562,7,2688,2.505025760305332,3.074004074242358,8,8,271,271,271,100.0,100.0,0.0,False
nuscenes_mini_subset,scene-0103,scene-0103_039,small_yaw,0.1,deg,34720,34720,2693,7.756336405529954,6,2689,2.5057062902236864,3.075847624785757,8,8,271,271,271,100.0,100.0,0.0,False
nuscenes_mini_subset,scene-0103,scene-0103_039,small_yaw,0.25,deg,34720,34720,2701,7.779377880184332,12,2683,6.2607869226392685,7.675483479346714,8,8,271,271,269,100.0,99.2619926199262,0.7380073800737961,False
nuscenes_mini_subset,scene-1094,scene-1094_000,yaw,-3.0,deg,34400,34400,3492,10.151162790697674,189,3360,76.2029723192015,90.74689767286182,15,14,614,614,509,100.0,82.89902280130293,17.100977198697066,True
nuscenes_mini_subset,scene-1094,scene-1094_000,yaw,-2.0,deg,34400,34400,3515,10.218023255813954,127,3422,50.82180270682929,60.97038461081178,15,14,614,614,562,100.0,91.53094462540717,8.469055374592827,False
nuscenes_mini_subset,scene-1094,scene-1094_000,yaw,-1.0,deg,34400,34400,3534,10.273255813953488,63,3486,25.421161204151417,30.76084224088364,15,14,614,614,598,100.0,97.39413680781759,2.6058631921824116,False
nuscenes_mini_subset,scene-1094,scene-1094_000,yaw,-0.5,deg,34400,34400,3545,10.305232558139535,28,3521,12.71294308922901,15.456162651116507,15,14,614,614,610,100.0,99.3485342019544,0.6514657980456064,False
nuscenes_mini_subset,scene-1094,scene-1094_000,yaw,0.0,deg,34400,34400,3549,10.31686046511628,0,3549,0.0,0.0,15,14,614,614,614,100.0,100.0,0.0,False
nuscenes_mini_subset,scene-1094,scene-1094_000,yaw,0.5,deg,34400,34400,3559,10.345930232558139,21,3528,12.715759825888384,15.467408776425803,15,14,614,614,605,100.0,98.53420195439739,1.465798045602611,False
nuscenes_mini_subset,scene-1094,scene-1094_000,yaw,1.0,deg,34400,34400,3570,10.377906976744185,38,3511,25.416745901528298,30.89676362372748,15,14,614,614,582,100.0,94.78827361563518,5.211726384364823,False
nuscenes_mini_subset,scene-1094,scene-1094_000,yaw,2.0,deg,34400,34400,3587,10.42732558139535,81,3468,50.8044857672499,61.56610486371768,15,14,614,614,529,100.0,86.15635179153094,13.843648208469062,True
nuscenes_mini_subset,scene-1094,scene-1094_000,yaw,3.0,deg,34400,34400,3598,10.459302325581396,128,3421,76.15120638293992,91.89485973471987,15,14,614,614,491,100.0,79.96742671009773,20.032573289902274,True
nuscenes_mini_subset,scene-1094,scene-1094_000,translation,-10.0,cm,34400,34400,3548,10.313953488372093,15,3534,4.397112258406258,24.210301562453623,15,14,614,614,608,100.0,99.0228013029316,0.9771986970684026,False
nuscenes_mini_subset,scene-1094,scene-1094_000,translation,-5.0,cm,34400,34400,3550,10.319767441860465,7,3542,2.214188089329097,12.13394891122814,15,14,614,614,612,100.0,99.6742671009772,0.3257328990227961,False
nuscenes_mini_subset,scene-1094,scene-1094_000,translation,-2.0,cm,34400,34400,3547,10.311046511627907,3,3546,0.8886784807749815,4.85830363987516,15,14,614,614,613,100.0,99.8371335504886,0.16286644951139806,False
nuscenes_mini_subset,scene-1094,scene-1094_000,translation,0.0,cm,34400,34400,3549,10.31686046511628,0,3549,0.0,0.0,15,14,614,614,614,100.0,100.0,0.0,False
nuscenes_mini_subset,scene-1094,scene-1094_000,translation,2.0,cm,34400,34400,3550,10.319767441860465,3,3546,0.888683026806657,4.859837968941363,15,14,614,614,614,100.0,100.0,0.0,False
nuscenes_mini_subset,scene-1094,scene-1094_000,translation,5.0,cm,34400,34400,3552,10.325581395348838,5,3544,2.219051716703725,12.149955114228137,15,14,614,614,614,100.0,100.0,0.0,False
nuscenes_mini_subset,scene-1094,scene-1094_000,translation,10.0,cm,34400,34400,3557,10.340116279069768,10,3539,4.4237049661620444,24.301520164851432,15,14,614,614,614,100.0,100.0,0.0,False
nuscenes_mini_subset,scene-1094,scene-1094_000,small_yaw,-0.25,deg,34400,34400,3545,10.305232558139535,15,3534,6.358837979147232,7.743217701333595,15,14,614,614,614,100.0,100.0,0.0,False
nuscenes_mini_subset,scene-1094,scene-1094_000,small_yaw,-0.1,deg,34400,34400,3552,10.325581395348838,3,3546,2.5441610277557514,3.1030923106147776,15,14,614,614,614,100.0,100.0,0.0,False
nuscenes_mini_subset,scene-1094,scene-1094_000,small_yaw,0.1,deg,34400,34400,3550,10.319767441860465,4,3545,2.5434006757068675,3.101539276046588,15,14,614,614,613,100.0,99.8371335504886,0.16286644951139806,False
nuscenes_mini_subset,scene-1094,scene-1094_000,small_yaw,0.25,deg,34400,34400,3558,10.343023255813954,8,3541,6.357875519589712,7.746689746678793,15,14,614,614,611,100.0,99.51140065146579,0.4885993485342084,False
nuscenes_mini_subset,scene-1094,scene-1094_001,yaw,-3.0,deg,34688,34688,3498,10.084178966789668,188,3367,75.90868790407166,91.41950757819214,16,15,592,592,478,100.0,80.74324324324324,19.256756756756758,True
nuscenes_mini_subset,scene-1094,scene-1094_001,yaw,-2.0,deg,34688,34688,3521,10.150484317343173,125,3430,50.62954987294563,61.50334706039603,16,15,592,592,534,100.0,90.20270270270271,9.797297297297291,False
nuscenes_mini_subset,scene-1094,scene-1094_001,yaw,-1.0,deg,34688,34688,3542,10.211023985239853,61,3494,25.333223846703525,31.025618049375815,16,15,592,592,573,100.0,96.79054054054055,3.2094594594594525,False
nuscenes_mini_subset,scene-1094,scene-1094_001,yaw,-0.5,deg,34688,34688,3552,10.239852398523984,29,3526,12.674545158574876,15.576366983543048,16,15,592,592,588,100.0,99.32432432432432,0.6756756756756772,False
nuscenes_mini_subset,scene-1094,scene-1094_001,yaw,0.0,deg,34688,34688,3555,10.248500922509225,0,3555,0.0,0.0,16,15,592,592,592,100.0,100.0,0.0,False
nuscenes_mini_subset,scene-1094,scene-1094_001,yaw,0.5,deg,34688,34688,3562,10.268680811808117,25,3530,12.669369264349093,15.611759961760761,16,15,592,592,586,100.0,98.98648648648648,1.0135135135135158,False
nuscenes_mini_subset,scene-1094,scene-1094_001,yaw,1.0,deg,34688,34688,3560,10.262915129151292,58,3497,25.327561686097013,31.085969069939022,16,15,592,592,566,100.0,95.60810810810811,4.391891891891888,False
nuscenes_mini_subset,scene-1094,scene-1094_001,yaw,2.0,deg,34688,34688,3567,10.283095018450185,114,3441,50.60230893492966,61.725662761909426,16,15,592,592,521,100.0,88.00675675675676,11.993243243243242,True
nuscenes_mini_subset,scene-1094,scene-1094_001,yaw,3.0,deg,34688,34688,3571,10.294626383763838,168,3387,75.82131015132396,91.75560776073335,16,15,592,592,463,100.0,78.20945945945945,21.790540540540547,True
nuscenes_mini_subset,scene-1094,scene-1094_001,translation,-10.0,cm,34688,34688,3559,10.260032287822877,14,3541,4.468973385944775,24.206766847646666,16,15,592,592,589,100.0,99.49324324324324,0.5067567567567579,False
nuscenes_mini_subset,scene-1094,scene-1094_001,translation,-5.0,cm,34688,34688,3558,10.257149446494465,7,3548,2.2410360981498227,12.111399539806484,16,15,592,592,590,100.0,99.66216216216216,0.3378378378378386,False
nuscenes_mini_subset,scene-1094,scene-1094_001,translation,-2.0,cm,34688,34688,3561,10.265797970479705,1,3554,0.8994782891939064,4.846801465459988,16,15,592,592,592,100.0,100.0,0.0,False
nuscenes_mini_subset,scene-1094,scene-1094_001,translation,0.0,cm,34688,34688,3555,10.248500922509225,0,3555,0.0,0.0,16,15,592,592,592,100.0,100.0,0.0,False
nuscenes_mini_subset,scene-1094,scene-1094_001,translation,2.0,cm,34688,34688,3556,10.251383763837639,3,3552,0.9010042863401913,4.849979401493956,16,15,592,592,592,100.0,100.0,0.0,False
nuscenes_mini_subset,scene-1094,scene-1094_001,translation,5.0,cm,34688,34688,3555,10.248500922509225,9,3546,2.243045822969937,12.11542491789395,16,15,592,592,592,100.0,100.0,0.0,False
nuscenes_mini_subset,scene-1094,scene-1094_001,translation,10.0,cm,34688,34688,3552,10.239852398523984,17,3538,4.4821590887237015,24.234461187059996,16,15,592,592,592,100.0,100.0,0.0,False
nuscenes_mini_subset,scene-1094,scene-1094_001,small_yaw,-0.25,deg,34688,34688,3557,10.254266605166052,12,3543,6.337315863871419,7.811583792722857,16,15,592,592,591,100.0,99.83108108108108,0.1689189189189193,False
nuscenes_mini_subset,scene-1094,scene-1094_001,small_yaw,-0.1,deg,34688,34688,3555,10.248500922509225,6,3549,2.5357002171619425,3.129788391042984,16,15,592,592,592,100.0,100.0,0.0,False
nuscenes_mini_subset,scene-1094,scene-1094_001,small_yaw,0.1,deg,34688,34688,3561,10.265797970479705,3,3552,2.5356993200117297,3.132142632256023,16,15,592,592,591,100.0,99.83108108108108,0.1689189189189193,False
nuscenes_mini_subset,scene-1094,scene-1094_001,small_yaw,0.25,deg,34688,34688,3560,10.262915129151292,11,3544,6.336819891384326,7.8221223578079515,16,15,592,592,589,100.0,99.49324324324324,0.5067567567567579,False
nuscenes_mini_subset,scene-1094,scene-1094_002,yaw,-3.0,deg,34720,34720,3503,10.089285714285714,185,3366,75.4648530879283,91.1057843195073,18,16,576,576,445,100.0,77.25694444444444,22.743055555555557,True
nuscenes_mini_subset,scene-1094,scene-1094_002,yaw,-2.0,deg,34720,34720,3527,10.158410138248849,121,3430,50.34519150391821,61.287405968060526,18,16,576,576,499,100.0,86.63194444444444,13.368055555555557,True
nuscenes_mini_subset,scene-1094,scene-1094_002,yaw,-1.0,deg,34720,34720,3544,10.2073732718894,58,3493,25.19742062376841,30.900364622238815,18,16,576,576,553,100.0,96.00694444444444,3.993055555555557,False
nuscenes_mini_subset,scene-1094,scene-1094_002,yaw,-0.5,deg,34720,34720,3544,10.2073732718894,33,3518,12.603617474296307,15.522576820423913,18,16,576,576,569,100.0,98.78472222222223,1.2152777777777715,False
nuscenes_mini_subset,scene-1094,scene-1094_002,yaw,0.0,deg,34720,34720,3551,10.227534562211982,0,3551,0.0,0.0,18,16,576,576,576,100.0,100.0,0.0,False
nuscenes_mini_subset,scene-1094,scene-1094_002,yaw,0.5,deg,34720,34720,3556,10.241935483870968,22,3529,12.605677914468659,15.578438974254965,18,16,576,576,570,100.0,98.95833333333333,1.0416666666666714,False
nuscenes_mini_subset,scene-1094,scene-1094_002,yaw,1.0,deg,34720,34720,3551,10.227534562211982,50,3501,25.1888820311669,31.071296292386517,18,16,576,576,549,100.0,95.3125,4.6875,False
nuscenes_mini_subset,scene-1094,scene-1094_002,yaw,2.0,deg,34720,34720,3544,10.2073732718894,102,3449,50.31520443687048,61.946890384246835,18,16,576,576,504,100.0,87.5,12.5,True
nuscenes_mini_subset,scene-1094,scene-1094_002,yaw,3.0,deg,34720,34720,3542,10.201612903225806,151,3400,75.45194912088834,92.33719049098325,18,16,576,576,456,100.0,79.16666666666667,20.83333333333333,True
nuscenes_mini_subset,scene-1094,scene-1094_002,translation,-10.0,cm,34720,34720,3548,10.21889400921659,11,3540,4.380704995492161,23.745557927356348,18,16,576,576,573,100.0,99.47916666666667,0.5208333333333286,False
nuscenes_mini_subset,scene-1094,scene-1094_002,translation,-5.0,cm,34720,34720,3548,10.21889400921659,6,3545,2.2054286418850046,11.888000909315826,18,16,576,576,575,100.0,99.82638888888889,0.17361111111111427,False
nuscenes_mini_subset,scene-1094,scene-1094_002,translation,-2.0,cm,34720,34720,3550,10.224654377880185,1,3550,0.8857039273922798,4.759052825107912,18,16,576,576,576,100.0,100.0,0.0,False
nuscenes_mini_subset,scene-1094,scene-1094_002,translation,0.0,cm,34720,34720,3551,10.227534562211982,0,3551,0.0,0.0,18,16,576,576,576,100.0,100.0,0.0,False
nuscenes_mini_subset,scene-1094,scene-1094_002,translation,2.0,cm,34720,34720,3552,10.23041474654378,4,3547,0.8836553137474537,4.75966438817829,18,16,576,576,576,100.0,100.0,0.0,False
nuscenes_mini_subset,scene-1094,scene-1094_002,translation,5.0,cm,34720,34720,3552,10.23041474654378,7,3544,2.203557206460597,11.893259936674337,18,16,576,576,575,100.0,99.82638888888889,0.17361111111111427,False
nuscenes_mini_subset,scene-1094,scene-1094_002,translation,10.0,cm,34720,34720,3553,10.233294930875577,14,3537,4.381078457129266,23.771270571799477,18,16,576,576,574,100.0,99.65277777777777,0.34722222222222854,False
nuscenes_mini_subset,scene-1094,scene-1094_002,small_yaw,-0.25,deg,34720,34720,3546,10.213133640552995,17,3534,6.302908616981535,7.775394378542899,18,16,576,576,575,100.0,99.82638888888889,0.17361111111111427,False
nuscenes_mini_subset,scene-1094,scene-1094_002,small_yaw,-0.1,deg,34720,34720,3550,10.224654377880185,4,3547,2.522220506698995,3.116145033686054,18,16,576,576,575,100.0,99.82638888888889,0.17361111111111427,False
nuscenes_mini_subset,scene-1094,scene-1094_002,small_yaw,0.1,deg,34720,34720,3552,10.23041474654378,3,3548,2.522126439994266,3.1167846569333264,18,16,576,576,574,100.0,99.65277777777777,0.34722222222222854,False
nuscenes_mini_subset,scene-1094,scene-1094_002,small_yaw,0.25,deg,34720,34720,3556,10.241935483870968,11,3540,6.303470364867955,7.789677171714493,18,16,576,576,572,100.0,99.30555555555556,0.6944444444444429,False
nuscenes_mini_subset,scene-1094,scene-1094_003,yaw,-3.0,deg,34688,34688,3543,10.213906826568266,168,3413,75.1360049453736,91.50287526074226,21,17,568,568,440,100.0,77.46478873239437,22.535211267605632,True
nuscenes_mini_subset,scene-1094,scene-1094_003,yaw,-2.0,deg,34688,34688,3559,10.260032287822877,108,3473,50.13671295754373,61.51863037797571,21,17,568,568,493,100.0,86.79577464788733,13.204225352112672,True
nuscenes_mini_subset,scene-1094,scene-1094_003,yaw,-1.0,deg,34688,34688,3566,10.280212177121772,55,3526,25.112259902740544,31.005716025360982,21,17,568,568,537,100.0,94.54225352112677,5.457746478873233,False
nuscenes_mini_subset,scene-1094,scene-1094_003,yaw,-0.5,deg,34688,34688,3570,10.291743542435425,31,3550,12.570025574659912,15.571937331167897,21,17,568,568,555,100.0,97.71126760563381,2.2887323943661926,False
nuscenes_mini_subset,scene-1094,scene-1094_003,yaw,0.0,deg,34688,34688,3581,10.32345479704797,0,3581,0.0,0.0,21,17,568,568,568,100.0,100.0,0.0,False
nuscenes_mini_subset,scene-1094,scene-1094_003,yaw,0.5,deg,34688,34688,3583,10.329220479704796,22,3559,12.57488931168665,15.621555993728123,21,17,568,568,561,100.0,98.76760563380282,1.232394366197184,False
nuscenes_mini_subset,scene-1094,scene-1094_003,yaw,1.0,deg,34688,34688,3587,10.34075184501845,49,3532,25.131877521292992,31.19224406675267,21,17,568,568,536,100.0,94.36619718309859,5.633802816901408,False
nuscenes_mini_subset,scene-1094,scene-1094_003,yaw,2.0,deg,34688,34688,3589,10.346517527675276,98,3483,50.23299317931214,61.861373717143834,21,17,568,568,485,100.0,85.38732394366197,14.612676056338032,True
nuscenes_mini_subset,scene-1094,scene-1094_003,yaw,3.0,deg,34688,34688,3576,10.309040590405903,159,3422,75.26982023031401,92.20980835343319,21,17,568,568,443,100.0,77.99295774647888,22.00704225352112,True
nuscenes_mini_subset,scene-1094,scene-1094_003,translation,-10.0,cm,34688,34688,3579,10.317689114391143,14,3567,4.338860355644766,23.442841125337676,21,17,568,568,566,100.0,99.64788732394366,0.3521126760563362,False
nuscenes_mini_subset,scene-1094,scene-1094_003,translation,-5.0,cm,34688,34688,3579,10.317689114391143,7,3574,2.179354750548395,11.733860773250859,21,17,568,568,568,100.0,100.0,0.0,False
nuscenes_mini_subset,scene-1094,scene-1094_003,translation,-2.0,cm,34688,34688,3581,10.32345479704797,3,3578,0.8733180903392227,4.696099521199813,21,17,568,568,568,100.0,100.0,0.0,False
nuscenes_mini_subset,scene-1094,scene-1094_003,translation,0.0,cm,34688,34688,3581,10.32345479704797,0,3581,0.0,0.0,21,17,568,568,568,100.0,100.0,0.0,False
nuscenes_mini_subset,scene-1094,scene-1094_003,translation,2.0,cm,34688,34688,3580,10.320571955719558,4,3577,0.8720070794245517,4.697909634190535,21,17,568,568,566,100.0,99.64788732394366,0.3521126760563362,False
nuscenes_mini_subset,scene-1094,scene-1094_003,translation,5.0,cm,34688,34688,3578,10.31480627306273,8,3573,2.183152119024765,11.745699706269747,21,17,568,568,565,100.0,99.47183098591549,0.5281690140845114,False
nuscenes_mini_subset,scene-1094,scene-1094_003,translation,10.0,cm,34688,34688,3572,10.29750922509225,20,3561,4.36008074185126,23.489507751354378,21,17,568,568,562,100.0,98.94366197183099,1.0563380281690087,False
nuscenes_mini_subset,scene-1094,scene-1094_003,small_yaw,-0.25,deg,34688,34688,3571,10.294626383763838,18,3563,6.291591705915588,7.806297917478755,21,17,568,568,563,100.0,99.11971830985915,0.8802816901408477,False
nuscenes_mini_subset,scene-1094,scene-1094_003,small_yaw,-0.1,deg,34688,34688,3574,10.303274907749078,9,3572,2.5161341968779407,3.1270487366318678,21,17,568,568,566,100.0,99.64788732394366,0.3521126760563362,False
nuscenes_mini_subset,scene-1094,scene-1094_003,small_yaw,0.1,deg,34688,34688,3578,10.31480627306273,5,3576,2.5163516234828984,3.131088334419495,21,17,568,568,568,100.0,100.0,0.0,False
nuscenes_mini_subset,scene-1094,scene-1094_003,small_yaw,0.25,deg,34688,34688,3581,10.32345479704797,11,3570,6.289151950631265,7.817430094036676,21,17,568,568,565,100.0,99.47183098591549,0.5281690140845114,False
nuscenes_mini_subset,scene-1094,scene-1094_004,yaw,-3.0,deg,34720,34720,3561,10.256336405529954,175,3427,75.00271072254324,92.13108787764702,20,15,552,552,431,100.0,78.07971014492753,21.92028985507247,True
nuscenes_mini_subset,scene-1094,scene-1094_004,yaw,-2.0,deg,34720,34720,3579,10.308179723502304,114,3488,50.10038561900876,61.82744938195362,20,15,552,552,481,100.0,87.1376811594203,12.862318840579704,True
nuscenes_mini_subset,scene-1094,scene-1094_004,yaw,-1.0,deg,34720,34720,3592,10.345622119815669,59,3543,25.099120392408803,31.19349932591919,20,15,552,552,522,100.0,94.56521739130434,5.434782608695656,False
nuscenes_mini_subset,scene-1094,scene-1094_004,yaw,-0.5,deg,34720,34720,3588,10.334101382488479,37,3565,12.557252619168873,15.688589457796194,20,15,552,552,543,100.0,98.3695652173913,1.6304347826087024,False
nuscenes_mini_subset,scene-1094,scene-1094_004,yaw,0.0,deg,34720,34720,3602,10.37442396313364,0,3602,0.0,0.0,20,15,552,552,552,100.0,100.0,0.0,False
nuscenes_mini_subset,scene-1094,scene-1094_004,yaw,0.5,deg,34720,34720,3599,10.365783410138249,26,3576,12.567337298948775,15.727492881269601,20,15,552,552,543,100.0,98.3695652173913,1.6304347826087024,False
nuscenes_mini_subset,scene-1094,scene-1094_004,yaw,1.0,deg,34720,34720,3593,10.348502304147466,61,3541,25.114571389531232,31.303183016247143,20,15,552,552,511,100.0,92.57246376811594,7.427536231884062,False
nuscenes_mini_subset,scene-1094,scene-1094_004,yaw,2.0,deg,34720,34720,3558,10.247695852534562,143,3459,50.18198641649618,61.73577639283374,20,15,552,552,476,100.0,86.23188405797102,13.768115942028984,True
nuscenes_mini_subset,scene-1094,scene-1094_004,yaw,3.0,deg,34720,34720,3531,10.169930875576037,221,3381,75.23932803789593,91.53226151915837,20,15,552,552,445,100.0,80.6159420289855,19.3840579710145,True
nuscenes_mini_subset,scene-1094,scene-1094_004,translation,-10.0,cm,34720,34720,3599,10.365783410138249,15,3587,4.443091119082636,23.46028785941285,20,15,552,552,549,100.0,99.45652173913044,0.5434782608695627,False
nuscenes_mini_subset,scene-1094,scene-1094_004,translation,-5.0,cm,34720,34720,3601,10.371543778801843,8,3594,2.226350261436841,11.741532878788542,20,15,552,552,549,100.0,99.45652173913044,0.5434782608695627,False
nuscenes_mini_subset,scene-1094,scene-1094_004,translation,-2.0,cm,34720,34720,3600,10.368663594470046,5,3597,0.8907412085503634,4.699102185389793,20,15,552,552,552,100.0,100.0,0.0,False
nuscenes_mini_subset,scene-1094,scene-1094_004,translation,0.0,cm,34720,34720,3602,10.37442396313364,0,3602,0.0,0.0,20,15,552,552,552,100.0,100.0,0.0,False
nuscenes_mini_subset,scene-1094,scene-1094_004,translation,2.0,cm,34720,34720,3598,10.362903225806452,5,3597,0.8907458953382541,4.702359993409294,20,15,552,552,550,100.0,99.6376811594203,0.36231884057970376,False
nuscenes_mini_subset,scene-1094,scene-1094_004,translation,5.0,cm,34720,34720,3595,10.35426267281106,14,3588,2.230290975382368,11.745264188038343,20,15,552,552,550,100.0,99.6376811594203,0.36231884057970376,False
nuscenes_mini_subset,scene-1094,scene-1094_004,translation,10.0,cm,34720,34720,3594,10.351382488479263,21,3581,4.452880140573107,23.494225502070094,20,15,552,552,546,100.0,98.91304347826087,1.0869565217391255,False
nuscenes_mini_subset,scene-1094,scene-1094_004,small_yaw,-0.25,deg,34720,34720,3595,10.35426267281106,18,3584,6.282902378980738,7.866768238955341,20,15,552,552,549,100.0,99.45652173913044,0.5434782608695627,False
nuscenes_mini_subset,scene-1094,scene-1094_004,small_yaw,-0.1,deg,34720,34720,3593,10.348502304147466,13,3589,2.513617303300071,3.1510916825541933,20,15,552,552,550,100.0,99.6376811594203,0.36231884057970376,False
nuscenes_mini_subset,scene-1094,scene-1094_004,small_yaw,0.1,deg,34720,34720,3597,10.360023041474655,8,3594,2.5141693152634645,3.1533356042601106,20,15,552,552,552,100.0,100.0,0.0,False
nuscenes_mini_subset,scene-1094,scene-1094_004,small_yaw,0.25,deg,34720,34720,3597,10.360023041474655,15,3587,6.283063376483949,7.869808630824454,20,15,552,552,546,100.0,98.91304347826087,1.0869565217391255,False
nuscenes_mini_subset,scene-1094,scene-1094_005,yaw,-3.0,deg,34752,34752,3553,10.223872007366483,190,3358,74.99211168726046,91.33585727318443,20,14,580,580,464,100.0,80.0,20.0,True
nuscenes_mini_subset,scene-1094,scene-1094_005,yaw,-2.0,deg,34752,34752,3548,10.209484346224677,124,3424,50.11009245374039,61.46846027656303,20,14,580,580,515,100.0,88.79310344827586,11.206896551724142,True
nuscenes_mini_subset,scene-1094,scene-1094_005,yaw,-1.0,deg,34752,34752,3543,10.195096685082873,59,3489,25.12014573440593,30.97778540953383,20,14,580,580,562,100.0,96.89655172413794,3.103448275862064,False
nuscenes_mini_subset,scene-1094,scene-1094_005,yaw,-0.5,deg,34752,34752,3550,10.2152394106814,25,3523,12.577081136913149,15.54876303919234,20,14,580,580,573,100.0,98.79310344827586,1.2068965517241423,False
nuscenes_mini_subset,scene-1094,scene-1094_005,yaw,0.0,deg,34752,34752,3548,10.209484346224677,0,3548,0.0,0.0,20,14,580,580,580,100.0,100.0,0.0,False
nuscenes_mini_subset,scene-1094,scene-1094_005,yaw,0.5,deg,34752,34752,3550,10.2152394106814,27,3521,12.57668917078094,15.463010848951594,20,14,580,580,568,100.0,97.93103448275862,2.068965517241381,False
nuscenes_mini_subset,scene-1094,scene-1094_005,yaw,1.0,deg,34752,34752,3550,10.2152394106814,53,3495,25.12441407472153,30.628388281176324,20,14,580,580,535,100.0,92.24137931034483,7.758620689655174,False
nuscenes_mini_subset,scene-1094,scene-1094_005,yaw,2.0,deg,34752,34752,3554,10.226749539594843,100,3448,50.19632330465936,60.40283494037148,20,14,580,580,489,100.0,84.3103448275862,15.689655172413794,True
nuscenes_mini_subset,scene-1094,scene-1094_005,yaw,3.0,deg,34752,34752,3569,10.269912523020258,142,3406,75.24220741539578,89.69464204894575,20,14,580,580,451,100.0,77.75862068965517,22.241379310344826,True
nuscenes_mini_subset,scene-1094,scene-1094_005,translation,-10.0,cm,34752,34752,3543,10.195096685082873,22,3526,4.241183941633409,22.575199151605933,20,14,580,580,572,100.0,98.62068965517241,1.3793103448275872,False
nuscenes_mini_subset,scene-1094,scene-1094_005,translation,-5.0,cm,34752,34752,3550,10.2152394106814,10,3538,2.1537376879127996,11.349316383061531,20,14,580,580,578,100.0,99.65517241379311,0.3448275862068897,False
nuscenes_mini_subset,scene-1094,scene-1094_005,translation,-2.0,cm,34752,34752,3545,10.200851749539595,6,3542,0.8628305861721457,4.542488753089903,20,14,580,580,578,100.0,99.65517241379311,0.3448275862068897,False
nuscenes_mini_subset,scene-1094,scene-1094_005,translation,0.0,cm,34752,34752,3548,10.209484346224677,0,3548,0.0,0.0,20,14,580,580,580,100.0,100.0,0.0,False
nuscenes_mini_subset,scene-1094,scene-1094_005,translation,2.0,cm,34752,34752,3551,10.218116942909761,2,3546,0.86497415387637,4.559631781039223,20,14,580,580,579,100.0,99.82758620689656,0.17241379310344485,False
nuscenes_mini_subset,scene-1094,scene-1094_005,translation,5.0,cm,34752,34752,3549,10.212361878453038,7,3541,2.1619153795443933,11.39279200768778,20,14,580,580,578,100.0,99.65517241379311,0.3448275862068897,False
nuscenes_mini_subset,scene-1094,scene-1094_005,translation,10.0,cm,34752,34752,3558,10.238259668508288,10,3538,4.314222182109928,22.789002771884157,20,14,580,580,578,100.0,99.65517241379311,0.3448275862068897,False
nuscenes_mini_subset,scene-1094,scene-1094_005,small_yaw,-0.25,deg,34752,34752,3558,10.238259668508288,7,3541,6.292285398697472,7.7903312968976195,20,14,580,580,578,100.0,99.65517241379311,0.3448275862068897,False
nuscenes_mini_subset,scene-1094,scene-1094_005,small_yaw,-0.1,deg,34752,34752,3550,10.2152394106814,5,3543,2.5173044283677752,3.1182820863766874,20,14,580,580,578,100.0,99.65517241379311,0.3448275862068897,False
nuscenes_mini_subset,scene-1094,scene-1094_005,small_yaw,0.1,deg,34752,34752,3553,10.223872007366483,4,3544,2.516530289506346,3.120972392855741,20,14,580,580,578,100.0,99.65517241379311,0.3448275862068897,False
nuscenes_mini_subset,scene-1094,scene-1094_005,small_yaw,0.25,deg,34752,34752,3548,10.209484346224677,14,3534,6.289926593975022,7.773323584789434,20,14,580,580,577,100.0,99.48275862068965,0.5172413793103487,False
nuscenes_mini_subset,scene-1094,scene-1094_006,yaw,-3.0,deg,34688,34688,3540,10.205258302583026,196,3406,75.35549970530039,89.63703818144046,19,13,582,582,483,100.0,82.98969072164948,17.01030927835052,True
nuscenes_mini_subset,scene-1094,scene-1094_006,yaw,-2.0,deg,34688,34688,3554,10.245618081180812,129,3473,50.35211237311742,60.270963134244035,19,13,582,582,526,100.0,90.37800687285224,9.62199312714776,False
nuscenes_mini_subset,scene-1094,scene-1094_006,yaw,-1.0,deg,34688,34688,3576,10.309040590405903,64,3538,25.216496943380633,30.41099488741459,19,13,582,582,556,100.0,95.53264604810997,4.467353951890033,False
nuscenes_mini_subset,scene-1094,scene-1094_006,yaw,-0.5,deg,34688,34688,3588,10.343634686346864,31,3571,12.62009286118572,15.289557548162112,19,13,582,582,579,100.0,99.48453608247422,0.5154639175257785,False
nuscenes_mini_subset,scene-1094,scene-1094_006,yaw,0.0,deg,34688,34688,3602,10.38399446494465,0,3602,0.0,0.0,19,13,582,582,582,100.0,100.0,0.0,False
nuscenes_mini_subset,scene-1094,scene-1094_006,yaw,0.5,deg,34688,34688,3617,10.427237084870848,18,3584,12.626489207774629,15.311951682884269,19,13,582,582,571,100.0,98.10996563573883,1.8900343642611688,False
nuscenes_mini_subset,scene-1094,scene-1094_006,yaw,1.0,deg,34688,34688,3629,10.461831180811808,36,3566,25.22811950626329,30.538168242235095,19,13,582,582,550,100.0,94.50171821305842,5.498281786941575,False
nuscenes_mini_subset,scene-1094,scene-1094_006,yaw,2.0,deg,34688,34688,3637,10.484893911439114,87,3515,50.38058580455189,60.578995789989854,19,13,582,582,512,100.0,87.97250859106529,12.027491408934708,True
nuscenes_mini_subset,scene-1094,scene-1094_006,yaw,3.0,deg,34688,34688,3631,10.467596863468634,146,3456,75.44190040246424,90.07170409396164,19,13,582,582,476,100.0,81.78694158075601,18.213058419243993,True
nuscenes_mini_subset,scene-1094,scene-1094_006,translation,-10.0,cm,34688,34688,3609,10.404174354243542,12,3590,4.293608832627781,21.722662763529048,19,13,582,582,576,100.0,98.96907216494846,1.0309278350515427,False
nuscenes_mini_subset,scene-1094,scene-1094_006,translation,-5.0,cm,34688,34688,3608,10.40129151291513,6,3596,2.151108270402479,10.86335288145231,19,13,582,582,580,100.0,99.65635738831615,0.3436426116838476,False
nuscenes_mini_subset,scene-1094,scene-1094_006,translation,-2.0,cm,34688,34688,3601,10.381111623616237,3,3599,0.8611620879240879,4.345485730940467,19,13,582,582,581,100.0,99.82817869415807,0.1718213058419309,False
nuscenes_mini_subset,scene-1094,scene-1094_006,translation,0.0,cm,34688,34688,3602,10.38399446494465,0,3602,0.0,0.0,19,13,582,582,582,100.0,100.0,0.0,False
nuscenes_mini_subset,scene-1094,scene-1094_006,translation,2.0,cm,34688,34688,3600,10.378228782287822,2,3600,0.8612253079335264,4.34557552381685,19,13,582,582,582,100.0,100.0,0.0,False
nuscenes_mini_subset,scene-1094,scene-1094_006,translation,5.0,cm,34688,34688,3600,10.378228782287822,8,3594,2.15226572149935,10.86407237842288,19,13,582,582,582,100.0,100.0,0.0,False
nuscenes_mini_subset,scene-1094,scene-1094_006,translation,10.0,cm,34688,34688,3598,10.372463099630997,15,3587,4.301360237990839,21.72850873044697,19,13,582,582,582,100.0,100.0,0.0,False
nuscenes_mini_subset,scene-1094,scene-1094_006,small_yaw,-0.25,deg,34688,34688,3600,10.378228782287822,11,3591,6.315323281973361,7.669731815965433,19,13,582,582,582,100.0,100.0,0.0,False
nuscenes_mini_subset,scene-1094,scene-1094_006,small_yaw,-0.1,deg,34688,34688,3598,10.372463099630997,6,3596,2.526168130538492,3.0689616758854896,19,13,582,582,582,100.0,100.0,0.0,False
nuscenes_mini_subset,scene-1094,scene-1094_006,small_yaw,0.1,deg,34688,34688,3609,10.404174354243542,3,3599,2.5260673174639834,3.0676253746512505,19,13,582,582,581,100.0,99.82817869415807,0.1718213058419309,False
nuscenes_mini_subset,scene-1094,scene-1094_006,small_yaw,0.25,deg,34688,34688,3607,10.398408671586715,10,3592,6.3129585861648625,7.660772832776425,19,13,582,582,580,100.0,99.65635738831615,0.3436426116838476,False
nuscenes_mini_subset,scene-1094,scene-1094_007,yaw,-3.0,deg,34720,34720,3643,10.492511520737327,199,3479,75.46981002208099,90.18041302557947,18,15,627,627,529,100.0,84.37001594896331,15.629984051036686,True
nuscenes_mini_subset,scene-1094,scene-1094_007,yaw,-2.0,deg,34720,34720,3660,10.54147465437788,134,3544,50.40529240597765,60.663367981376126,18,15,627,627,564,100.0,89.95215311004785,10.047846889952154,True
nuscenes_mini_subset,scene-1094,scene-1094_007,yaw,-1.0,deg,34720,34720,3669,10.567396313364055,67,3611,25.254281477803012,30.622316177098256,18,15,627,627,602,100.0,96.01275917065391,3.987240829346092,False
nuscenes_mini_subset,scene-1094,scene-1094_007,yaw,-0.5,deg,34720,34720,3671,10.57315668202765,35,3643,12.639479758504038,15.385829455063526,18,15,627,627,625,100.0,99.68102073365232,0.31897926634768226,False
nuscenes_mini_subset,scene-1094,scene-1094_007,yaw,0.0,deg,34720,34720,3678,10.59331797235023,0,3678,0.0,0.0,18,15,627,627,627,100.0,100.0,0.0,False
nuscenes_mini_subset,scene-1094,scene-1094_007,yaw,0.5,deg,34720,34720,3676,10.587557603686635,32,3646,12.635686677175725,15.3960585800412,18,15,627,627,621,100.0,99.04306220095694,0.956937799043061,False
nuscenes_mini_subset,scene-1094,scene-1094_007,yaw,1.0,deg,34720,34720,3678,10.59331797235023,66,3612,25.232908967509175,30.58750724865475,18,15,627,627,586,100.0,93.46092503987241,6.539074960127593,False
nuscenes_mini_subset,scene-1094,scene-1094_007,yaw,2.0,deg,34720,34720,3681,10.601958525345623,127,3551,50.32448520775612,60.57096049008439,18,15,627,627,534,100.0,85.16746411483254,14.83253588516746,True
nuscenes_mini_subset,scene-1094,scene-1094_007,yaw,3.0,deg,34720,34720,3682,10.60483870967742,186,3492,75.34243538599628,90.00822116452792,18,15,627,627,500,100.0,79.74481658692186,20.255183413078143,True
nuscenes_mini_subset,scene-1094,scene-1094_007,translation,-10.0,cm,34720,34720,3678,10.59331797235023,15,3663,4.938200554021586,22.367239694388406,18,15,627,627,623,100.0,99.36204146730462,0.6379585326953787,False
nuscenes_mini_subset,scene-1094,scene-1094_007,translation,-5.0,cm,34720,34720,3682,10.60483870967742,5,3673,2.470586449800903,11.186238561814255,18,15,627,627,626,100.0,99.84051036682615,0.15948963317384823,False
nuscenes_mini_subset,scene-1094,scene-1094_007,translation,-2.0,cm,34720,34720,3678,10.59331797235023,3,3675,0.9882473340048541,4.476108633676268,18,15,627,627,626,100.0,99.84051036682615,0.15948963317384823,False
nuscenes_mini_subset,scene-1094,scene-1094_007,translation,0.0,cm,34720,34720,3678,10.59331797235023,0,3678,0.0,0.0,18,15,627,627,627,100.0,100.0,0.0,False
nuscenes_mini_subset,scene-1094,scene-1094_007,translation,2.0,cm,34720,34720,3676,10.587557603686635,4,3674,0.9893301967038071,4.47463454089556,18,15,627,627,627,100.0,100.0,0.0,False
nuscenes_mini_subset,scene-1094,scene-1094_007,translation,5.0,cm,34720,34720,3673,10.578917050691244,12,3666,2.470631306335739,11.182931334355194,18,15,627,627,627,100.0,100.0,0.0,False
nuscenes_mini_subset,scene-1094,scene-1094_007,translation,10.0,cm,34720,34720,3671,10.57315668202765,20,3658,4.941296629630248,22.34521976463823,18,15,627,627,627,100.0,100.0,0.0,False
nuscenes_mini_subset,scene-1094,scene-1094_007,small_yaw,-0.25,deg,34720,34720,3672,10.576036866359447,17,3661,6.322500569821585,7.7115237361059235,18,15,627,627,627,100.0,100.0,0.0,False
nuscenes_mini_subset,scene-1094,scene-1094_007,small_yaw,-0.1,deg,34720,34720,3676,10.587557603686635,6,3672,2.5294357933120075,3.0902603377645095,18,15,627,627,627,100.0,100.0,0.0,False
nuscenes_mini_subset,scene-1094,scene-1094_007,small_yaw,0.1,deg,34720,34720,3674,10.581797235023041,9,3669,2.5300065756211696,3.0896836251211584,18,15,627,627,626,100.0,99.84051036682615,0.15948963317384823,False
nuscenes_mini_subset,scene-1094,scene-1094_007,small_yaw,0.25,deg,34720,34720,3679,10.596198156682028,17,3661,6.320700871325832,7.712075024631838,18,15,627,627,626,100.0,99.84051036682615,0.15948963317384823,False
nuscenes_mini_subset,scene-1094,scene-1094_008,yaw,-3.0,deg,34752,34752,3647,10.494360036832413,188,3458,75.58253787656935,90.84312417921468,17,16,649,649,571,100.0,87.98151001540832,12.018489984591682,True
nuscenes_mini_subset,scene-1094,scene-1094_008,yaw,-2.0,deg,34752,34752,3647,10.494360036832413,128,3518,50.4612498808943,61.12425869512352,17,16,649,649,606,100.0,93.37442218798151,6.625577812018491,False
nuscenes_mini_subset,scene-1094,scene-1094_008,yaw,-1.0,deg,34752,34752,3648,10.497237569060774,63,3583,25.272107863029326,30.854803349453718,17,16,649,649,628,100.0,96.76425269645608,3.235747303543917,False
nuscenes_mini_subset,scene-1094,scene-1094_008,yaw,-0.5,deg,34752,34752,3647,10.494360036832413,32,3614,12.646412664323012,15.499318695194239,17,16,649,649,644,100.0,99.22958397534669,0.7704160246533149,False
nuscenes_mini_subset,scene-1094,scene-1094_008,yaw,0.0,deg,34752,34752,3646,10.491482504604052,0,3646,0.0,0.0,17,16,649,649,649,100.0,100.0,0.0,False
nuscenes_mini_subset,scene-1094,scene-1094_008,yaw,0.5,deg,34752,34752,3650,10.502992633517495,30,3616,12.631972032949532,15.521325275485925,17,16,649,649,639,100.0,98.45916795069337,1.5408320493066299,False
nuscenes_mini_subset,scene-1094,scene-1094_008,yaw,1.0,deg,34752,34752,3652,10.508747697974217,60,3586,25.226478948802317,30.938974506529227,17,16,649,649,614,100.0,94.60708782742681,5.39291217257319,False
nuscenes_mini_subset,scene-1094,scene-1094_008,yaw,2.0,deg,34752,34752,3647,10.494360036832413,130,3516,50.27068520238244,61.40469918372381,17,16,649,649,557,100.0,85.82434514637904,14.175654853620955,True
nuscenes_mini_subset,scene-1094,scene-1094_008,yaw,3.0,deg,34752,34752,3653,10.511625230202577,187,3459,75.12732068575541,91.51311228144213,17,16,649,649,510,100.0,78.58243451463791,21.41756548536209,True
nuscenes_mini_subset,scene-1094,scene-1094_008,translation,-10.0,cm,34752,34752,3650,10.502992633517495,15,3631,5.356130208586183,23.166108191951082,17,16,649,649,645,100.0,99.38366718027736,0.6163328197226434,False
nuscenes_mini_subset,scene-1094,scene-1094_008,translation,-5.0,cm,34752,34752,3649,10.500115101289135,7,3639,2.687599613999146,11.583990257352992,17,16,649,649,647,100.0,99.69183359013867,0.3081664098613288,False
nuscenes_mini_subset,scene-1094,scene-1094_008,translation,-2.0,cm,34752,34752,3649,10.500115101289135,3,3643,1.0754007083377473,4.633617518730905,17,16,649,649,648,100.0,99.84591679506934,0.1540832049306573,False
nuscenes_mini_subset,scene-1094,scene-1094_008,translation,0.0,cm,34752,34752,3646,10.491482504604052,0,3646,0.0,0.0,17,16,649,649,649,100.0,100.0,0.0,False
nuscenes_mini_subset,scene-1094,scene-1094_008,translation,2.0,cm,34752,34752,3650,10.502992633517495,0,3646,1.0790368176625225,4.634022003698789,17,16,649,649,649,100.0,100.0,0.0,False
nuscenes_mini_subset,scene-1094,scene-1094_008,translation,5.0,cm,34752,34752,3648,10.497237569060774,7,3639,2.6868815050491563,11.584755233637305,17,16,649,649,649,100.0,100.0,0.0,False
nuscenes_mini_subset,scene-1094,scene-1094_008,translation,10.0,cm,34752,34752,3649,10.500115101289135,14,3632,5.374563419982927,23.169072782135107,17,16,649,649,647,100.0,99.69183359013867,0.3081664098613288,False
nuscenes_mini_subset,scene-1094,scene-1094_008,small_yaw,-0.25,deg,34752,34752,3646,10.491482504604052,16,3630,6.323413191214037,7.766920344785863,17,16,649,649,648,100.0,99.84591679506934,0.1540832049306573,False
nuscenes_mini_subset,scene-1094,scene-1094_008,small_yaw,-0.1,deg,34752,34752,3653,10.511625230202577,1,3645,2.5301265887244355,3.114979534203489,17,16,649,649,649,100.0,100.0,0.0,False
nuscenes_mini_subset,scene-1094,scene-1094_008,small_yaw,0.1,deg,34752,34752,3648,10.497237569060774,6,3640,2.5307378456985443,3.1127178159774216,17,16,649,649,647,100.0,99.69183359013867,0.3081664098613288,False
nuscenes_mini_subset,scene-1094,scene-1094_008,small_yaw,0.25,deg,34752,34752,3655,10.5173802946593,12,3634,6.324369822049839,7.774704456376224,17,16,649,649,647,100.0,99.69183359013867,0.3081664098613288,False
nuscenes_mini_subset,scene-1094,scene-1094_009,yaw,-3.0,deg,34720,34720,3607,10.388824884792626,188,3432,75.09303654468209,91.27417959911342,18,15,469,469,361,100.0,76.97228144989339,23.027718550106613,True
nuscenes_mini_subset,scene-1094,scene-1094_009,yaw,-2.0,deg,34720,34720,3615,10.411866359447005,123,3497,50.12625392000414,61.411504855667864,18,15,469,469,394,100.0,84.00852878464819,15.991471215351808,True
nuscenes_mini_subset,scene-1094,scene-1094_009,yaw,-1.0,deg,34720,34720,3618,10.420506912442397,62,3558,25.109508689896845,30.98048360531711,18,15,469,469,444,100.0,94.66950959488273,5.330490405117274,False
nuscenes_mini_subset,scene-1094,scene-1094_009,yaw,-0.5,deg,34720,34720,3617,10.4176267281106,29,3591,12.56726754010749,15.564611984367097,18,15,469,469,466,100.0,99.36034115138592,0.6396588486140757,False
nuscenes_mini_subset,scene-1094,scene-1094_009,yaw,0.0,deg,34720,34720,3620,10.426267281105991,0,3620,0.0,0.0,18,15,469,469,469,100.0,100.0,0.0,False
nuscenes_mini_subset,scene-1094,scene-1094_009,yaw,0.5,deg,34720,34720,3624,10.43778801843318,29,3591,12.564514662795634,15.56509373437042,18,15,469,469,454,100.0,96.80170575692964,3.1982942430703645,False
nuscenes_mini_subset,scene-1094,scene-1094_009,yaw,1.0,deg,34720,34720,3633,10.463709677419354,51,3569,25.107965325557657,31.030405476430364,18,15,469,469,424,100.0,90.4051172707889,9.594882729211093,False
nuscenes_mini_subset,scene-1094,scene-1094_009,yaw,2.0,deg,34720,34720,3636,10.472350230414747,113,3507,50.08644959669518,61.48875314507019,18,15,469,469,361,100.0,76.97228144989339,23.027718550106613,True
nuscenes_mini_subset,scene-1094,scene-1094_009,yaw,3.0,deg,34720,34720,3641,10.486751152073733,174,3446,74.98639456548904,91.35941576396291,18,15,469,469,303,100.0,64.60554371002132,35.39445628997868,True
nuscenes_mini_subset,scene-1094,scene-1094_009,translation,-10.0,cm,34720,34720,3622,10.432027649769585,16,3604,5.80291212863475,23.92722780914602,18,15,469,469,456,100.0,97.22814498933901,2.7718550106609854,False
nuscenes_mini_subset,scene-1094,scene-1094_009,translation,-5.0,cm,34720,34720,3620,10.426267281105991,10,3610,2.9014694171923248,11.979251956659208,18,15,469,469,460,100.0,98.08102345415779,1.918976545842213,False
nuscenes_mini_subset,scene-1094,scene-1094_009,translation,-2.0,cm,34720,34720,3617,10.4176267281106,7,3613,1.1610367862184676,4.796015692688598,18,15,469,469,463,100.0,98.72068230277185,1.2793176972281515,False
nuscenes_mini_subset,scene-1094,scene-1094_009,translation,0.0,cm,34720,34720,3620,10.426267281105991,0,3620,0.0,0.0,18,15,469,469,469,100.0,100.0,0.0,False
nuscenes_mini_subset,scene-1094,scene-1094_009,translation,2.0,cm,34720,34720,3621,10.429147465437788,1,3619,1.1617065933002257,4.79932446476244,18,15,469,469,469,100.0,100.0,0.0,False
nuscenes_mini_subset,scene-1094,scene-1094_009,translation,5.0,cm,34720,34720,3620,10.426267281105991,11,3609,2.901752728834751,11.997203794330927,18,15,469,469,469,100.0,100.0,0.0,False
nuscenes_mini_subset,scene-1094,scene-1094_009,translation,10.0,cm,34720,34720,3626,10.443548387096774,15,3605,5.8020566354495795,23.990719993107717,18,15,469,469,468,100.0,99.7867803837953,0.21321961620469665,False
nuscenes_mini_subset,scene-1094,scene-1094_009,small_yaw,-0.25,deg,34720,34720,3620,10.426267281105991,13,3607,6.287159245498384,7.799065880159693,18,15,469,469,468,100.0,99.7867803837953,0.21321961620469665,False
nuscenes_mini_subset,scene-1094,scene-1094_009,small_yaw,-0.1,deg,34720,34720,3617,10.4176267281106,5,3615,2.515135325465289,3.1249041941286304,18,15,469,469,469,100.0,100.0,0.0,False
nuscenes_mini_subset,scene-1094,scene-1094_009,small_yaw,0.1,deg,34720,34720,3619,10.423387096774194,9,3611,2.5153729617202982,3.122171039455611,18,15,469,469,465,100.0,99.14712153518124,0.8528784648187582,False
nuscenes_mini_subset,scene-1094,scene-1094_009,small_yaw,0.25,deg,34720,34720,3619,10.423387096774194,17,3603,6.283605984959982,7.79539151915333,18,15,469,469,461,100.0,98.29424307036247,1.7057569296375306,False
nuscenes_mini_subset,scene-1094,scene-1094_010,yaw,-3.0,deg,34688,34688,3550,10.234086715867159,193,3399,75.41737674023325,91.31828865947205,16,15,364,364,261,100.0,71.7032967032967,28.2967032967033,True
nuscenes_mini_subset,scene-1094,scene-1094_010,yaw,-2.0,deg,34688,34688,3565,10.277329335793358,129,3463,50.39110945988924,61.42791158577134,16,15,364,364,297,100.0,81.5934065934066,18.4065934065934,True
nuscenes_mini_subset,scene-1094,scene-1094_010,yaw,-1.0,deg,34688,34688,3581,10.32345479704797,62,3530,25.252464890503667,31.0038900253561,16,15,364,364,336,100.0,92.3076923076923,7.692307692307693,False
nuscenes_mini_subset,scene-1094,scene-1094_010,yaw,-0.5,deg,34688,34688,3584,10.33210332103321,32,3560,12.643588414595735,15.573970481981416,16,15,364,364,354,100.0,97.25274725274726,2.7472527472527446,False
nuscenes_mini_subset,scene-1094,scene-1094_010,yaw,0.0,deg,34688,34688,3592,10.355166051660516,0,3592,0.0,0.0,16,15,364,364,364,100.0,100.0,0.0,False
nuscenes_mini_subset,scene-1094,scene-1094_010,yaw,0.5,deg,34688,34688,3594,10.360931734317344,30,3562,12.649456870629221,15.560798910675235,16,15,364,364,351,100.0,96.42857142857143,3.5714285714285694,False
nuscenes_mini_subset,scene-1094,scene-1094_010,yaw,1.0,deg,34688,34688,3600,10.378228782287822,55,3537,25.27667645848275,30.96231381676348,16,15,364,364,328,100.0,90.10989010989012,9.890109890109883,False
nuscenes_mini_subset,scene-1094,scene-1094_010,yaw,2.0,deg,34688,34688,3609,10.404174354243542,110,3482,50.44681798205437,61.13895276262852,16,15,364,364,270,100.0,74.17582417582418,25.824175824175825,True
nuscenes_mini_subset,scene-1094,scene-1094_010,yaw,3.0,deg,34688,34688,3618,10.430119926199263,164,3428,75.5164984598438,90.66952823400784,16,15,364,364,217,100.0,59.61538461538461,40.38461538461539,True
nuscenes_mini_subset,scene-1094,scene-1094_010,translation,-10.0,cm,34688,34688,3589,10.346517527675276,23,3569,6.52566330624685,24.698846789764627,16,15,364,364,349,100.0,95.87912087912088,4.120879120879124,False
nuscenes_mini_subset,scene-1094,scene-1094_010,translation,-5.0,cm,34688,34688,3590,10.34940036900369,11,3581,3.2717676178330963,12.353818780263515,16,15,364,364,357,100.0,98.07692307692308,1.9230769230769198,False
nuscenes_mini_subset,scene-1094,scene-1094_010,translation,-2.0,cm,34688,34688,3589,10.346517527675276,5,3587,1.3095530398944768,4.942929191565907,16,15,364,364,360,100.0,98.9010989010989,1.098901098901095,False
nuscenes_mini_subset,scene-1094,scene-1094_010,translation,0.0,cm,34688,34688,3592,10.355166051660516,0,3592,0.0,0.0,16,15,364,364,364,100.0,100.0,0.0,False
nuscenes_mini_subset,scene-1094,scene-1094_010,translation,2.0,cm,34688,34688,3592,10.355166051660516,5,3587,1.3095483639502397,4.940030099764312,16,15,364,364,364,100.0,100.0,0.0,False
nuscenes_mini_subset,scene-1094,scene-1094_010,translation,5.0,cm,34688,34688,3592,10.355166051660516,9,3583,3.2738621425350374,12.3410804829759,16,15,364,364,364,100.0,100.0,0.0,False
nuscenes_mini_subset,scene-1094,scene-1094_010,translation,10.0,cm,34688,34688,3594,10.360931734317344,18,3574,6.537105438971166,24.672782875392404,16,15,364,364,363,100.0,99.72527472527473,0.2747252747252702,False
nuscenes_mini_subset,scene-1094,scene-1094_010,small_yaw,-0.25,deg,34688,34688,3589,10.346517527675276,15,3577,6.325206700792546,7.806297045555946,16,15,364,364,364,100.0,100.0,0.0,False
nuscenes_mini_subset,scene-1094,scene-1094_010,small_yaw,-0.1,deg,34688,34688,3589,10.346517527675276,8,3584,2.531445676996241,3.1258018174069595,16,15,364,364,364,100.0,100.0,0.0,False
nuscenes_mini_subset,scene-1094,scene-1094_010,small_yaw,0.1,deg,34688,34688,3591,10.352283210332104,7,3585,2.5325849457564864,3.125210856850028,16,15,364,364,361,100.0,99.17582417582418,0.8241758241758248,False
nuscenes_mini_subset,scene-1094,scene-1094_010,small_yaw,0.25,deg,34688,34688,3593,10.35804889298893,14,3578,6.329654983980526,7.804285566440603,16,15,364,364,359,100.0,98.62637362637362,1.3736263736263794,False
nuscenes_mini_subset,scene-1094,scene-1094_011,yaw,-3.0,deg,34688,34688,3478,10.026522140221402,188,3371,75.3815164242951,90.6479670721827,15,13,345,345,273,100.0,79.1304347826087,20.869565217391298,True
nuscenes_mini_subset,scene-1094,scene-1094_011,yaw,-2.0,deg,34688,34688,3504,10.101476014760147,124,3435,50.352764081436916,60.8957346046213,15,13,345,345,296,100.0,85.79710144927536,14.20289855072464,True
nuscenes_mini_subset,scene-1094,scene-1094_011,yaw,-1.0,deg,34688,34688,3530,10.176429889298893,65,3494,25.22721762268993,30.743661214606657,15,13,345,345,334,100.0,96.81159420289855,3.1884057971014528,False
nuscenes_mini_subset,scene-1094,scene-1094_011,yaw,-0.5,deg,34688,34688,3543,10.213906826568266,32,3527,12.630277121624568,15.457920039419488,15,13,345,345,344,100.0,99.71014492753623,0.28985507246376585,False
nuscenes_mini_subset,scene-1094,scene-1094_011,yaw,0.0,deg,34688,34688,3559,10.260032287822877,0,3559,0.0,0.0,15,13,345,345,345,100.0,100.0,0.0,False
nuscenes_mini_subset,scene-1094,scene-1094_011,yaw,0.5,deg,34688,34688,3567,10.283095018450185,23,3536,12.635875184154495,15.43940941993929,15,13,345,345,329,100.0,95.3623188405797,4.637681159420296,False
nuscenes_mini_subset,scene-1094,scene-1094_011,yaw,1.0,deg,34688,34688,3579,10.317689114391143,42,3517,25.2560354579665,30.760449029284334,15,13,345,345,315,100.0,91.30434782608695,8.695652173913047,False
nuscenes_mini_subset,scene-1094,scene-1094_011,yaw,2.0,deg,34688,34688,3599,10.37534594095941,86,3473,50.41538471831115,61.1164454025643,15,13,345,345,272,100.0,78.84057971014492,21.159420289855078,True
nuscenes_mini_subset,scene-1094,scene-1094_011,yaw,3.0,deg,34688,34688,3606,10.395525830258302,138,3421,75.47106645879019,90.87900459309382,15,13,345,345,235,100.0,68.1159420289855,31.8840579710145,True
nuscenes_mini_subset,scene-1094,scene-1094_011,translation,-10.0,cm,34688,34688,3560,10.262915129151292,19,3540,7.292998261849107,24.342180944046373,15,13,345,345,335,100.0,97.10144927536231,2.898550724637687,False
nuscenes_mini_subset,scene-1094,scene-1094_011,translation,-5.0,cm,34688,34688,3560,10.262915129151292,10,3549,3.651010741753358,12.171442360614055,15,13,345,345,338,100.0,97.97101449275362,2.028985507246375,False
nuscenes_mini_subset,scene-1094,scene-1094_011,translation,-2.0,cm,34688,34688,3555,10.248500922509225,7,3552,1.4606021134392602,4.86834949619507,15,13,345,345,341,100.0,98.84057971014492,1.1594202898550776,False
nuscenes_mini_subset,scene-1094,scene-1094_011,translation,0.0,cm,34688,34688,3559,10.260032287822877,0,3559,0.0,0.0,15,13,345,345,345,100.0,100.0,0.0,False
nuscenes_mini_subset,scene-1094,scene-1094_011,translation,2.0,cm,34688,34688,3557,10.254266605166052,2,3557,1.4612070121146936,4.868769023562926,15,13,345,345,345,100.0,100.0,0.0,False
nuscenes_mini_subset,scene-1094,scene-1094_011,translation,5.0,cm,34688,34688,3557,10.254266605166052,9,3550,3.6520120391428055,12.170084586040677,15,13,345,345,345,100.0,100.0,0.0,False
nuscenes_mini_subset,scene-1094,scene-1094_011,translation,10.0,cm,34688,34688,3553,10.242735239852399,20,3539,7.302381393882426,24.337799943882622,15,13,345,345,345,100.0,100.0,0.0,False
nuscenes_mini_subset,scene-1094,scene-1094_011,small_yaw,-0.25,deg,34688,34688,3549,10.231203874538746,16,3543,6.320388349511326,7.7369436399541405,15,13,345,345,345,100.0,100.0,0.0,False
nuscenes_mini_subset,scene-1094,scene-1094_011,small_yaw,-0.1,deg,34688,34688,3557,10.254266605166052,4,3555,2.5286077453007074,3.1041596709489645,15,13,345,345,345,100.0,100.0,0.0,False
nuscenes_mini_subset,scene-1094,scene-1094_011,small_yaw,0.1,deg,34688,34688,3559,10.260032287822877,7,3552,2.528856106054614,3.099810140041159,15,13,345,345,341,100.0,98.84057971014492,1.1594202898550776,False
nuscenes_mini_subset,scene-1094,scene-1094_011,small_yaw,0.25,deg,34688,34688,3567,10.283095018450185,11,3548,6.322240268465933,7.740594171658531,15,13,345,345,338,100.0,97.97101449275362,2.028985507246375,False
nuscenes_mini_subset,scene-1094,scene-1094_012,yaw,-3.0,deg,34752,34752,3300,9.49585635359116,195,3189,75.12125198317172,90.60134293776086,15,13,437,437,333,100.0,76.20137299771167,23.798627002288328,True
nuscenes_mini_subset,scene-1094,scene-1094_012,yaw,-2.0,deg,34752,34752,3325,9.567794659300183,131,3253,50.18273355941293,60.90846006240459,15,13,437,437,368,100.0,84.21052631578948,15.78947368421052,True
nuscenes_mini_subset,scene-1094,scene-1094_012,yaw,-1.0,deg,34752,34752,3355,9.654120626151013,66,3318,25.134282381614852,30.73818016171203,15,13,437,437,413,100.0,94.50800915331808,5.491990846681915,False
nuscenes_mini_subset,scene-1094,scene-1094_012,yaw,-0.5,deg,34752,34752,3366,9.685773480662984,35,3349,12.581970658194512,15.426847237151373,15,13,437,437,433,100.0,99.08466819221968,0.9153318077803192,False
nuscenes_mini_subset,scene-1094,scene-1094_012,yaw,0.0,deg,34752,34752,3384,9.737569060773481,0,3384,0.0,0.0,15,13,437,437,437,100.0,100.0,0.0,False
nuscenes_mini_subset,scene-1094,scene-1094_012,yaw,0.5,deg,34752,34752,3396,9.772099447513812,19,3365,12.589485647085944,15.430440468489666,15,13,437,437,426,100.0,97.48283752860412,2.517162471395878,False
nuscenes_mini_subset,scene-1094,scene-1094_012,yaw,1.0,deg,34752,34752,3419,9.838282688766114,32,3352,25.170014454071612,30.74866092776732,15,13,437,437,409,100.0,93.59267734553775,6.407322654462249,False
nuscenes_mini_subset,scene-1094,scene-1094_012,yaw,2.0,deg,34752,34752,3459,9.953383977900552,60,3324,50.273128489818546,61.06962305176685,15,13,437,437,357,100.0,81.69336384439359,18.306636155606412,True
nuscenes_mini_subset,scene-1094,scene-1094_012,yaw,3.0,deg,34752,34752,3479,10.010934622467772,102,3282,75.305814792,90.69472981719245,15,13,437,437,309,100.0,70.70938215102974,29.290617848970257,True
nuscenes_mini_subset,scene-1094,scene-1094_012,translation,-10.0,cm,34752,34752,3386,9.743324125230203,17,3367,8.369999995470971,24.774282546245466,15,13,437,437,427,100.0,97.7116704805492,2.288329519450798,False
nuscenes_mini_subset,scene-1094,scene-1094_012,translation,-5.0,cm,34752,34752,3387,9.746201657458563,9,3375,4.193103871016434,12.38771726105705,15,13,437,437,432,100.0,98.8558352402746,1.144164759725399,False
nuscenes_mini_subset,scene-1094,scene-1094_012,translation,-2.0,cm,34752,34752,3383,9.73469152854512,6,3378,1.6779288791839768,4.954787189442108,15,13,437,437,435,100.0,99.54233409610984,0.4576659038901596,False
nuscenes_mini_subset,scene-1094,scene-1094_012,translation,0.0,cm,34752,34752,3384,9.737569060773481,0,3384,0.0,0.0,15,13,437,437,437,100.0,100.0,0.0,False
nuscenes_mini_subset,scene-1094,scene-1094_012,translation,2.0,cm,34752,34752,3381,9.728936464088397,4,3380,1.6782808487130947,4.954424870370723,15,13,437,437,437,100.0,100.0,0.0,False
nuscenes_mini_subset,scene-1094,scene-1094_012,translation,5.0,cm,34752,34752,3386,9.743324125230203,7,3377,4.196552443160619,12.385590013136667,15,13,437,437,437,100.0,100.0,0.0,False
nuscenes_mini_subset,scene-1094,scene-1094_012,translation,10.0,cm,34752,34752,3380,9.726058931860036,19,3365,8.390221790593158,24.7670227320454,15,13,437,437,437,100.0,100.0,0.0,False
nuscenes_mini_subset,scene-1094,scene-1094_012,small_yaw,-0.25,deg,34752,34752,3380,9.726058931860036,14,3370,6.295958441236062,7.7403086110315025,15,13,437,437,437,100.0,100.0,0.0,False
nuscenes_mini_subset,scene-1094,scene-1094_012,small_yaw,-0.1,deg,34752,34752,3380,9.726058931860036,6,3378,2.518892595345721,3.099814183862981,15,13,437,437,437,100.0,100.0,0.0,False
nuscenes_mini_subset,scene-1094,scene-1094_012,small_yaw,0.1,deg,34752,34752,3386,9.743324125230203,6,3378,2.5192156349245383,3.0967622784087525,15,13,437,437,435,100.0,99.54233409610984,0.4576659038901596,False
nuscenes_mini_subset,scene-1094,scene-1094_012,small_yaw,0.25,deg,34752,34752,3392,9.760589318600369,10,3374,6.296549657267478,7.7333279203049266,15,13,437,437,431,100.0,98.62700228832952,1.3729977116704788,False
nuscenes_mini_subset,scene-1094,scene-1094_013,yaw,-3.0,deg,34752,34752,3120,8.977900552486188,186,2991,75.54903940272233,91.52180669804588,14,13,487,486,374,99.79466119096509,76.79671457905545,22.99794661190964,True
nuscenes_mini_subset,scene-1094,scene-1094_013,yaw,-2.0,deg,34752,34752,3142,9.041206261510128,124,3053,50.40567548224869,61.585844921417255,14,13,487,486,426,99.79466119096509,87.47433264887064,12.320328542094444,True
nuscenes_mini_subset,scene-1094,scene-1094_013,yaw,-1.0,deg,34752,34752,3157,9.084369244935543,65,3112,25.231481980542434,31.088954725279184,14,13,487,486,466,99.79466119096509,95.68788501026694,4.106776180698148,False
nuscenes_mini_subset,scene-1094,scene-1094_013,yaw,-0.5,deg,34752,34752,3171,9.124654696132596,33,3144,12.62273701149779,15.606904053913407,14,13,487,486,482,99.79466119096509,98.97330595482546,0.8213552361396239,False
nuscenes_mini_subset,scene-1094,scene-1094_013,yaw,0.0,deg,34752,34752,3177,9.141919889502763,0,3177,0.0,0.0,14,13,487,486,486,99.79466119096509,99.79466119096509,0.0,False
nuscenes_mini_subset,scene-1094,scene-1094_013,yaw,0.5,deg,34752,34752,3181,9.153430018416206,21,3156,12.619929705413872,15.593855316828456,14,13,487,486,479,99.79466119096509,98.35728952772074,1.437371663244349,False
nuscenes_mini_subset,scene-1094,scene-1094_013,yaw,1.0,deg,34752,34752,3187,9.170695211786372,45,3132,25.205861022891156,31.086609397921876,14,13,487,486,467,99.79466119096509,95.89322381930185,3.901437371663235,False
nuscenes_mini_subset,scene-1094,scene-1094_013,yaw,2.0,deg,34752,34752,3203,9.216735727440147,95,3082,50.28841510629739,61.57660367715467,14,13,487,486,418,99.79466119096509,85.83162217659138,13.963039014373706,True
nuscenes_mini_subset,scene-1094,scene-1094_013,yaw,3.0,deg,34752,34752,3223,9.274286372007367,134,3043,75.28259531748442,91.42925665946878,14,13,487,486,359,99.79466119096509,73.71663244353182,26.078028747433265,True
nuscenes_mini_subset,scene-1094,scene-1094_013,translation,-10.0,cm,34752,34752,3175,9.136164825046041,16,3161,9.702452770501704,25.47862782766608,14,13,487,486,481,99.79466119096509,98.76796714579055,1.026694045174537,False
nuscenes_mini_subset,scene-1094,scene-1094_013,translation,-5.0,cm,34752,34752,3179,9.147674953959484,6,3171,4.867066653086701,12.740526852435949,14,13,487,486,485,99.79466119096509,99.58932238193019,0.20533880903489887,False
nuscenes_mini_subset,scene-1094,scene-1094_013,translation,-2.0,cm,34752,34752,3177,9.141919889502763,3,3174,1.9481770933423745,5.0973202573940775,14,13,487,486,486,99.79466119096509,99.79466119096509,0.0,False
nuscenes_mini_subset,scene-1094,scene-1094_013,translation,0.0,cm,34752,34752,3177,9.141919889502763,0,3177,0.0,0.0,14,13,487,486,486,99.79466119096509,99.79466119096509,0.0,False
nuscenes_mini_subset,scene-1094,scene-1094_013,translation,2.0,cm,34752,34752,3178,9.144797421731123,6,3171,1.947936580096085,5.0925793279091325,14,13,487,486,486,99.79466119096509,99.79466119096509,0.0,False
nuscenes_mini_subset,scene-1094,scene-1094_013,translation,5.0,cm,34752,34752,3174,9.133287292817679,11,3166,4.872650530454944,12.72497532651137,14,13,487,486,486,99.79466119096509,99.79466119096509,0.0,False
nuscenes_mini_subset,scene-1094,scene-1094_013,translation,10.0,cm,34752,34752,3173,9.130409760589318,23,3154,9.732395995207177,25.443207288649585,14,13,487,486,482,99.79466119096509,98.97330595482546,0.8213552361396239,False
nuscenes_mini_subset,scene-1094,scene-1094_013,small_yaw,-0.25,deg,34752,34752,3173,9.130409760589318,17,3160,6.313410725842136,7.8243224365597595,14,13,487,486,486,99.79466119096509,99.79466119096509,0.0,False
nuscenes_mini_subset,scene-1094,scene-1094_013,small_yaw,-0.1,deg,34752,34752,3176,9.139042357274402,10,3167,2.5260300935002467,3.1288735565640673,14,13,487,486,486,99.79466119096509,99.79466119096509,0.0,False
nuscenes_mini_subset,scene-1094,scene-1094_013,small_yaw,0.1,deg,34752,34752,3176,9.139042357274402,4,3173,2.5269129532573045,3.129909696338102,14,13,487,486,486,99.79466119096509,99.79466119096509,0.0,False
nuscenes_mini_subset,scene-1094,scene-1094_013,small_yaw,0.25,deg,34752,34752,3179,9.147674953959484,6,3171,6.315405295195744,7.8300757167013675,14,13,487,486,485,99.79466119096509,99.58932238193019,0.20533880903489887,False
nuscenes_mini_subset,scene-1094,scene-1094_014,yaw,-3.0,deg,34720,34720,2874,8.277649769585253,188,2711,76.29380260448161,91.57304873889012,11,9,581,581,476,100.0,81.92771084337349,18.07228915662651,True
nuscenes_mini_subset,scene-1094,scene-1094_014,yaw,-2.0,deg,34720,34720,2878,8.289170506912443,125,2774,50.92393548822268,61.63145945030278,11,9,581,581,528,100.0,90.87779690189329,9.12220309810671,False
nuscenes_mini_subset,scene-1094,scene-1094_014,yaw,-1.0,deg,34720,34720,2883,8.303571428571429,64,2835,25.489656450399284,31.071428776362183,11,9,581,581,568,100.0,97.76247848537005,2.2375215146299468,False
nuscenes_mini_subset,scene-1094,scene-1094_014,yaw,-0.5,deg,34720,34720,2887,8.315092165898617,33,2866,12.755272401691546,15.595477620708662,11,9,581,581,580,100.0,99.82788296041308,0.17211703958692226,False
nuscenes_mini_subset,scene-1094,scene-1094_014,yaw,0.0,deg,34720,34720,2899,8.349654377880185,0,2899,0.0,0.0,11,9,581,581,581,100.0,100.0,0.0,False
nuscenes_mini_subset,scene-1094,scene-1094_014,yaw,0.5,deg,34720,34720,2903,8.361175115207374,28,2871,12.745515620288737,15.592788340043139,11,9,581,581,581,100.0,100.0,0.0,False
nuscenes_mini_subset,scene-1094,scene-1094_014,yaw,1.0,deg,34720,34720,2914,8.392857142857142,48,2851,25.468386682699574,31.00776022776997,11,9,581,581,571,100.0,98.2788296041308,1.7211703958691942,False
nuscenes_mini_subset,scene-1094,scene-1094_014,yaw,2.0,deg,34720,34720,2940,8.46774193548387,88,2811,50.85037864833543,61.34963900173457,11,9,581,581,524,100.0,90.18932874354562,9.810671256454384,False
nuscenes_mini_subset,scene-1094,scene-1094_014,yaw,3.0,deg,34720,34720,2974,8.565668202764977,120,2779,76.16695195402342,91.2276908054794,11,9,581,581,474,100.0,81.58347676419966,18.41652323580034,True
nuscenes_mini_subset,scene-1094,scene-1094_014,translation,-10.0,cm,34720,34720,2903,8.361175115207374,15,2884,11.555776125908455,25.43128732859452,11,9,581,581,581,100.0,100.0,0.0,False
nuscenes_mini_subset,scene-1094,scene-1094_014,translation,-5.0,cm,34720,34720,2900,8.352534562211982,10,2889,5.781874742555291,12.709743438810806,11,9,581,581,581,100.0,100.0,0.0,False
nuscenes_mini_subset,scene-1094,scene-1094_014,translation,-2.0,cm,34720,34720,2894,8.335253456221198,7,2892,2.315072400651081,5.082481037819122,11,9,581,581,581,100.0,100.0,0.0,False
nuscenes_mini_subset,scene-1094,scene-1094_014,translation,0.0,cm,34720,34720,2899,8.349654377880185,0,2899,0.0,0.0,11,9,581,581,581,100.0,100.0,0.0,False
nuscenes_mini_subset,scene-1094,scene-1094_014,translation,2.0,cm,34720,34720,2899,8.349654377880185,1,2898,2.3149662310768084,5.0799041187555485,11,9,581,581,581,100.0,100.0,0.0,False
nuscenes_mini_subset,scene-1094,scene-1094_014,translation,5.0,cm,34720,34720,2894,8.335253456221198,11,2888,5.779950741868073,12.69572385972069,11,9,581,581,581,100.0,100.0,0.0,False
nuscenes_mini_subset,scene-1094,scene-1094_014,translation,10.0,cm,34720,34720,2892,8.329493087557603,20,2879,11.55672607221468,25.386703849109985,11,9,581,581,580,100.0,99.82788296041308,0.17211703958692226,False
nuscenes_mini_subset,scene-1094,scene-1094_014,small_yaw,-0.25,deg,34720,34720,2887,8.315092165898617,20,2879,6.380607937206085,7.81154744541598,11,9,581,581,580,100.0,99.82788296041308,0.17211703958692226,False
nuscenes_mini_subset,scene-1094,scene-1094_014,small_yaw,-0.1,deg,34720,34720,2900,8.352534562211982,3,2896,2.553811141087071,3.134073203800032,11,9,581,581,581,100.0,100.0,0.0,False
nuscenes_mini_subset,scene-1094,scene-1094_014,small_yaw,0.1,deg,34720,34720,2896,8.341013824884792,8,2891,2.55208463324063,3.1285373183851712,11,9,581,581,581,100.0,100.0,0.0,False
nuscenes_mini_subset,scene-1094,scene-1094_014,small_yaw,0.25,deg,34720,34720,2908,8.37557603686636,11,2888,6.378260654195315,7.823707018154269,11,9,581,581,581,100.0,100.0,0.0,False
nuscenes_mini_subset,scene-1094,scene-1094_015,yaw,-3.0,deg,34752,34752,2816,8.103130755064457,187,2638,77.04098874119262,91.96500122143065,11,11,485,485,347,100.0,71.54639175257732,28.45360824742268,True
nuscenes_mini_subset,scene-1094,scene-1094_015,yaw,-2.0,deg,34752,34752,2819,8.11176335174954,125,2700,51.505957553267,61.80838965073687,11,11,485,485,401,100.0,82.68041237113403,17.319587628865975,True
nuscenes_mini_subset,scene-1094,scene-1094_015,yaw,-1.0,deg,34752,34752,2819,8.11176335174954,65,2760,25.833290132361892,31.15847779432466,11,11,485,485,448,100.0,92.37113402061856,7.628865979381445,False
nuscenes_mini_subset,scene-1094,scene-1094_015,yaw,-0.5,deg,34752,34752,2829,8.140538674033149,24,2801,12.940172442460812,15.666819457384657,11,11,485,485,472,100.0,97.31958762886597,2.6804123711340253,False
nuscenes_mini_subset,scene-1094,scene-1094_015,yaw,0.0,deg,34752,34752,2825,8.129028545119706,0,2825,0.0,0.0,11,11,485,485,485,100.0,100.0,0.0,False
nuscenes_mini_subset,scene-1094,scene-1094_015,yaw,0.5,deg,34752,34752,2838,8.166436464088397,29,2796,12.942435984363012,15.672024466943032,11,11,485,485,480,100.0,98.96907216494846,1.0309278350515427,False
nuscenes_mini_subset,scene-1094,scene-1094_015,yaw,1.0,deg,34752,34752,2832,8.149171270718233,61,2764,25.839840053524306,31.20302330054092,11,11,485,485,468,100.0,96.49484536082474,3.5051546391752595,False
nuscenes_mini_subset,scene-1094,scene-1094_015,yaw,2.0,deg,34752,34752,2830,8.14341620626151,127,2698,51.51806218463507,61.834343653467315,11,11,485,485,433,100.0,89.27835051546391,10.721649484536087,True
nuscenes_mini_subset,scene-1094,scene-1094_015,yaw,3.0,deg,34752,34752,2825,8.129028545119706,186,2639,76.96668708861901,91.96892610933016,11,11,485,485,376,100.0,77.52577319587628,22.474226804123717,True
nuscenes_mini_subset,scene-1094,scene-1094_015,translation,-10.0,cm,34752,34752,2836,8.160681399631676,18,2807,12.312610462729394,25.160919931346474,11,11,485,485,484,100.0,99.79381443298969,0.20618556701030855,False
nuscenes_mini_subset,scene-1094,scene-1094_015,translation,-5.0,cm,34752,34752,2830,8.14341620626151,9,2816,6.160413036121887,12.579032787684913,11,11,485,485,485,100.0,100.0,0.0,False
nuscenes_mini_subset,scene-1094,scene-1094_015,translation,-2.0,cm,34752,34752,2828,8.137661141804788,4,2821,2.4646106113360364,5.031271053860443,11,11,485,485,485,100.0,100.0,0.0,False
nuscenes_mini_subset,scene-1094,scene-1094_015,translation,0.0,cm,34752,34752,2825,8.129028545119706,0,2825,0.0,0.0,11,11,485,485,485,100.0,100.0,0.0,False
nuscenes_mini_subset,scene-1094,scene-1094_015,translation,2.0,cm,34752,34752,2826,8.131906077348066,1,2824,2.46488635799124,5.030807193901253,11,11,485,485,484,100.0,99.79381443298969,0.20618556701030855,False
nuscenes_mini_subset,scene-1094,scene-1094_015,translation,5.0,cm,34752,34752,2824,8.126151012891345,9,2816,6.1562562762759985,12.576027776144562,11,11,485,485,480,100.0,98.96907216494846,1.0309278350515427,False
nuscenes_mini_subset,scene-1094,scene-1094_015,translation,10.0,cm,34752,34752,2820,8.1146408839779,22,2803,12.307598421389926,25.146516438972586,11,11,485,485,474,100.0,97.73195876288659,2.268041237113408,False
nuscenes_mini_subset,scene-1094,scene-1094_015,small_yaw,-0.25,deg,34752,34752,2826,8.131906077348066,13,2812,6.474474083867349,7.850961336399899,11,11,485,485,475,100.0,97.9381443298969,2.0618556701030997,False
nuscenes_mini_subset,scene-1094,scene-1094_015,small_yaw,-0.1,deg,34752,34752,2828,8.137661141804788,1,2824,2.590833143654832,3.1453181040343976,11,11,485,485,484,100.0,99.79381443298969,0.20618556701030855,False
nuscenes_mini_subset,scene-1094,scene-1094_015,small_yaw,0.1,deg,34752,34752,2831,8.146293738489872,5,2820,2.5909287062172153,3.1468888060207574,11,11,485,485,485,100.0,100.0,0.0,False
nuscenes_mini_subset,scene-1094,scene-1094_015,small_yaw,0.25,deg,34752,34752,2831,8.146293738489872,14,2811,6.474571363739222,7.852013999261022,11,11,485,485,484,100.0,99.79381443298969,0.20618556701030855,False
nuscenes_mini_subset,scene-1094,scene-1094_016,yaw,-3.0,deg,34816,34816,2810,8.071001838235293,164,2626,76.00715949020474,91.32766525660824,9,8,179,178,100,99.44134078212291,55.865921787709496,43.57541899441341,True
nuscenes_mini_subset,scene-1094,scene-1094_016,yaw,-2.0,deg,34816,34816,2803,8.050896139705882,105,2685,50.82124902329304,61.45105342739124,9,8,179,178,136,99.44134078212291,75.97765363128492,23.463687150837984,True
nuscenes_mini_subset,scene-1094,scene-1094_016,yaw,-1.0,deg,34816,34816,2782,7.990579044117647,59,2731,25.477214615854027,30.951370986880566,9,8,179,178,157,99.44134078212291,87.70949720670392,11.731843575418992,True
nuscenes_mini_subset,scene-1094,scene-1094_016,yaw,-0.5,deg,34816,34816,2782,7.990579044117647,32,2758,12.756438590294277,15.564759047243351,9,8,179,178,166,99.44134078212291,92.73743016759776,6.703910614525142,False
nuscenes_mini_subset,scene-1094,scene-1094_016,yaw,0.0,deg,34816,34816,2790,8.013556985294118,0,2790,0.0,0.0,9,8,179,178,178,99.44134078212291,99.44134078212291,0.0,False
nuscenes_mini_subset,scene-1094,scene-1094_016,yaw,0.5,deg,34816,34816,2791,8.016429227941176,29,2761,12.768173230442995,15.54385446578534,9,8,179,178,177,99.44134078212291,98.88268156424581,0.5586592178770928,False
nuscenes_mini_subset,scene-1094,scene-1094_016,yaw,1.0,deg,34816,34816,2802,8.048023897058824,43,2747,25.523933502992683,31.015302237240114,9,8,179,178,160,99.44134078212291,89.3854748603352,10.055865921787714,True
nuscenes_mini_subset,scene-1094,scene-1094_016,yaw,2.0,deg,34816,34816,2825,8.114085477941176,79,2711,50.977791803830016,61.59683290846076,9,8,179,178,137,99.44134078212291,76.53631284916202,22.90502793296089,True
nuscenes_mini_subset,scene-1094,scene-1094_016,yaw,3.0,deg,34816,34816,2830,8.128446691176471,134,2656,76.32399534437207,91.70068273509645,9,8,179,178,112,99.44134078212291,62.56983240223464,36.87150837988827,True
nuscenes_mini_subset,scene-1094,scene-1094_016,translation,-10.0,cm,34816,34816,2788,8.0078125,26,2764,11.512845952026227,25.19216936028993,9,8,179,178,178,99.44134078212291,99.44134078212291,0.0,False
nuscenes_mini_subset,scene-1094,scene-1094_016,translation,-5.0,cm,34816,34816,2786,8.002068014705882,15,2775,5.794781456314486,12.5924460691438,9,8,179,178,179,99.44134078212291,100.0,-0.5586592178770928,False
nuscenes_mini_subset,scene-1094,scene-1094_016,translation,-2.0,cm,34816,34816,2788,8.0078125,6,2784,2.345176023806449,5.035580868262899,9,8,179,178,179,99.44134078212291,100.0,-0.5586592178770928,False
nuscenes_mini_subset,scene-1094,scene-1094_016,translation,0.0,cm,34816,34816,2790,8.013556985294118,0,2790,0.0,0.0,9,8,179,178,178,99.44134078212291,99.44134078212291,0.0,False
nuscenes_mini_subset,scene-1094,scene-1094_016,translation,2.0,cm,34816,34816,2787,8.004940257352942,7,2783,2.340335987897911,5.035628870742094,9,8,179,178,173,99.44134078212291,96.64804469273743,2.7932960893854784,False
nuscenes_mini_subset,scene-1094,scene-1094_016,translation,5.0,cm,34816,34816,2790,8.013556985294118,11,2779,5.8350524515692035,12.562752795728246,9,8,179,178,173,99.44134078212291,96.64804469273743,2.7932960893854784,False
nuscenes_mini_subset,scene-1094,scene-1094_016,translation,10.0,cm,34816,34816,2791,8.016429227941176,23,2767,11.528808851280012,25.117758660694143,9,8,179,178,167,99.44134078212291,93.29608938547486,6.1452513966480495,False
nuscenes_mini_subset,scene-1094,scene-1094_016,small_yaw,-0.25,deg,34816,34816,2789,8.010684742647058,14,2776,6.384593088331814,7.812937847904452,9,8,179,178,173,99.44134078212291,96.64804469273743,2.7932960893854784,False
nuscenes_mini_subset,scene-1094,scene-1094_016,small_yaw,-0.1,deg,34816,34816,2787,8.004940257352942,8,2782,2.555193370156446,3.1328822732146793,9,8,179,178,173,99.44134078212291,96.64804469273743,2.7932960893854784,False
nuscenes_mini_subset,scene-1094,scene-1094_016,small_yaw,0.1,deg,34816,34816,2790,8.013556985294118,7,2783,2.5563860725476535,3.1319818811789792,9,8,179,178,179,99.44134078212291,100.0,-0.5586592178770928,False
nuscenes_mini_subset,scene-1094,scene-1094_016,small_yaw,0.25,deg,34816,34816,2788,8.0078125,16,2774,6.3853483868154335,7.802874542720127,9,8,179,178,178,99.44134078212291,99.44134078212291,0.0,False
nuscenes_mini_subset,scene-1094,scene-1094_017,yaw,-3.0,deg,34752,34752,2818,8.108885819521179,111,2684,76.05272988173866,91.73935904027952,8,8,146,146,83,100.0,56.84931506849315,43.15068493150685,True
nuscenes_mini_subset,scene-1094,scene-1094_017,yaw,-2.0,deg,34752,34752,2824,8.126151012891345,75,2720,50.80426872640088,61.68174685511854,8,8,146,146,107,100.0,73.28767123287672,26.71232876712328,True
nuscenes_mini_subset,scene-1094,scene-1094_017,yaw,-1.0,deg,34752,34752,2807,8.077232965009209,41,2754,25.462720175682655,31.116814829886046,8,8,146,146,126,100.0,86.3013698630137,13.698630136986296,True
nuscenes_mini_subset,scene-1094,scene-1094_017,yaw,-0.5,deg,34752,34752,2800,8.057090239410682,24,2771,12.73641545498756,15.618252816605825,8,8,146,146,138,100.0,94.52054794520548,5.479452054794521,False
nuscenes_mini_subset,scene-1094,scene-1094_017,yaw,0.0,deg,34752,34752,2795,8.042702578268877,0,2795,0.0,0.0,8,8,146,146,146,100.0,100.0,0.0,False
nuscenes_mini_subset,scene-1094,scene-1094_017,yaw,0.5,deg,34752,34752,2793,8.036947513812155,25,2770,12.743611609897137,15.66422928373389,8,8,146,146,143,100.0,97.94520547945206,2.0547945205479436,False
nuscenes_mini_subset,scene-1094,scene-1094_017,yaw,1.0,deg,34752,34752,2791,8.031192449355434,56,2739,25.46951058503916,31.16956779786624,8,8,146,146,135,100.0,92.46575342465754,7.534246575342465,False
nuscenes_mini_subset,scene-1094,scene-1094_017,yaw,2.0,deg,34752,34752,2786,8.016804788213628,113,2682,50.7855419893973,61.706674113691705,8,8,146,146,121,100.0,82.87671232876713,17.123287671232873,True
nuscenes_mini_subset,scene-1094,scene-1094_017,yaw,3.0,deg,34752,34752,2786,8.016804788213628,173,2622,76.04322793356431,91.74810582729596,8,8,146,146,90,100.0,61.64383561643836,38.35616438356164,True
nuscenes_mini_subset,scene-1094,scene-1094_017,translation,-10.0,cm,34752,34752,2796,8.045580110497237,16,2779,12.081930820682812,26.61812762991136,8,8,146,146,146,100.0,100.0,0.0,False
nuscenes_mini_subset,scene-1094,scene-1094_017,translation,-5.0,cm,34752,34752,2796,8.045580110497237,7,2788,6.047710319889947,13.308061735905264,8,8,146,146,146,100.0,100.0,0.0,False
nuscenes_mini_subset,scene-1094,scene-1094_017,translation,-2.0,cm,34752,34752,2792,8.034069981583794,4,2791,2.4244232638841368,5.3231010662824465,8,8,146,146,146,100.0,100.0,0.0,False
nuscenes_mini_subset,scene-1094,scene-1094_017,translation,0.0,cm,34752,34752,2795,8.042702578268877,0,2795,0.0,0.0,8,8,146,146,146,100.0,100.0,0.0,False
nuscenes_mini_subset,scene-1094,scene-1094_017,translation,2.0,cm,34752,34752,2791,8.031192449355434,8,2787,2.418077891098894,5.3192617028720015,8,8,146,146,144,100.0,98.63013698630137,1.3698630136986338,False
nuscenes_mini_subset,scene-1094,scene-1094_017,translation,5.0,cm,34752,34752,2797,8.048457642725598,10,2785,6.050487669327009,13.298771438470556,8,8,146,146,143,100.0,97.94520547945206,2.0547945205479436,False
nuscenes_mini_subset,scene-1094,scene-1094_017,translation,10.0,cm,34752,34752,2796,8.045580110497237,20,2775,12.067319146829416,26.56424031908507,8,8,146,146,141,100.0,96.57534246575342,3.4246575342465775,False
nuscenes_mini_subset,scene-1094,scene-1094_017,small_yaw,-0.25,deg,34752,34752,2797,8.048457642725598,11,2784,6.3741673268138115,7.8349301168218695,8,8,146,146,143,100.0,97.94520547945206,2.0547945205479436,False
nuscenes_mini_subset,scene-1094,scene-1094_017,small_yaw,-0.1,deg,34752,34752,2798,8.051335174953959,6,2789,2.5514346840993256,3.139750569068763,8,8,146,146,143,100.0,97.94520547945206,2.0547945205479436,False
nuscenes_mini_subset,scene-1094,scene-1094_017,small_yaw,0.1,deg,34752,34752,2794,8.039825046040516,4,2791,2.5521610806550243,3.144135492694072,8,8,146,146,146,100.0,100.0,0.0,False
nuscenes_mini_subset,scene-1094,scene-1094_017,small_yaw,0.25,deg,34752,34752,2792,8.034069981583794,12,2783,6.376273808247271,7.852583611339093,8,8,146,146,145,100.0,99.31506849315069,0.6849315068493098,False
nuscenes_mini_subset,scene-1094,scene-1094_018,yaw,-3.0,deg,34688,34688,2821,8.132495387453874,121,2645,75.47964128067234,91.19757063759587,8,8,107,107,60,100.0,56.074766355140184,43.925233644859816,True
nuscenes_mini_subset,scene-1094,scene-1094_018,yaw,-2.0,deg,34688,34688,2804,8.083487084870848,81,2685,50.49550168122,61.31825941447393,8,8,107,107,77,100.0,71.96261682242991,28.037383177570092,True
nuscenes_mini_subset,scene-1094,scene-1094_018,yaw,-1.0,deg,34688,34688,2779,8.011416051660516,44,2722,25.30440924974396,30.962350532089914,8,8,107,107,92,100.0,85.98130841121495,14.018691588785046,True
nuscenes_mini_subset,scene-1094,scene-1094_018,yaw,-0.5,deg,34688,34688,2768,7.979704797047971,25,2741,12.676883201296107,15.560864076609002,8,8,107,107,101,100.0,94.39252336448598,5.607476635514018,False
nuscenes_mini_subset,scene-1094,scene-1094_018,yaw,0.0,deg,34688,34688,2766,7.973939114391144,0,2766,0.0,0.0,8,8,107,107,107,100.0,100.0,0.0,False
nuscenes_mini_subset,scene-1094,scene-1094_018,yaw,0.5,deg,34688,34688,2757,7.947993542435424,28,2738,12.682151443393096,15.5887443001493,8,8,107,107,103,100.0,96.26168224299066,3.738317757009341,False
nuscenes_mini_subset,scene-1094,scene-1094_018,yaw,1.0,deg,34688,34688,2757,7.947993542435424,53,2713,25.337594786823853,31.072545211889885,8,8,107,107,98,100.0,91.58878504672897,8.411214953271028,False
nuscenes_mini_subset,scene-1094,scene-1094_018,yaw,2.0,deg,34688,34688,2740,7.898985239852398,113,2653,50.544084297863,61.48125347089043,8,8,107,107,86,100.0,80.37383177570094,19.626168224299064,True
nuscenes_mini_subset,scene-1094,scene-1094_018,yaw,3.0,deg,34688,34688,2728,7.864391143911439,166,2600,75.71681016271269,91.48439222320036,8,8,107,107,67,100.0,62.61682242990654,37.38317757009346,True
nuscenes_mini_subset,scene-1094,scene-1094_018,translation,-10.0,cm,34688,34688,2761,7.959524907749078,22,2744,11.944314954798305,25.775027757841773,8,8,107,107,104,100.0,97.19626168224299,2.803738317757009,False
nuscenes_mini_subset,scene-1094,scene-1094_018,translation,-5.0,cm,34688,34688,2764,7.968173431734317,9,2757,5.969731052805236,12.885189048008366,8,8,107,107,107,100.0,100.0,0.0,False
nuscenes_mini_subset,scene-1094,scene-1094_018,translation,-2.0,cm,34688,34688,2766,7.973939114391144,2,2764,2.396692021255289,5.155149563977555,8,8,107,107,107,100.0,100.0,0.0,False
nuscenes_mini_subset,scene-1094,scene-1094_018,translation,0.0,cm,34688,34688,2766,7.973939114391144,0,2766,0.0,0.0,8,8,107,107,107,100.0,100.0,0.0,False
nuscenes_mini_subset,scene-1094,scene-1094_018,translation,2.0,cm,34688,34688,2765,7.971056273062731,5,2761,2.387919482918705,5.155456936390649,8,8,107,107,106,100.0,99.06542056074767,0.9345794392523317,False
nuscenes_mini_subset,scene-1094,scene-1094_018,translation,5.0,cm,34688,34688,2763,7.965290590405904,13,2753,5.948335619906406,12.894937104529248,8,8,107,107,105,100.0,98.13084112149532,1.8691588785046775,False
nuscenes_mini_subset,scene-1094,scene-1094_018,translation,10.0,cm,34688,34688,2764,7.968173431734317,24,2742,11.786125033582374,25.77761250421489,8,8,107,107,105,100.0,98.13084112149532,1.8691588785046775,False
nuscenes_mini_subset,scene-1094,scene-1094_018,small_yaw,-0.25,deg,34688,34688,2772,7.9912361623616235,12,2754,6.343550256013558,7.80550763952532,8,8,107,107,104,100.0,97.19626168224299,2.803738317757009,False
nuscenes_mini_subset,scene-1094,scene-1094_018,small_yaw,-0.1,deg,34688,34688,2763,7.965290590405904,8,2758,2.537291280692463,3.124582174639288,8,8,107,107,105,100.0,98.13084112149532,1.8691588785046775,False
nuscenes_mini_subset,scene-1094,scene-1094_018,small_yaw,0.1,deg,34688,34688,2766,7.973939114391144,3,2763,2.5384733839203584,3.130522738301902,8,8,107,107,107,100.0,100.0,0.0,False
nuscenes_mini_subset,scene-1094,scene-1094_018,small_yaw,0.25,deg,34688,34688,2757,7.947993542435424,16,2750,6.344701612188468,7.810324090865329,8,8,107,107,107,100.0,100.0,0.0,False
nuscenes_mini_subset,scene-1094,scene-1094_019,yaw,-3.0,deg,34688,34688,2874,8.285285977859779,120,2709,75.21370544606063,90.99302839983086,9,8,122,122,71,100.0,58.19672131147541,41.80327868852459,True
nuscenes_mini_subset,scene-1094,scene-1094_019,yaw,-2.0,deg,34688,34688,2859,8.242043357933579,75,2754,50.25479259378427,61.16300229912609,9,8,122,122,91,100.0,74.59016393442623,25.40983606557377,True
nuscenes_mini_subset,scene-1094,scene-1094_019,yaw,-1.0,deg,34688,34688,2847,8.20744926199262,38,2791,25.189315429665356,30.84463537445827,9,8,122,122,110,100.0,90.1639344262295,9.836065573770497,False
nuscenes_mini_subset,scene-1094,scene-1094_019,yaw,-0.5,deg,34688,34688,2842,8.193035055350553,14,2815,12.612203806156087,15.531303736479959,9,8,122,122,119,100.0,97.54098360655738,2.4590163934426243,False
nuscenes_mini_subset,scene-1094,scene-1094_019,yaw,0.0,deg,34688,34688,2829,8.155558118081181,0,2829,0.0,0.0,9,8,122,122,122,100.0,100.0,0.0,False
nuscenes_mini_subset,scene-1094,scene-1094_019,yaw,0.5,deg,34688,34688,2823,8.138261070110701,27,2802,12.612976564403763,15.547592494699725,9,8,122,122,115,100.0,94.26229508196721,5.73770491803279,False
nuscenes_mini_subset,scene-1094,scene-1094_019,yaw,1.0,deg,34688,34688,2814,8.112315498154981,53,2776,25.18514766728405,30.982629119488895,9,8,122,122,107,100.0,87.70491803278688,12.295081967213122,True
nuscenes_mini_subset,scene-1094,scene-1094_019,yaw,2.0,deg,34688,34688,2804,8.083487084870848,112,2717,50.21740134877404,61.392856134817,9,8,122,122,89,100.0,72.95081967213115,27.049180327868854,True
nuscenes_mini_subset,scene-1094,scene-1094_019,yaw,3.0,deg,34688,34688,2785,8.028713099630997,173,2656,75.1262356704342,91.16467503458074,9,8,122,122,65,100.0,53.278688524590166,46.721311475409834,True
nuscenes_mini_subset,scene-1094,scene-1094_019,translation,-10.0,cm,34688,34688,2830,8.158440959409594,17,2812,11.503029434851506,25.577990825597908,9,8,122,122,119,100.0,97.54098360655738,2.4590163934426243,False
nuscenes_mini_subset,scene-1094,scene-1094_019,translation,-5.0,cm,34688,34688,2832,8.164206642066421,6,2823,5.758513490482285,12.803106489957955,9,8,122,122,120,100.0,98.36065573770492,1.639344262295083,False
nuscenes_mini_subset,scene-1094,scene-1094_019,translation,-2.0,cm,34688,34688,2831,8.161323800738007,1,2828,2.3056587403490965,5.12068602866009,9,8,122,122,122,100.0,100.0,0.0,False
nuscenes_mini_subset,scene-1094,scene-1094_019,translation,0.0,cm,34688,34688,2829,8.155558118081181,0,2829,0.0,0.0,9,8,122,122,122,100.0,100.0,0.0,False
nuscenes_mini_subset,scene-1094,scene-1094_019,translation,2.0,cm,34688,34688,2830,8.158440959409594,1,2828,2.305668299648225,5.120733183548765,9,8,122,122,122,100.0,100.0,0.0,False
nuscenes_mini_subset,scene-1094,scene-1094_019,translation,5.0,cm,34688,34688,2835,8.17285516605166,6,2823,5.744634776335754,12.80340132315437,9,8,122,122,122,100.0,100.0,0.0,False
nuscenes_mini_subset,scene-1094,scene-1094_019,translation,10.0,cm,34688,34688,2837,8.178620848708487,13,2816,11.424322338032091,25.61320380581916,9,8,122,122,121,100.0,99.18032786885246,0.8196721311475414,False
nuscenes_mini_subset,scene-1094,scene-1094_019,small_yaw,-0.25,deg,34688,34688,2842,8.193035055350553,3,2826,6.3132624867067015,7.793488583479867,9,8,122,122,122,100.0,100.0,0.0,False
nuscenes_mini_subset,scene-1094,scene-1094_019,small_yaw,-0.1,deg,34688,34688,2833,8.167089483394834,1,2828,2.5264837561545823,3.1163458443134315,9,8,122,122,122,100.0,100.0,0.0,False
nuscenes_mini_subset,scene-1094,scene-1094_019,small_yaw,0.1,deg,34688,34688,2831,8.161323800738007,4,2825,2.525842473528331,3.116515444462345,9,8,122,122,122,100.0,100.0,0.0,False
nuscenes_mini_subset,scene-1094,scene-1094_019,small_yaw,0.25,deg,34688,34688,2822,8.135378228782288,16,2813,6.308719390016787,7.785172173585776,9,8,122,122,119,100.0,97.54098360655738,2.4590163934426243,False
nuscenes_mini_subset,scene-1094,scene-1094_020,yaw,-3.0,deg,34720,34720,2863,8.245967741935484,122,2683,74.72390622962567,91.47953582111256,10,7,97,97,41,100.0,42.2680412371134,57.7319587628866,True
nuscenes_mini_subset,scene-1094,scene-1094_020,yaw,-2.0,deg,34720,34720,2840,8.179723502304148,82,2723,49.91832437625512,61.57039219606964,10,7,97,97,57,100.0,58.76288659793814,41.23711340206186,True
nuscenes_mini_subset,scene-1094,scene-1094_020,yaw,-1.0,deg,34720,34720,2821,8.125,46,2759,25.024055407101876,31.098401814267035,10,7,97,97,79,100.0,81.44329896907216,18.55670103092784,True
nuscenes_mini_subset,scene-1094,scene-1094_020,yaw,-0.5,deg,34720,34720,2815,8.107718894009217,23,2782,12.525055039535989,15.634452409094337,10,7,97,97,88,100.0,90.72164948453609,9.278350515463913,False
nuscenes_mini_subset,scene-1094,scene-1094_020,yaw,0.0,deg,34720,34720,2805,8.078917050691244,0,2805,0.0,0.0,10,7,97,97,97,100.0,100.0,0.0,False
nuscenes_mini_subset,scene-1094,scene-1094_020,yaw,0.5,deg,34720,34720,2792,8.04147465437788,30,2775,12.531228917435202,15.643361380650378,10,7,97,97,90,100.0,92.78350515463917,7.2164948453608275,False
nuscenes_mini_subset,scene-1094,scene-1094_020,yaw,1.0,deg,34720,34720,2793,8.044354838709678,57,2748,25.041960613083706,31.206627770632068,10,7,97,97,83,100.0,85.56701030927834,14.432989690721655,True
nuscenes_mini_subset,scene-1094,scene-1094_020,yaw,2.0,deg,34720,34720,2783,8.015552995391705,112,2693,50.01428559871376,61.877688607976985,10,7,97,97,66,100.0,68.04123711340206,31.95876288659794,True
nuscenes_mini_subset,scene-1094,scene-1094_020,yaw,3.0,deg,34720,34720,2765,7.963709677419355,171,2634,74.85523662313224,91.88224103360912,10,7,97,97,51,100.0,52.577319587628864,47.422680412371136,True
nuscenes_mini_subset,scene-1094,scene-1094_020,translation,-10.0,cm,34720,34720,2799,8.06163594470046,26,2779,13.0924864723308,26.277000522222455,10,7,97,97,94,100.0,96.90721649484536,3.0927835051546424,False
nuscenes_mini_subset,scene-1094,scene-1094_020,translation,-5.0,cm,34720,34720,2798,8.058755760368664,16,2789,6.560849743393135,13.17386485933533,10,7,97,97,97,100.0,100.0,0.0,False
nuscenes_mini_subset,scene-1094,scene-1094_020,translation,-2.0,cm,34720,34720,2802,8.070276497695852,5,2800,2.627715686483916,5.2801648530026855,10,7,97,97,97,100.0,100.0,0.0,False
nuscenes_mini_subset,scene-1094,scene-1094_020,translation,0.0,cm,34720,34720,2805,8.078917050691244,0,2805,0.0,0.0,10,7,97,97,97,100.0,100.0,0.0,False
nuscenes_mini_subset,scene-1094,scene-1094_020,translation,2.0,cm,34720,34720,2805,8.078917050691244,5,2800,2.6249513106075533,5.284683948580544,10,7,97,97,97,100.0,100.0,0.0,False
nuscenes_mini_subset,scene-1094,scene-1094_020,translation,5.0,cm,34720,34720,2812,8.099078341013826,8,2797,6.56101513326423,13.212931272770334,10,7,97,97,96,100.0,98.96907216494846,1.0309278350515427,False
nuscenes_mini_subset,scene-1094,scene-1094_020,translation,10.0,cm,34720,34720,2818,8.116359447004609,16,2789,13.094165696290464,26.43197345133782,10,7,97,97,94,100.0,96.90721649484536,3.0927835051546424,False
nuscenes_mini_subset,scene-1094,scene-1094_020,small_yaw,-0.25,deg,34720,34720,2813,8.101958525345623,12,2793,6.267375984901322,7.836605888035606,10,7,97,97,94,100.0,96.90721649484536,3.0927835051546424,False
nuscenes_mini_subset,scene-1094,scene-1094_020,small_yaw,-0.1,deg,34720,34720,2810,8.09331797235023,4,2801,2.507959807343223,3.139765198735867,10,7,97,97,96,100.0,98.96907216494846,1.0309278350515427,False
nuscenes_mini_subset,scene-1094,scene-1094_020,small_yaw,0.1,deg,34720,34720,2801,8.067396313364055,6,2799,2.508640825228949,3.140147155791596,10,7,97,97,97,100.0,100.0,0.0,False
nuscenes_mini_subset,scene-1094,scene-1094_020,small_yaw,0.25,deg,34720,34720,2802,8.070276497695852,15,2790,6.271581219968009,7.839004478314779,10,7,97,97,95,100.0,97.9381443298969,2.0618556701030997,False
nuscenes_mini_subset,scene-1094,scene-1094_021,yaw,-3.0,deg,34688,34688,2799,8.069072878228782,131,2653,74.51200252598879,90.7090362817069,10,6,88,88,34,100.0,38.63636363636363,61.36363636363637,True
nuscenes_mini_subset,scene-1094,scene-1094_021,yaw,-2.0,deg,34688,34688,2774,7.99700184501845,90,2694,49.7398653661257,61.056335358581606,10,6,88,88,57,100.0,64.77272727272727,35.227272727272734,True
nuscenes_mini_subset,scene-1094,scene-1094_021,yaw,-1.0,deg,34688,34688,2777,8.00565036900369,44,2740,24.909127538248953,30.85978660596607,10,6,88,88,75,100.0,85.22727272727273,14.772727272727266,True
nuscenes_mini_subset,scene-1094,scene-1094_021,yaw,-0.5,deg,34688,34688,2770,7.985470479704797,27,2757,12.462775202982606,15.480553866823387,10,6,88,88,85,100.0,96.5909090909091,3.4090909090909065,False
nuscenes_mini_subset,scene-1094,scene-1094_021,yaw,0.0,deg,34688,34688,2784,8.025830258302584,0,2784,0.0,0.0,10,6,88,88,88,100.0,100.0,0.0,False
nuscenes_mini_subset,scene-1094,scene-1094_021,yaw,0.5,deg,34688,34688,2784,8.025830258302584,21,2763,12.47035173359652,15.52034991402727,10,6,88,88,82,100.0,93.18181818181819,6.818181818181813,False
nuscenes_mini_subset,scene-1094,scene-1094_021,yaw,1.0,deg,34688,34688,2790,8.043127306273062,39,2745,24.930451251053675,31.006546492647587,10,6,88,88,76,100.0,86.36363636363636,13.63636363636364,True
nuscenes_mini_subset,scene-1094,scene-1094_021,yaw,2.0,deg,34688,34688,2771,7.988353321033211,96,2688,49.741630631768516,61.391845421079374,10,6,88,88,54,100.0,61.36363636363637,38.63636363636363,True
nuscenes_mini_subset,scene-1094,scene-1094_021,yaw,3.0,deg,34688,34688,2762,7.9624077490774905,148,2636,74.49163590445062,91.19992399201061,10,6,88,88,32,100.0,36.36363636363637,63.63636363636363,True
nuscenes_mini_subset,scene-1094,scene-1094_021,translation,-10.0,cm,34688,34688,2784,8.025830258302584,19,2765,10.931378358441961,26.33414224986834,10,6,88,88,84,100.0,95.45454545454545,4.545454545454547,False
nuscenes_mini_subset,scene-1094,scene-1094_021,translation,-5.0,cm,34688,34688,2782,8.020064575645756,11,2773,5.521007121919063,13.185778265636545,10,6,88,88,88,100.0,100.0,0.0,False
nuscenes_mini_subset,scene-1094,scene-1094_021,translation,-2.0,cm,34688,34688,2781,8.017181734317344,6,2778,2.229713852042007,5.282388374996976,10,6,88,88,88,100.0,100.0,0.0,False
nuscenes_mini_subset,scene-1094,scene-1094_021,translation,0.0,cm,34688,34688,2784,8.025830258302584,0,2784,0.0,0.0,10,6,88,88,88,100.0,100.0,0.0,False
nuscenes_mini_subset,scene-1094,scene-1094_021,translation,2.0,cm,34688,34688,2783,8.02294741697417,3,2781,2.2451285069329048,5.305784796506218,10,6,88,88,88,100.0,100.0,0.0,False
nuscenes_mini_subset,scene-1094,scene-1094_021,translation,5.0,cm,34688,34688,2782,8.020064575645756,9,2775,5.612866690660214,13.268746373524278,10,6,88,88,87,100.0,98.86363636363636,1.1363636363636402,False
nuscenes_mini_subset,scene-1094,scene-1094_021,translation,10.0,cm,34688,34688,2783,8.02294741697417,20,2764,11.098622790430266,26.50056700820646,10,6,88,88,86,100.0,97.72727272727273,2.2727272727272663,False
nuscenes_mini_subset,scene-1094,scene-1094_021,small_yaw,-0.25,deg,34688,34688,2775,7.999884686346864,15,2769,6.234864654691624,7.76333459395285,10,6,88,88,86,100.0,97.72727272727273,2.2727272727272663,False
nuscenes_mini_subset,scene-1094,scene-1094_021,small_yaw,-0.1,deg,34688,34688,2778,8.008533210332104,8,2776,2.4949661138607633,3.1132820097828744,10,6,88,88,87,100.0,98.86363636363636,1.1363636363636402,False
nuscenes_mini_subset,scene-1094,scene-1094_021,small_yaw,0.1,deg,34688,34688,2784,8.025830258302584,4,2780,2.4965255891181815,3.1115696446230343,10,6,88,88,88,100.0,100.0,0.0,False
nuscenes_mini_subset,scene-1094,scene-1094_021,small_yaw,0.25,deg,34688,34688,2786,8.03159594095941,10,2774,6.238306283435619,7.77718366641909,10,6,88,88,84,100.0,95.45454545454545,4.545454545454547,False
nuscenes_mini_subset,scene-1094,scene-1094_022,yaw,-3.0,deg,34656,34656,2919,8.422783933518005,113,2760,74.37614855827276,91.1782342332212,9,6,56,56,28,100.0,50.0,50.0,True
nuscenes_mini_subset,scene-1094,scene-1094_022,yaw,-2.0,deg,34656,34656,2901,8.370844875346261,77,2796,49.664127851709964,61.22005165037703,9,6,56,56,39,100.0,69.64285714285714,30.35714285714286,True
nuscenes_mini_subset,scene-1094,scene-1094_022,yaw,-1.0,deg,34656,34656,2890,8.33910433979686,38,2835,24.861140672757646,30.9469436676626,9,6,56,56,46,100.0,82.14285714285714,17.85714285714286,True
nuscenes_mini_subset,scene-1094,scene-1094_022,yaw,-0.5,deg,34656,34656,2882,8.31602031394275,18,2855,12.436272912447173,15.548093697361018,9,6,56,56,54,100.0,96.42857142857143,3.5714285714285694,False
nuscenes_mini_subset,scene-1094,scene-1094_022,yaw,0.0,deg,34656,34656,2873,8.290050784856879,0,2873,0.0,0.0,9,6,56,56,56,100.0,100.0,0.0,False
nuscenes_mini_subset,scene-1094,scene-1094_022,yaw,0.5,deg,34656,34656,2866,8.269852262234533,31,2842,12.424214414578358,15.47939618473122,9,6,56,56,50,100.0,89.28571428571429,10.714285714285708,True
nuscenes_mini_subset,scene-1094,scene-1094_022,yaw,1.0,deg,34656,34656,2865,8.26696675900277,52,2821,24.820078943227166,30.860688358042605,9,6,56,56,47,100.0,83.92857142857143,16.07142857142857,True
nuscenes_mini_subset,scene-1094,scene-1094_022,yaw,2.0,deg,34656,34656,2861,8.255424746075716,106,2767,49.56416138963035,61.04474354070559,9,6,56,56,38,100.0,67.85714285714286,32.14285714285714,True
nuscenes_mini_subset,scene-1094,scene-1094_022,yaw,3.0,deg,34656,34656,2854,8.23522622345337,157,2716,74.2350450234486,90.60943601487939,9,6,56,56,29,100.0,51.785714285714285,48.214285714285715,True
nuscenes_mini_subset,scene-1094,scene-1094_022,translation,-10.0,cm,34656,34656,2859,8.249653739612189,29,2844,9.562841683410731,27.115622844923887,9,6,56,56,55,100.0,98.21428571428571,1.7857142857142918,False
nuscenes_mini_subset,scene-1094,scene-1094_022,translation,-5.0,cm,34656,34656,2863,8.261195752539242,18,2855,4.829465175532601,13.570571619729538,9,6,56,56,55,100.0,98.21428571428571,1.7857142857142918,False
nuscenes_mini_subset,scene-1094,scene-1094_022,translation,-2.0,cm,34656,34656,2872,8.287165281625116,6,2867,1.9639719555097637,5.4390979609539345,9,6,56,56,56,100.0,100.0,0.0,False
nuscenes_mini_subset,scene-1094,scene-1094_022,translation,0.0,cm,34656,34656,2873,8.290050784856879,0,2873,0.0,0.0,9,6,56,56,56,100.0,100.0,0.0,False
nuscenes_mini_subset,scene-1094,scene-1094_022,translation,2.0,cm,34656,34656,2880,8.310249307479225,2,2871,1.9639921269811613,5.445233040161586,9,6,56,56,56,100.0,100.0,0.0,False
nuscenes_mini_subset,scene-1094,scene-1094_022,translation,5.0,cm,34656,34656,2879,8.30736380424746,7,2866,4.868937601451975,13.608413110414988,9,6,56,56,56,100.0,100.0,0.0,False
nuscenes_mini_subset,scene-1094,scene-1094_022,translation,10.0,cm,34656,34656,2882,8.31602031394275,17,2856,9.563320021659482,27.223842452349437,9,6,56,56,55,100.0,98.21428571428571,1.7857142857142918,False
nuscenes_mini_subset,scene-1094,scene-1094_022,small_yaw,-0.25,deg,34656,34656,2879,8.30736380424746,9,2864,6.221640744287091,7.795374850814226,9,6,56,56,54,100.0,96.42857142857143,3.5714285714285694,False
nuscenes_mini_subset,scene-1094,scene-1094_022,small_yaw,-0.1,deg,34656,34656,2876,8.29870729455217,3,2870,2.4880923903902787,3.124595906761921,9,6,56,56,56,100.0,100.0,0.0,False
nuscenes_mini_subset,scene-1094,scene-1094_022,small_yaw,0.1,deg,34656,34656,2873,8.290050784856879,5,2868,2.4878859955760744,3.124271385232491,9,6,56,56,55,100.0,98.21428571428571,1.7857142857142918,False
nuscenes_mini_subset,scene-1094,scene-1094_022,small_yaw,0.25,deg,34656,34656,2870,8.281394275161588,14,2859,6.215355414992439,7.77599614368373,9,6,56,56,55,100.0,98.21428571428571,1.7857142857142918,False
nuscenes_mini_subset,scene-1094,scene-1094_023,yaw,-3.0,deg,34688,34688,3044,8.775369003690036,114,2875,74.64733288006035,90.28014168560814,9,6,40,40,8,100.0,20.0,80.0,True
nuscenes_mini_subset,scene-1094,scene-1094_023,yaw,-2.0,deg,34688,34688,3030,8.73500922509225,74,2915,49.85901760373002,60.796213758631524,9,6,40,40,11,100.0,27.5,72.5,True
nuscenes_mini_subset,scene-1094,scene-1094_023,yaw,-1.0,deg,34688,34688,3004,8.660055350553506,39,2950,24.942063104140207,30.663921224008984,9,6,40,40,21,100.0,52.5,47.5,True
nuscenes_mini_subset,scene-1094,scene-1094_023,yaw,-0.5,deg,34688,34688,2998,8.642758302583026,19,2970,12.47889182530528,15.410730381291073,9,6,40,40,32,100.0,80.0,20.0,True
nuscenes_mini_subset,scene-1094,scene-1094_023,yaw,0.0,deg,34688,34688,2989,8.616812730627306,0,2989,0.0,0.0,9,6,40,40,40,100.0,100.0,0.0,False
nuscenes_mini_subset,scene-1094,scene-1094_023,yaw,0.5,deg,34688,34688,2977,8.582218634686347,31,2958,12.475334051879098,15.41926391350165,9,6,40,40,37,100.0,92.5,7.5,False
nuscenes_mini_subset,scene-1094,scene-1094_023,yaw,1.0,deg,34688,34688,2969,8.559155904059041,61,2928,24.920255240741675,30.680994605730124,9,6,40,40,33,100.0,82.5,17.5,True
nuscenes_mini_subset,scene-1094,scene-1094_023,yaw,2.0,deg,34688,34688,2948,8.498616236162361,123,2866,49.76456950870263,60.83169364388515,9,6,40,40,15,100.0,37.5,62.5,True
nuscenes_mini_subset,scene-1094,scene-1094_023,yaw,3.0,deg,34688,34688,2932,8.45249077490775,183,2806,74.47167119006247,90.49467849730695,9,6,40,40,7,100.0,17.5,82.5,True
nuscenes_mini_subset,scene-1094,scene-1094_023,translation,-10.0,cm,34688,34688,2983,8.599515682656827,22,2967,10.26757178817365,25.19680607785912,9,6,40,40,40,100.0,100.0,0.0,False
nuscenes_mini_subset,scene-1094,scene-1094_023,translation,-5.0,cm,34688,34688,2987,8.61104704797048,10,2979,5.138108010677035,12.601782817654323,9,6,40,40,40,100.0,100.0,0.0,False
nuscenes_mini_subset,scene-1094,scene-1094_023,translation,-2.0,cm,34688,34688,2988,8.613929889298893,4,2985,2.0556187894742224,5.041609737833992,9,6,40,40,40,100.0,100.0,0.0,False
nuscenes_mini_subset,scene-1094,scene-1094_023,translation,0.0,cm,34688,34688,2989,8.616812730627306,0,2989,0.0,0.0,9,6,40,40,40,100.0,100.0,0.0,False
nuscenes_mini_subset,scene-1094,scene-1094_023,translation,2.0,cm,34688,34688,2991,8.622578413284133,3,2986,2.0554615376663046,5.041686358007189,9,6,40,40,40,100.0,100.0,0.0,False
nuscenes_mini_subset,scene-1094,scene-1094_023,translation,5.0,cm,34688,34688,2989,8.616812730627306,7,2982,5.134478162254531,12.592881218905323,9,6,40,40,40,100.0,100.0,0.0,False
nuscenes_mini_subset,scene-1094,scene-1094_023,translation,10.0,cm,34688,34688,2989,8.616812730627306,18,2971,10.263128336422936,25.147130794417265,9,6,40,40,37,100.0,92.5,7.5,False
nuscenes_mini_subset,scene-1094,scene-1094_023,small_yaw,-0.25,deg,34688,34688,2991,8.622578413284133,11,2978,6.24273979682766,7.725206660767424,9,6,40,40,36,100.0,90.0,10.0,True
nuscenes_mini_subset,scene-1094,scene-1094_023,small_yaw,-0.1,deg,34688,34688,2989,8.616812730627306,6,2983,2.4975767343328723,3.0948606840314237,9,6,40,40,40,100.0,100.0,0.0,False
nuscenes_mini_subset,scene-1094,scene-1094_023,small_yaw,0.1,deg,34688,34688,2985,8.605281365313653,6,2983,2.4970323400013474,3.0965162557301555,9,6,40,40,40,100.0,100.0,0.0,False
nuscenes_mini_subset,scene-1094,scene-1094_023,small_yaw,0.25,deg,34688,34688,2982,8.596632841328413,16,2973,6.241189527470512,7.728899557394526,9,6,40,40,40,100.0,100.0,0.0,False
nuscenes_mini_subset,scene-1094,scene-1094_024,yaw,-3.0,deg,34688,34688,3057,8.81284594095941,107,2876,74.9303785503923,90.432978206342,8,4,50,50,10,100.0,20.0,80.0,True
nuscenes_mini_subset,scene-1094,scene-1094_024,yaw,-2.0,deg,34688,34688,3030,8.73500922509225,69,2914,50.05319659066022,60.89238175521852,8,4,50,50,20,100.0,40.0,60.0,True
nuscenes_mini_subset,scene-1094,scene-1094_024,yaw,-1.0,deg,34688,34688,3005,8.662938191881919,34,2949,25.067231676388662,30.730812938610637,8,4,50,50,37,100.0,74.0,26.0,True
nuscenes_mini_subset,scene-1094,scene-1094_024,yaw,-0.5,deg,34688,34688,2991,8.622578413284133,18,2965,12.539304905492687,15.434995244909858,8,4,50,50,47,100.0,94.0,6.0,False
nuscenes_mini_subset,scene-1094,scene-1094_024,yaw,0.0,deg,34688,34688,2983,8.599515682656827,0,2983,0.0,0.0,8,4,50,50,50,100.0,100.0,0.0,False
nuscenes_mini_subset,scene-1094,scene-1094_024,yaw,0.5,deg,34688,34688,2968,8.556273062730627,35,2948,12.525868072988217,15.431403094210959,8,4,50,50,47,100.0,94.0,6.0,False
nuscenes_mini_subset,scene-1094,scene-1094_024,yaw,1.0,deg,34688,34688,2959,8.530327490774908,61,2922,25.02669315492094,30.739322386852585,8,4,50,50,40,100.0,80.0,20.0,True
nuscenes_mini_subset,scene-1094,scene-1094_024,yaw,2.0,deg,34688,34688,2930,8.446725092250922,124,2859,49.917039221265625,60.858302221049975,8,4,50,50,22,100.0,44.0,56.0,True
nuscenes_mini_subset,scene-1094,scene-1094_024,yaw,3.0,deg,34688,34688,2924,8.429428044280442,184,2799,74.72702006313526,90.5229842541536,8,4,50,50,10,100.0,20.0,80.0,True
nuscenes_mini_subset,scene-1094,scene-1094_024,translation,-10.0,cm,34688,34688,2980,8.590867158671587,21,2962,10.205321881478696,25.478517457798585,8,4,50,50,50,100.0,100.0,0.0,False
nuscenes_mini_subset,scene-1094,scene-1094_024,translation,-5.0,cm,34688,34688,2982,8.596632841328413,9,2974,5.107406572569597,12.744350326714471,8,4,50,50,50,100.0,100.0,0.0,False
nuscenes_mini_subset,scene-1094,scene-1094_024,translation,-2.0,cm,34688,34688,2983,8.599515682656827,4,2979,2.045401720163053,5.100734182999251,8,4,50,50,50,100.0,100.0,0.0,False
nuscenes_mini_subset,scene-1094,scene-1094_024,translation,0.0,cm,34688,34688,2983,8.599515682656827,0,2983,0.0,0.0,8,4,50,50,50,100.0,100.0,0.0,False
nuscenes_mini_subset,scene-1094,scene-1094_024,translation,2.0,cm,34688,34688,2983,8.599515682656827,2,2981,2.046180507349682,5.1008227649043985,8,4,50,50,50,100.0,100.0,0.0,False
nuscenes_mini_subset,scene-1094,scene-1094_024,translation,5.0,cm,34688,34688,2986,8.608164206642066,8,2975,5.11075620160017,12.729872166713312,8,4,50,50,49,100.0,98.0,2.0,False
nuscenes_mini_subset,scene-1094,scene-1094_024,translation,10.0,cm,34688,34688,2986,8.608164206642066,17,2966,10.205914059102515,25.447839604976682,8,4,50,50,49,100.0,98.0,2.0,False
nuscenes_mini_subset,scene-1094,scene-1094_024,small_yaw,-0.25,deg,34688,34688,2990,8.61969557195572,8,2975,6.2695707791290145,7.73415329264524,8,4,50,50,49,100.0,98.0,2.0,False
nuscenes_mini_subset,scene-1094,scene-1094_024,small_yaw,-0.1,deg,34688,34688,2984,8.60239852398524,4,2979,2.508840613617685,3.09743832315403,8,4,50,50,50,100.0,100.0,0.0,False
nuscenes_mini_subset,scene-1094,scene-1094_024,small_yaw,0.1,deg,34688,34688,2981,8.59375,6,2977,2.5090903597480487,3.0989081624374313,8,4,50,50,50,100.0,100.0,0.0,False
nuscenes_mini_subset,scene-1094,scene-1094_024,small_yaw,0.25,deg,34688,34688,2971,8.564921586715867,19,2964,6.266538166042863,7.721518526071263,8,4,50,50,50,100.0,100.0,0.0,False
nuscenes_mini_subset,scene-1094,scene-1094_025,yaw,-3.0,deg,34720,34720,3023,8.706797235023041,144,2849,74.89499829754142,90.4191187822414,9,8,74,74,14,100.0,18.91891891891892,81.08108108108108,True
nuscenes_mini_subset,scene-1094,scene-1094_025,yaw,-2.0,deg,34720,34720,2999,8.637672811059907,108,2885,50.04289645188651,60.8898528255427,9,8,74,74,33,100.0,44.5945945945946,55.4054054054054,True
nuscenes_mini_subset,scene-1094,scene-1094_025,yaw,-1.0,deg,34720,34720,2998,8.63479262672811,45,2948,25.103996097431242,30.87190369799088,9,8,74,74,60,100.0,81.08108108108108,18.91891891891892,True
nuscenes_mini_subset,scene-1094,scene-1094_025,yaw,-0.5,deg,34720,34720,2995,8.626152073732719,21,2972,12.563770713024642,15.495158939262623,9,8,74,74,70,100.0,94.5945945945946,5.4054054054054035,False
nuscenes_mini_subset,scene-1094,scene-1094_025,yaw,0.0,deg,34720,34720,2993,8.620391705069125,0,2993,0.0,0.0,9,8,74,74,74,100.0,100.0,0.0,False
nuscenes_mini_subset,scene-1094,scene-1094_025,yaw,0.5,deg,34720,34720,2984,8.59447004608295,29,2964,12.564769696133448,15.434579690425844,9,8,74,74,68,100.0,91.89189189189189,8.108108108108112,False
nuscenes_mini_subset,scene-1094,scene-1094_025,yaw,1.0,deg,34720,34720,2974,8.565668202764977,58,2935,25.107443557377568,30.775577540057537,9,8,74,74,61,100.0,82.43243243243244,17.567567567567565,True
nuscenes_mini_subset,scene-1094,scene-1094_025,yaw,2.0,deg,34720,34720,2956,8.513824884792626,116,2877,50.09369311297477,61.200349309554284,9,8,74,74,36,100.0,48.648648648648646,51.351351351351354,True
nuscenes_mini_subset,scene-1094,scene-1094_025,yaw,3.0,deg,34720,34720,2923,8.418778801843319,189,2804,74.87642930407148,90.82323867175211,9,8,74,74,15,100.0,20.27027027027027,79.72972972972973,True
nuscenes_mini_subset,scene-1094,scene-1094_025,translation,-10.0,cm,34720,34720,2989,8.608870967741936,20,2973,10.515660921209513,26.505361706363686,9,8,74,74,72,100.0,97.29729729729729,2.702702702702709,False
nuscenes_mini_subset,scene-1094,scene-1094_025,translation,-5.0,cm,34720,34720,2991,8.61463133640553,9,2984,5.2586990032642795,13.281424362612801,9,8,74,74,74,100.0,100.0,0.0,False
nuscenes_mini_subset,scene-1094,scene-1094_025,translation,-2.0,cm,34720,34720,2992,8.617511520737327,2,2991,2.1074158746934892,5.317902980594688,9,8,74,74,74,100.0,100.0,0.0,False
nuscenes_mini_subset,scene-1094,scene-1094_025,translation,0.0,cm,34720,34720,2993,8.620391705069125,0,2993,0.0,0.0,9,8,74,74,74,100.0,100.0,0.0,False
nuscenes_mini_subset,scene-1094,scene-1094_025,translation,2.0,cm,34720,34720,2992,8.617511520737327,3,2990,2.109091550707634,5.318389438656135,9,8,74,74,74,100.0,100.0,0.0,False
nuscenes_mini_subset,scene-1094,scene-1094_025,translation,5.0,cm,34720,34720,2996,8.629032258064516,7,2986,5.263370524186518,13.299469338881796,9,8,74,74,73,100.0,98.64864864864865,1.3513513513513544,False
nuscenes_mini_subset,scene-1094,scene-1094_025,translation,10.0,cm,34720,34720,2991,8.61463133640553,20,2973,10.512235577379615,26.5383867969708,9,8,74,74,73,100.0,98.64864864864865,1.3513513513513544,False
nuscenes_mini_subset,scene-1094,scene-1094_025,small_yaw,-0.25,deg,34720,34720,2993,8.620391705069125,12,2981,6.285329292714459,7.75510461620916,9,8,74,74,73,100.0,98.64864864864865,1.3513513513513544,False
nuscenes_mini_subset,scene-1094,scene-1094_025,small_yaw,-0.1,deg,34720,34720,2993,8.620391705069125,4,2989,2.5157275285856113,3.102478193390758,9,8,74,74,73,100.0,98.64864864864865,1.3513513513513544,False
nuscenes_mini_subset,scene-1094,scene-1094_025,small_yaw,0.1,deg,34720,34720,2988,8.605990783410139,6,2987,2.515528215430776,3.101968212268605,9,8,74,74,74,100.0,100.0,0.0,False
nuscenes_mini_subset,scene-1094,scene-1094_025,small_yaw,0.25,deg,34720,34720,2987,8.603110599078342,16,2977,6.28371190188642,7.738979481034987,9,8,74,74,72,100.0,97.29729729729729,2.702702702702709,False
nuscenes_mini_subset,scene-1094,scene-1094_026,yaw,-3.0,deg,34752,34752,3038,8.741942909760589,140,2864,75.36838959594786,90.52906310092105,8,7,57,57,9,100.0,15.789473684210526,84.21052631578948,True
nuscenes_mini_subset,scene-1094,scene-1094_026,yaw,-2.0,deg,34752,34752,3029,8.71604511970534,89,2915,50.38709422970734,60.9072142705866,8,7,57,57,20,100.0,35.08771929824562,64.91228070175438,True
nuscenes_mini_subset,scene-1094,scene-1094_026,yaw,-1.0,deg,34752,34752,3005,8.646984346224677,44,2960,25.236202447152472,30.73779413821379,8,7,57,57,44,100.0,77.19298245614036,22.807017543859644,True
nuscenes_mini_subset,scene-1094,scene-1094_026,yaw,-0.5,deg,34752,34752,3007,8.6527394106814,20,2984,12.629721398618837,15.451439500338376,8,7,57,57,53,100.0,92.98245614035088,7.017543859649123,False
nuscenes_mini_subset,scene-1094,scene-1094_026,yaw,0.0,deg,34752,34752,3004,8.644106813996316,0,3004,0.0,0.0,8,7,57,57,57,100.0,100.0,0.0,False
nuscenes_mini_subset,scene-1094,scene-1094_026,yaw,0.5,deg,34752,34752,3000,8.632596685082873,28,2976,12.603021211389226,15.431576988555799,8,7,57,57,53,100.0,92.98245614035088,7.017543859649123,False
nuscenes_mini_subset,scene-1094,scene-1094_026,yaw,1.0,deg,34752,34752,2992,8.609576427255986,56,2948,25.148016594983666,30.7076128564023,8,7,57,57,47,100.0,82.45614035087719,17.54385964912281,True
nuscenes_mini_subset,scene-1094,scene-1094_026,yaw,2.0,deg,34752,34752,2972,8.552025782688766,112,2892,50.13909511200188,60.75305409543344,8,7,57,57,25,100.0,43.85964912280702,56.14035087719298,True
nuscenes_mini_subset,scene-1094,scene-1094_026,yaw,3.0,deg,34752,34752,2952,8.494475138121548,170,2834,74.83168826084726,90.35713728803896,8,7,57,57,12,100.0,21.05263157894737,78.94736842105263,True
nuscenes_mini_subset,scene-1094,scene-1094_026,translation,-10.0,cm,34752,34752,2996,8.621086556169429,25,2979,11.003525599520911,25.675349025398084,8,7,57,57,57,100.0,100.0,0.0,False
nuscenes_mini_subset,scene-1094,scene-1094_026,translation,-5.0,cm,34752,34752,3001,8.635474217311234,12,2992,5.502449593026986,12.863376781595113,8,7,57,57,57,100.0,100.0,0.0,False
nuscenes_mini_subset,scene-1094,scene-1094_026,translation,-2.0,cm,34752,34752,3002,8.638351749539595,6,2998,2.200999785102919,5.152328341247578,8,7,57,57,57,100.0,100.0,0.0,False
nuscenes_mini_subset,scene-1094,scene-1094_026,translation,0.0,cm,34752,34752,3004,8.644106813996316,0,3004,0.0,0.0,8,7,57,57,57,100.0,100.0,0.0,False
nuscenes_mini_subset,scene-1094,scene-1094_026,translation,2.0,cm,34752,34752,3002,8.638351749539595,3,3001,2.201360653473841,5.157735259207383,8,7,57,57,57,100.0,100.0,0.0,False
nuscenes_mini_subset,scene-1094,scene-1094_026,translation,5.0,cm,34752,34752,3008,8.655616942909761,7,2997,5.502675834894064,12.884132471741525,8,7,57,57,57,100.0,100.0,0.0,False
nuscenes_mini_subset,scene-1094,scene-1094_026,translation,10.0,cm,34752,34752,3006,8.649861878453038,16,2988,11.003511114679931,25.760916828117903,8,7,57,57,57,100.0,100.0,0.0,False
nuscenes_mini_subset,scene-1094,scene-1094_026,small_yaw,-0.25,deg,34752,34752,3004,8.644106813996316,12,2992,6.318437376200572,7.744554018556085,8,7,57,57,57,100.0,100.0,0.0,False
nuscenes_mini_subset,scene-1094,scene-1094_026,small_yaw,-0.1,deg,34752,34752,3002,8.638351749539595,5,2999,2.5277825767878777,3.1025833079679765,8,7,57,57,57,100.0,100.0,0.0,False
nuscenes_mini_subset,scene-1094,scene-1094_026,small_yaw,0.1,deg,34752,34752,3006,8.649861878453038,5,2999,2.5257357046891857,3.1039397132257656,8,7,57,57,57,100.0,100.0,0.0,False
nuscenes_mini_subset,scene-1094,scene-1094_026,small_yaw,0.25,deg,34752,34752,3001,8.635474217311234,16,2988,6.311440680077951,7.741877494489097,8,7,57,57,57,100.0,100.0,0.0,False
nuscenes_mini_subset,scene-1094,scene-1094_027,yaw,-3.0,deg,34752,34752,3060,8.80524861878453,152,2867,74.61824099425422,91.58992133360796,9,9,80,80,10,100.0,12.5,87.5,True
nuscenes_mini_subset,scene-1094,scene-1094_027,yaw,-2.0,deg,34752,34752,3051,8.779350828729282,106,2913,49.871590854568865,61.62472739878927,9,9,80,80,25,100.0,31.25,68.75,True
nuscenes_mini_subset,scene-1094,scene-1094_027,yaw,-1.0,deg,34752,34752,3038,8.741942909760589,53,2966,25.020224757563867,31.12986754023751,9,9,80,80,55,100.0,68.75,31.25,True
nuscenes_mini_subset,scene-1094,scene-1094_027,yaw,-0.5,deg,34752,34752,3033,8.727555248618785,25,2994,12.521466672689414,15.644132772684967,9,9,80,80,72,100.0,90.0,10.0,True
nuscenes_mini_subset,scene-1094,scene-1094_027,yaw,0.0,deg,34752,34752,3019,8.687269797421731,0,3019,0.0,0.0,9,9,80,80,80,100.0,100.0,0.0,False
nuscenes_mini_subset,scene-1094,scene-1094_027,yaw,0.5,deg,34752,34752,3012,8.667127071823204,35,2984,12.516614092095466,15.678518981778526,9,9,80,80,78,100.0,97.5,2.5,False
nuscenes_mini_subset,scene-1094,scene-1094_027,yaw,1.0,deg,34752,34752,2990,8.603821362799263,82,2937,24.955401945708548,31.09559753631969,9,9,80,80,68,100.0,85.0,15.0,True
nuscenes_mini_subset,scene-1094,scene-1094_027,yaw,2.0,deg,34752,34752,2963,8.526127992633517,154,2865,49.69460784261977,61.41809516260156,9,9,80,80,41,100.0,51.25,48.75,True
nuscenes_mini_subset,scene-1094,scene-1094_027,yaw,3.0,deg,34752,34752,2947,8.480087476979742,213,2806,74.34204732144764,90.16130036553281,9,9,80,80,16,100.0,20.0,80.0,True
nuscenes_mini_subset,scene-1094,scene-1094_027,translation,-10.0,cm,34752,34752,3004,8.644106813996316,34,2985,11.019293568747191,26.71152673224706,9,9,80,80,80,100.0,100.0,0.0,False
nuscenes_mini_subset,scene-1094,scene-1094_027,translation,-5.0,cm,34752,34752,3012,8.667127071823204,16,3003,5.525878446942149,13.424744856835687,9,9,80,80,80,100.0,100.0,0.0,False
nuscenes_mini_subset,scene-1094,scene-1094_027,translation,-2.0,cm,34752,34752,3017,8.68151473296501,5,3014,2.2140090293773875,5.37604013072355,9,9,80,80,80,100.0,100.0,0.0,False
nuscenes_mini_subset,scene-1094,scene-1094_027,translation,0.0,cm,34752,34752,3019,8.687269797421731,0,3019,0.0,0.0,9,9,80,80,80,100.0,100.0,0.0,False
nuscenes_mini_subset,scene-1094,scene-1094_027,translation,2.0,cm,34752,34752,3027,8.710290055248619,3,3016,2.2140378506596994,5.3784720418078535,9,9,80,80,80,100.0,100.0,0.0,False
nuscenes_mini_subset,scene-1094,scene-1094_027,translation,5.0,cm,34752,34752,3032,8.724677716390424,7,3012,5.533353501275618,13.447159806110324,9,9,80,80,80,100.0,100.0,0.0,False
nuscenes_mini_subset,scene-1094,scene-1094_027,translation,10.0,cm,34752,34752,3037,8.739065377532228,15,3004,11.044872832155683,26.891543412065797,9,9,80,80,78,100.0,97.5,2.5,False
nuscenes_mini_subset,scene-1094,scene-1094_027,small_yaw,-0.25,deg,34752,34752,3029,8.71604511970534,11,3008,6.267462468298184,7.839109433358867,9,9,80,80,79,100.0,98.75,1.25,False
nuscenes_mini_subset,scene-1094,scene-1094_027,small_yaw,-0.1,deg,34752,34752,3028,8.71316758747698,3,3016,2.507521485676735,3.1407122290933933,9,9,80,80,80,100.0,100.0,0.0,False
nuscenes_mini_subset,scene-1094,scene-1094_027,small_yaw,0.1,deg,34752,34752,3018,8.68439226519337,7,3012,2.507558714396332,3.1445400862695996,9,9,80,80,80,100.0,100.0,0.0,False
nuscenes_mini_subset,scene-1094,scene-1094_027,small_yaw,0.25,deg,34752,34752,3013,8.670004604051565,17,3002,6.263865973751433,7.853481534226546,9,9,80,80,80,100.0,100.0,0.0,False
nuscenes_mini_subset,scene-1094,scene-1094_028,yaw,-3.0,deg,34752,34752,2978,8.569290976058932,176,2805,74.29576208182897,90.69379909287368,8,8,88,88,19,100.0,21.59090909090909,78.4090909090909,True
nuscenes_mini_subset,scene-1094,scene-1094_028,yaw,-2.0,deg,34752,34752,2997,8.62396408839779,111,2870,49.68762152510722,60.98696487903226,8,8,88,88,37,100.0,42.04545454545455,57.95454545454545,True
nuscenes_mini_subset,scene-1094,scene-1094_028,yaw,-1.0,deg,34752,34752,2985,8.589433701657459,56,2925,24.917759111743603,30.773891419336405,8,8,88,88,75,100.0,85.22727272727273,14.772727272727266,True
nuscenes_mini_subset,scene-1094,scene-1094_028,yaw,-0.5,deg,34752,34752,2984,8.586556169429098,23,2958,12.482808249623627,15.461114299693755,8,8,88,88,85,100.0,96.5909090909091,3.4090909090909065,False
nuscenes_mini_subset,scene-1094,scene-1094_028,yaw,0.0,deg,34752,34752,2981,8.577923572744014,0,2981,0.0,0.0,8,8,88,88,88,100.0,100.0,0.0,False
nuscenes_mini_subset,scene-1094,scene-1094_028,yaw,0.5,deg,34752,34752,2975,8.56065837937385,38,2943,12.479992171781719,15.45720497633027,8,8,88,88,87,100.0,98.86363636363636,1.1363636363636402,False
nuscenes_mini_subset,scene-1094,scene-1094_028,yaw,1.0,deg,34752,34752,2967,8.537638121546962,70,2911,24.93084139752608,30.73370736461265,8,8,88,88,79,100.0,89.77272727272727,10.227272727272734,True
nuscenes_mini_subset,scene-1094,scene-1094_028,yaw,2.0,deg,34752,34752,2951,8.491597605893187,136,2845,49.76653569628895,60.522243467098626,8,8,88,88,67,100.0,76.13636363636364,23.86363636363636,True
nuscenes_mini_subset,scene-1094,scene-1094_028,yaw,3.0,deg,34752,34752,2955,8.50310773480663,184,2797,74.5605215767102,89.74439007142979,8,8,88,88,51,100.0,57.95454545454545,42.04545454545455,True
nuscenes_mini_subset,scene-1094,scene-1094_028,translation,-10.0,cm,34752,34752,2971,8.549148250460405,28,2953,9.46263880041469,25.76273190255176,8,8,88,88,87,100.0,98.86363636363636,1.1363636363636402,False
nuscenes_mini_subset,scene-1094,scene-1094_028,translation,-5.0,cm,34752,34752,2974,8.557780847145487,15,2966,5.01983014689959,12.934430217965662,8,8,88,88,88,100.0,100.0,0.0,False
nuscenes_mini_subset,scene-1094,scene-1094_028,translation,-2.0,cm,34752,34752,2978,8.569290976058932,7,2974,2.024978162645292,5.188076767172346,8,8,88,88,88,100.0,100.0,0.0,False
nuscenes_mini_subset,scene-1094,scene-1094_028,translation,0.0,cm,34752,34752,2981,8.577923572744014,0,2981,0.0,0.0,8,8,88,88,88,100.0,100.0,0.0,False
nuscenes_mini_subset,scene-1094,scene-1094_028,translation,2.0,cm,34752,34752,2980,8.575046040515653,3,2978,2.0288040891835637,5.190365601752605,8,8,88,88,88,100.0,100.0,0.0,False
nuscenes_mini_subset,scene-1094,scene-1094_028,translation,5.0,cm,34752,34752,2982,8.580801104972375,10,2971,5.0417631894451125,12.978028728735076,8,8,88,88,88,100.0,100.0,0.0,False
nuscenes_mini_subset,scene-1094,scene-1094_028,translation,10.0,cm,34752,34752,2986,8.59231123388582,17,2964,9.852423076789298,25.951858266300647,8,8,88,88,85,100.0,96.5909090909091,3.4090909090909065,False
nuscenes_mini_subset,scene-1094,scene-1094_028,small_yaw,-0.25,deg,34752,34752,2981,8.577923572744014,13,2968,6.245029455347185,7.74748579559538,8,8,88,88,87,100.0,98.86363636363636,1.1363636363636402,False
nuscenes_mini_subset,scene-1094,scene-1094_028,small_yaw,-0.1,deg,34752,34752,2977,8.566413443830571,5,2976,2.4996724176608476,3.1036547151774005,8,8,88,88,88,100.0,100.0,0.0,False
nuscenes_mini_subset,scene-1094,scene-1094_028,small_yaw,0.1,deg,34752,34752,2978,8.569290976058932,9,2972,2.499102572814894,3.1036301987157526,8,8,88,88,88,100.0,100.0,0.0,False
nuscenes_mini_subset,scene-1094,scene-1094_028,small_yaw,0.25,deg,34752,34752,2976,8.56353591160221,19,2962,6.242824955919314,7.7513240742423966,8,8,88,88,88,100.0,100.0,0.0,False
nuscenes_mini_subset,scene-1094,scene-1094_029,yaw,-3.0,deg,34720,34720,3066,8.830645161290322,156,2892,74.4858326327462,89.99342583587968,6,5,53,53,14,100.0,26.41509433962264,73.58490566037736,True
nuscenes_mini_subset,scene-1094,scene-1094_029,yaw,-2.0,deg,34720,34720,3057,8.804723502304148,107,2941,49.74908513845275,60.538215590467125,6,5,53,53,32,100.0,60.37735849056604,39.62264150943396,True
nuscenes_mini_subset,scene-1094,scene-1094_029,yaw,-1.0,deg,34720,34720,3048,8.778801843317972,56,2992,24.922319853816216,30.550563656364446,6,5,53,53,46,100.0,86.79245283018868,13.20754716981132,True
nuscenes_mini_subset,scene-1094,scene-1094_029,yaw,-0.5,deg,34720,34720,3054,8.796082949308756,29,3019,12.479772383802585,15.352516765408621,6,5,53,53,50,100.0,94.33962264150944,5.660377358490564,False
nuscenes_mini_subset,scene-1094,scene-1094_029,yaw,0.0,deg,34720,34720,3048,8.778801843317972,0,3048,0.0,0.0,6,5,53,53,53,100.0,100.0,0.0,False
nuscenes_mini_subset,scene-1094,scene-1094_029,yaw,0.5,deg,34720,34720,3039,8.752880184331797,26,3022,12.492416341786804,15.340756910834305,6,5,53,53,51,100.0,96.22641509433963,3.773584905660371,False
nuscenes_mini_subset,scene-1094,scene-1094_029,yaw,1.0,deg,34720,34720,3039,8.752880184331797,60,2988,24.965767857014548,30.496519966591155,6,5,53,53,45,100.0,84.90566037735849,15.094339622641513,True
nuscenes_mini_subset,scene-1094,scene-1094_029,yaw,2.0,deg,34720,34720,3040,8.755760368663594,115,2933,49.86232066717679,60.401271503759304,6,5,53,53,24,100.0,45.283018867924525,54.716981132075475,True
nuscenes_mini_subset,scene-1094,scene-1094_029,yaw,3.0,deg,34720,34720,3043,8.764400921658986,170,2878,74.68042869034232,90.00009756062994,6,5,53,53,9,100.0,16.9811320754717,83.01886792452831,True
nuscenes_mini_subset,scene-1094,scene-1094_029,translation,-10.0,cm,34720,34720,3048,8.778801843317972,16,3032,9.184422078548923,25.393657903310675,6,5,53,53,52,100.0,98.11320754716981,1.8867924528301927,False
nuscenes_mini_subset,scene-1094,scene-1094_029,translation,-5.0,cm,34720,34720,3044,8.767281105990783,10,3038,4.594716084731351,12.707359282452996,6,5,53,53,53,100.0,100.0,0.0,False
nuscenes_mini_subset,scene-1094,scene-1094_029,translation,-2.0,cm,34720,34720,3044,8.767281105990783,5,3043,1.842025957757176,5.083885514200805,6,5,53,53,53,100.0,100.0,0.0,False
nuscenes_mini_subset,scene-1094,scene-1094_029,translation,0.0,cm,34720,34720,3048,8.778801843317972,0,3048,0.0,0.0,6,5,53,53,53,100.0,100.0,0.0,False
nuscenes_mini_subset,scene-1094,scene-1094_029,translation,2.0,cm,34720,34720,3047,8.775921658986174,6,3042,1.842818883496817,5.0826974569719106,6,5,53,53,52,100.0,98.11320754716981,1.8867924528301927,False
nuscenes_mini_subset,scene-1094,scene-1094_029,translation,5.0,cm,34720,34720,3051,8.787442396313365,9,3039,4.6010979975257715,12.708183872488618,6,5,53,53,52,100.0,98.11320754716981,1.8867924528301927,False
nuscenes_mini_subset,scene-1094,scene-1094_029,translation,10.0,cm,34720,34720,3053,8.793202764976959,18,3030,9.184925542050212,25.371998955253442,6,5,53,53,52,100.0,98.11320754716981,1.8867924528301927,False
nuscenes_mini_subset,scene-1094,scene-1094_029,small_yaw,-0.25,deg,34720,34720,3045,8.77016129032258,17,3031,6.244873433213894,7.6886448178343665,6,5,53,53,52,100.0,98.11320754716981,1.8867924528301927,False
nuscenes_mini_subset,scene-1094,scene-1094_029,small_yaw,-0.1,deg,34720,34720,3050,8.784562211981568,9,3039,2.4992705278833074,3.0799559326377426,6,5,53,53,52,100.0,98.11320754716981,1.8867924528301927,False
nuscenes_mini_subset,scene-1094,scene-1094_029,small_yaw,0.1,deg,34720,34720,3044,8.767281105990783,5,3043,2.5007840318301393,3.084082806878213,6,5,53,53,53,100.0,100.0,0.0,False
nuscenes_mini_subset,scene-1094,scene-1094_029,small_yaw,0.25,deg,34720,34720,3044,8.767281105990783,10,3038,6.251768630145146,7.7046793873294,6,5,53,53,52,100.0,98.11320754716981,1.8867924528301927,False
nuscenes_mini_subset,scene-1094,scene-1094_030,yaw,-3.0,deg,34720,34720,3077,8.862327188940093,175,2920,74.39054213453448,89.73777875109332,4,4,84,84,52,100.0,61.904761904761905,38.095238095238095,True
nuscenes_mini_subset,scene-1094,scene-1094_030,yaw,-2.0,deg,34720,34720,3082,8.876728110599078,118,2977,49.69188547732638,60.362118916196565,4,4,84,84,68,100.0,80.95238095238095,19.04761904761905,True
nuscenes_mini_subset,scene-1094,scene-1094_030,yaw,-1.0,deg,34720,34720,3084,8.882488479262673,57,3038,24.929572363220842,30.471254632294865,4,4,84,84,78,100.0,92.85714285714286,7.142857142857139,False
nuscenes_mini_subset,scene-1094,scene-1094_030,yaw,-0.5,deg,34720,34720,3094,8.911290322580646,29,3066,12.480180356329736,15.308838015780196,4,4,84,84,84,100.0,100.0,0.0,False
nuscenes_mini_subset,scene-1094,scene-1094_030,yaw,0.0,deg,34720,34720,3095,8.914170506912443,0,3095,0.0,0.0,4,4,84,84,84,100.0,100.0,0.0,False
nuscenes_mini_subset,scene-1094,scene-1094_030,yaw,0.5,deg,34720,34720,3095,8.914170506912443,30,3065,12.49250174970253,15.31359579841964,4,4,84,84,82,100.0,97.61904761904762,2.3809523809523796,False
nuscenes_mini_subset,scene-1094,scene-1094_030,yaw,1.0,deg,34720,34720,3099,8.925691244239632,60,3035,24.95144552218243,30.493137085824483,4,4,84,84,76,100.0,90.47619047619048,9.523809523809518,False
nuscenes_mini_subset,scene-1094,scene-1094_030,yaw,2.0,deg,34720,34720,3099,8.925691244239632,118,2977,49.81807793113285,60.3956287678661,4,4,84,84,45,100.0,53.57142857142857,46.42857142857143,True
nuscenes_mini_subset,scene-1094,scene-1094_030,yaw,3.0,deg,34720,34720,3095,8.914170506912443,179,2916,74.52829811314504,90.02447455503554,4,4,84,84,26,100.0,30.952380952380953,69.04761904761905,True
nuscenes_mini_subset,scene-1094,scene-1094_030,translation,-10.0,cm,34720,34720,3093,8.908410138248849,20,3075,8.675064454240786,25.1632289596949,4,4,84,84,83,100.0,98.80952380952381,1.1904761904761898,False
nuscenes_mini_subset,scene-1094,scene-1094_030,translation,-5.0,cm,34720,34720,3098,8.922811059907835,9,3086,4.351310607143729,12.582504207479367,4,4,84,84,84,100.0,100.0,0.0,False
nuscenes_mini_subset,scene-1094,scene-1094_030,translation,-2.0,cm,34720,34720,3097,8.919930875576037,4,3091,1.7446892161281458,5.0340634660484405,4,4,84,84,84,100.0,100.0,0.0,False
nuscenes_mini_subset,scene-1094,scene-1094_030,translation,0.0,cm,34720,34720,3095,8.914170506912443,0,3095,0.0,0.0,4,4,84,84,84,100.0,100.0,0.0,False
nuscenes_mini_subset,scene-1094,scene-1094_030,translation,2.0,cm,34720,34720,3094,8.911290322580646,4,3091,1.7419668832482662,5.033113067373547,4,4,84,84,84,100.0,100.0,0.0,False
nuscenes_mini_subset,scene-1094,scene-1094_030,translation,5.0,cm,34720,34720,3096,8.91705069124424,8,3087,4.347864611938024,12.579720475157394,4,4,84,84,84,100.0,100.0,0.0,False
nuscenes_mini_subset,scene-1094,scene-1094_030,translation,10.0,cm,34720,34720,3095,8.914170506912443,15,3080,8.673689201838503,25.148309056196275,4,4,84,84,84,100.0,100.0,0.0,False
nuscenes_mini_subset,scene-1094,scene-1094_030,small_yaw,-0.25,deg,34720,34720,3095,8.914170506912443,15,3080,6.247437486771316,7.673861328151707,4,4,84,84,84,100.0,100.0,0.0,False
nuscenes_mini_subset,scene-1094,scene-1094_030,small_yaw,-0.1,deg,34720,34720,3096,8.91705069124424,4,3091,2.499422627831747,3.0743399062721544,4,4,84,84,84,100.0,100.0,0.0,False
nuscenes_mini_subset,scene-1094,scene-1094_030,small_yaw,0.1,deg,34720,34720,3096,8.91705069124424,6,3089,2.499038351395368,3.074586687632439,4,4,84,84,84,100.0,100.0,0.0,False
nuscenes_mini_subset,scene-1094,scene-1094_030,small_yaw,0.25,deg,34720,34720,3096,8.91705069124424,14,3081,6.248706947020566,7.673005110205184,4,4,84,84,83,100.0,98.80952380952381,1.1904761904761898,False
nuscenes_mini_subset,scene-1094,scene-1094_031,yaw,-3.0,deg,34752,34752,3059,8.80237108655617,189,2899,74.35178994466301,89.7345373135553,3,3,59,59,42,100.0,71.1864406779661,28.813559322033896,True
nuscenes_mini_subset,scene-1094,scene-1094_031,yaw,-2.0,deg,34752,34752,3057,8.796616022099448,134,2954,49.68240278269613,60.34440808904459,3,3,59,59,47,100.0,79.66101694915254,20.33898305084746,True
nuscenes_mini_subset,scene-1094,scene-1094_031,yaw,-1.0,deg,34752,34752,3071,8.836901473296502,65,3023,24.936514392101056,30.47147573345527,3,3,59,59,53,100.0,89.83050847457628,10.169491525423723,True
nuscenes_mini_subset,scene-1094,scene-1094_031,yaw,-0.5,deg,34752,34752,3079,8.85992173112339,32,3056,12.488551543046597,15.300355960207327,3,3,59,59,58,100.0,98.30508474576271,1.6949152542372872,False
nuscenes_mini_subset,scene-1094,scene-1094_031,yaw,0.0,deg,34752,34752,3088,8.885819521178638,0,3088,0.0,0.0,3,3,59,59,59,100.0,100.0,0.0,False
nuscenes_mini_subset,scene-1094,scene-1094_031,yaw,0.5,deg,34752,34752,3089,8.888697053406998,27,3061,12.504764328854113,15.320804183660139,3,3,59,59,56,100.0,94.91525423728814,5.0847457627118615,False
nuscenes_mini_subset,scene-1094,scene-1094_031,yaw,1.0,deg,34752,34752,3099,8.917472375690608,53,3035,24.975200450000877,30.529575799719833,3,3,59,59,51,100.0,86.44067796610169,13.559322033898312,True
nuscenes_mini_subset,scene-1094,scene-1094_031,yaw,2.0,deg,34752,34752,3093,8.900207182320441,115,2973,49.82673808740588,60.46215231020626,3,3,59,59,38,100.0,64.40677966101696,35.593220338983045,True
nuscenes_mini_subset,scene-1094,scene-1094_031,yaw,3.0,deg,34752,34752,3084,8.874309392265193,174,2914,74.59131117099514,89.90494011341437,3,3,59,59,28,100.0,47.45762711864407,52.54237288135593,True
nuscenes_mini_subset,scene-1094,scene-1094_031,translation,-10.0,cm,34752,34752,3089,8.888697053406998,15,3073,8.389179431059613,25.17851957313642,3,3,59,59,59,100.0,100.0,0.0,False
nuscenes_mini_subset,scene-1094,scene-1094_031,translation,-5.0,cm,34752,34752,3090,8.89157458563536,8,3080,4.199864182679134,12.591229110199219,3,3,59,59,59,100.0,100.0,0.0,False
nuscenes_mini_subset,scene-1094,scene-1094_031,translation,-2.0,cm,34752,34752,3088,8.885819521178638,4,3084,1.6832659414244606,5.037060917158575,3,3,59,59,59,100.0,100.0,0.0,False
nuscenes_mini_subset,scene-1094,scene-1094_031,translation,0.0,cm,34752,34752,3088,8.885819521178638,0,3088,0.0,0.0,3,3,59,59,59,100.0,100.0,0.0,False
nuscenes_mini_subset,scene-1094,scene-1094_031,translation,2.0,cm,34752,34752,3085,8.877186924493554,5,3083,1.6847240744121628,5.036651099463813,3,3,59,59,59,100.0,100.0,0.0,False
nuscenes_mini_subset,scene-1094,scene-1094_031,translation,5.0,cm,34752,34752,3088,8.885819521178638,7,3081,4.204642362252491,12.592161988400951,3,3,59,59,59,100.0,100.0,0.0,False
nuscenes_mini_subset,scene-1094,scene-1094_031,translation,10.0,cm,34752,34752,3085,8.877186924493554,16,3072,8.390176311944828,25.163350104612444,3,3,59,59,59,100.0,100.0,0.0,False
nuscenes_mini_subset,scene-1094,scene-1094_031,small_yaw,-0.25,deg,34752,34752,3083,8.871431860036832,17,3071,6.251159064139858,7.672877040217889,3,3,59,59,59,100.0,100.0,0.0,False
nuscenes_mini_subset,scene-1094,scene-1094_031,small_yaw,-0.1,deg,34752,34752,3086,8.880064456721914,5,3083,2.502025920852924,3.07487272727253,3,3,59,59,59,100.0,100.0,0.0,False
nuscenes_mini_subset,scene-1094,scene-1094_031,small_yaw,0.1,deg,34752,34752,3089,8.888697053406998,4,3084,2.502997654223846,3.074796328455156,3,3,59,59,59,100.0,100.0,0.0,False
nuscenes_mini_subset,scene-1094,scene-1094_031,small_yaw,0.25,deg,34752,34752,3090,8.89157458563536,14,3074,6.252708974053446,7.679845788466675,3,3,59,59,59,100.0,100.0,0.0,False
nuscenes_mini_subset,scene-1094,scene-1094_032,yaw,-3.0,deg,34784,34784,3028,8.705151793928243,141,2858,74.40795890443772,89.97065142035552,3,3,117,117,90,100.0,76.92307692307692,23.07692307692308,True
nuscenes_mini_subset,scene-1094,scene-1094_032,yaw,-2.0,deg,34784,34784,3030,8.710901563937442,83,2916,49.73107477334318,60.57827785603565,3,3,117,117,102,100.0,87.17948717948718,12.820512820512818,True
nuscenes_mini_subset,scene-1094,scene-1094_032,yaw,-1.0,deg,34784,34784,3029,8.708026678932843,30,2969,24.95465488369374,30.49835765422568,3,3,117,117,113,100.0,96.58119658119658,3.418803418803421,False
nuscenes_mini_subset,scene-1094,scene-1094_032,yaw,-0.5,deg,34784,34784,3017,8.673528058877645,15,2984,12.483699696821805,15.318794425203702,3,3,117,117,116,100.0,99.14529914529915,0.8547008547008517,False
nuscenes_mini_subset,scene-1094,scene-1094_032,yaw,0.0,deg,34784,34784,2999,8.621780128794848,0,2999,0.0,0.0,3,3,117,117,117,100.0,100.0,0.0,False
nuscenes_mini_subset,scene-1094,scene-1094_032,yaw,0.5,deg,34784,34784,2989,8.59303127874885,26,2973,12.46740132764575,15.341551585147988,3,3,117,117,117,100.0,100.0,0.0,False
nuscenes_mini_subset,scene-1094,scene-1094_032,yaw,1.0,deg,34784,34784,2993,8.60453081876725,59,2940,24.901141547186604,30.515337823490313,3,3,117,117,111,100.0,94.87179487179488,5.128205128205124,False
nuscenes_mini_subset,scene-1094,scene-1094_032,yaw,2.0,deg,34784,34784,3003,8.633279668813248,119,2880,49.70739730312917,60.42105313405653,3,3,117,117,99,100.0,84.61538461538461,15.384615384615387,True
nuscenes_mini_subset,scene-1094,scene-1094_032,yaw,3.0,deg,34784,34784,2990,8.59590616375345,184,2815,74.39254865118997,89.76941492038674,3,3,117,117,88,100.0,75.21367521367522,24.786324786324784,True
nuscenes_mini_subset,scene-1094,scene-1094_032,translation,-10.0,cm,34784,34784,3000,8.624655013799448,13,2986,9.153429162177867,25.331767326662725,3,3,117,117,117,100.0,100.0,0.0,False
nuscenes_mini_subset,scene-1094,scene-1094_032,translation,-5.0,cm,34784,34784,2999,8.621780128794848,7,2992,4.57997373429775,12.665080612822665,3,3,117,117,117,100.0,100.0,0.0,False
nuscenes_mini_subset,scene-1094,scene-1094_032,translation,-2.0,cm,34784,34784,3000,8.624655013799448,3,2996,1.8336308373669152,5.067279913655297,3,3,117,117,117,100.0,100.0,0.0,False
nuscenes_mini_subset,scene-1094,scene-1094_032,translation,0.0,cm,34784,34784,2999,8.621780128794848,0,2999,0.0,0.0,3,3,117,117,117,100.0,100.0,0.0,False
nuscenes_mini_subset,scene-1094,scene-1094_032,translation,2.0,cm,34784,34784,3000,8.624655013799448,4,2995,1.8324886383889085,5.066039164674288,3,3,117,117,117,100.0,100.0,0.0,False
nuscenes_mini_subset,scene-1094,scene-1094_032,translation,5.0,cm,34784,34784,3002,8.630404783808647,8,2991,4.57893341749231,12.65852426427681,3,3,117,117,117,100.0,100.0,0.0,False
nuscenes_mini_subset,scene-1094,scene-1094_032,translation,10.0,cm,34784,34784,3001,8.627529898804047,17,2982,9.14920015308985,25.265000569659083,3,3,117,117,117,100.0,100.0,0.0,False
nuscenes_mini_subset,scene-1094,scene-1094_032,small_yaw,-0.25,deg,34784,34784,3007,8.644779208831647,8,2991,6.242986838945654,7.6764848663505285,3,3,117,117,117,100.0,100.0,0.0,False
nuscenes_mini_subset,scene-1094,scene-1094_032,small_yaw,-0.1,deg,34784,34784,3001,8.627529898804047,7,2992,2.4969075569272254,3.0741973269106584,3,3,117,117,117,100.0,100.0,0.0,False
nuscenes_mini_subset,scene-1094,scene-1094_032,small_yaw,0.1,deg,34784,34784,2999,8.621780128794848,4,2995,2.4977151269124764,3.0781105865162175,3,3,117,117,117,100.0,100.0,0.0,False
nuscenes_mini_subset,scene-1094,scene-1094_032,small_yaw,0.25,deg,34784,34784,2995,8.61028058877645,10,2989,6.241805623336021,7.699339975616921,3,3,117,117,117,100.0,100.0,0.0,False
nuscenes_mini_subset,scene-1094,scene-1094_033,yaw,-3.0,deg,34720,34720,3000,8.640552995391705,170,2846,74.3731451409051,89.73057136615125,4,3,96,96,40,100.0,41.666666666666664,58.333333333333336,True
nuscenes_mini_subset,scene-1094,scene-1094_033,yaw,-2.0,deg,34720,34720,3005,8.65495391705069,121,2895,49.72044390253681,60.357556920995584,4,3,96,96,55,100.0,57.291666666666664,42.708333333333336,True
nuscenes_mini_subset,scene-1094,scene-1094_033,yaw,-1.0,deg,34720,34720,3012,8.675115207373272,60,2956,24.943780001435115,30.47344890007593,4,3,96,96,80,100.0,83.33333333333333,16.66666666666667,True
nuscenes_mini_subset,scene-1094,scene-1094_033,yaw,-0.5,deg,34720,34720,3020,8.69815668202765,25,2991,12.493155914741441,15.302420581297323,4,3,96,96,91,100.0,94.79166666666667,5.208333333333329,False
nuscenes_mini_subset,scene-1094,scene-1094_033,yaw,0.0,deg,34720,34720,3016,8.68663594470046,0,3016,0.0,0.0,4,3,96,96,96,100.0,100.0,0.0,False
nuscenes_mini_subset,scene-1094,scene-1094_033,yaw,0.5,deg,34720,34720,3029,8.724078341013826,23,2993,12.50504428250132,15.342667062360958,4,3,96,96,96,100.0,100.0,0.0,False
nuscenes_mini_subset,scene-1094,scene-1094_033,yaw,1.0,deg,34720,34720,3021,8.701036866359447,57,2959,24.959907345924204,30.445805943241353,4,3,96,96,89,100.0,92.70833333333333,7.291666666666671,False
nuscenes_mini_subset,scene-1094,scene-1094_033,yaw,2.0,deg,34720,34720,3025,8.712557603686635,115,2901,49.81488532177549,60.39885988086123,4,3,96,96,66,100.0,68.75,31.25,True
nuscenes_mini_subset,scene-1094,scene-1094_033,yaw,3.0,deg,34720,34720,3025,8.712557603686635,179,2837,74.59563114315603,89.57217063745445,4,3,96,96,47,100.0,48.958333333333336,51.041666666666664,True
nuscenes_mini_subset,scene-1094,scene-1094_033,translation,-10.0,cm,34720,34720,3020,8.69815668202765,17,2999,10.115310425461082,25.01255963482302,4,3,96,96,96,100.0,100.0,0.0,False
nuscenes_mini_subset,scene-1094,scene-1094_033,translation,-5.0,cm,34720,34720,3025,8.712557603686635,6,3010,5.060982408379744,12.507118640636856,4,3,96,96,96,100.0,100.0,0.0,False
nuscenes_mini_subset,scene-1094,scene-1094_033,translation,-2.0,cm,34720,34720,3019,8.695276497695852,3,3013,2.02508651378964,5.003688733671082,4,3,96,96,96,100.0,100.0,0.0,False
nuscenes_mini_subset,scene-1094,scene-1094_033,translation,0.0,cm,34720,34720,3016,8.68663594470046,0,3016,0.0,0.0,4,3,96,96,96,100.0,100.0,0.0,False
nuscenes_mini_subset,scene-1094,scene-1094_033,translation,2.0,cm,34720,34720,3019,8.695276497695852,3,3013,2.024796982313269,5.002768294430016,4,3,96,96,95,100.0,98.95833333333333,1.0416666666666714,False
nuscenes_mini_subset,scene-1094,scene-1094_033,translation,5.0,cm,34720,34720,3019,8.695276497695852,9,3007,5.0602488801217405,12.505769888728777,4,3,96,96,95,100.0,98.95833333333333,1.0416666666666714,False
nuscenes_mini_subset,scene-1094,scene-1094_033,translation,10.0,cm,34720,34720,3020,8.69815668202765,16,3000,10.116559570103119,25.00761773515811,4,3,96,96,93,100.0,96.875,3.125,False
nuscenes_mini_subset,scene-1094,scene-1094_033,small_yaw,-0.25,deg,34720,34720,3019,8.695276497695852,13,3003,6.251935203716869,7.674108492876962,4,3,96,96,93,100.0,96.875,3.125,False
nuscenes_mini_subset,scene-1094,scene-1094_033,small_yaw,-0.1,deg,34720,34720,3021,8.701036866359447,5,3011,2.501804772498803,3.0717223021487854,4,3,96,96,95,100.0,98.95833333333333,1.0416666666666714,False
nuscenes_mini_subset,scene-1094,scene-1094_033,small_yaw,0.1,deg,34720,34720,3024,8.709677419354838,3,3013,2.502139103640384,3.0747081412596446,4,3,96,96,96,100.0,100.0,0.0,False
nuscenes_mini_subset,scene-1094,scene-1094_033,small_yaw,0.25,deg,34720,34720,3023,8.706797235023041,11,3005,6.255119992630807,7.671274467251303,4,3,96,96,96,100.0,100.0,0.0,False
nuscenes_mini_subset,scene-1094,scene-1094_034,yaw,-3.0,deg,34720,34720,2856,8.225806451612904,158,2698,74.98903728341963,89.72462171640474,3,3,23,23,0,100.0,0.0,100.0,True
nuscenes_mini_subset,scene-1094,scene-1094_034,yaw,-2.0,deg,34720,34720,2862,8.243087557603687,105,2751,50.067150793699646,60.41366272065541,3,3,23,23,9,100.0,39.130434782608695,60.869565217391305,True
nuscenes_mini_subset,scene-1094,scene-1094_034,yaw,-1.0,deg,34720,34720,2856,8.225806451612904,54,2802,25.08451866150124,30.51827063506714,3,3,23,23,20,100.0,86.95652173913044,13.043478260869563,True
nuscenes_mini_subset,scene-1094,scene-1094_034,yaw,-0.5,deg,34720,34720,2852,8.214285714285714,32,2824,12.55652845834624,15.320457919070583,3,3,23,23,22,100.0,95.65217391304348,4.347826086956516,False
nuscenes_mini_subset,scene-1094,scene-1094_034,yaw,0.0,deg,34720,34720,2856,8.225806451612904,0,2856,0.0,0.0,3,3,23,23,23,100.0,100.0,0.0,False
nuscenes_mini_subset,scene-1094,scene-1094_034,yaw,0.5,deg,34720,34720,2850,8.20852534562212,31,2825,12.548077459291619,15.331174818744191,3,3,23,23,22,100.0,95.65217391304348,4.347826086956516,False
nuscenes_mini_subset,scene-1094,scene-1094_034,yaw,1.0,deg,34720,34720,2861,8.24020737327189,56,2800,25.05806882708407,30.539114278632685,3,3,23,23,20,100.0,86.95652173913044,13.043478260869563,True
nuscenes_mini_subset,scene-1094,scene-1094_034,yaw,2.0,deg,34720,34720,2862,8.243087557603687,121,2735,49.90875661212127,60.4252495558498,3,3,23,23,10,100.0,43.47826086956522,56.52173913043478,True
nuscenes_mini_subset,scene-1094,scene-1094_034,yaw,3.0,deg,34720,34720,2860,8.237327188940093,177,2679,74.68386158164168,90.00050118771549,3,3,23,23,1,100.0,4.3478260869565215,95.65217391304348,True
nuscenes_mini_subset,scene-1094,scene-1094_034,translation,-10.0,cm,34720,34720,2849,8.205645161290322,23,2833,12.209947649262078,25.32531027285252,3,3,23,23,23,100.0,100.0,0.0,False
nuscenes_mini_subset,scene-1094,scene-1094_034,translation,-5.0,cm,34720,34720,2851,8.211405529953916,13,2843,6.122085524086081,12.669897070445145,3,3,23,23,23,100.0,100.0,0.0,False
nuscenes_mini_subset,scene-1094,scene-1094_034,translation,-2.0,cm,34720,34720,2850,8.20852534562212,8,2848,2.4492957095612358,5.069311856044319,3,3,23,23,23,100.0,100.0,0.0,False
nuscenes_mini_subset,scene-1094,scene-1094_034,translation,0.0,cm,34720,34720,2856,8.225806451612904,0,2856,0.0,0.0,3,3,23,23,23,100.0,100.0,0.0,False
nuscenes_mini_subset,scene-1094,scene-1094_034,translation,2.0,cm,34720,34720,2850,8.20852534562212,9,2847,2.449179915758668,5.068769839268335,3,3,23,23,23,100.0,100.0,0.0,False
nuscenes_mini_subset,scene-1094,scene-1094_034,translation,5.0,cm,34720,34720,2853,8.21716589861751,12,2844,6.123372827221692,12.672425424787525,3,3,23,23,23,100.0,100.0,0.0,False
nuscenes_mini_subset,scene-1094,scene-1094_034,translation,10.0,cm,34720,34720,2856,8.225806451612904,20,2836,12.228866221126584,25.338855918793477,3,3,23,23,23,100.0,100.0,0.0,False
nuscenes_mini_subset,scene-1094,scene-1094_034,small_yaw,-0.25,deg,34720,34720,2851,8.211405529953916,15,2841,6.284458313944208,7.6814182228931855,3,3,23,23,23,100.0,100.0,0.0,False
nuscenes_mini_subset,scene-1094,scene-1094_034,small_yaw,-0.1,deg,34720,34720,2851,8.211405529953916,10,2846,2.5129714844388022,3.075089564346751,3,3,23,23,23,100.0,100.0,0.0,False
nuscenes_mini_subset,scene-1094,scene-1094_034,small_yaw,0.1,deg,34720,34720,2851,8.211405529953916,8,2848,2.5137296853227777,3.076738383561464,3,3,23,23,23,100.0,100.0,0.0,False
nuscenes_mini_subset,scene-1094,scene-1094_034,small_yaw,0.25,deg,34720,34720,2849,8.205645161290322,15,2841,6.284355139008725,7.690130157566621,3,3,23,23,23,100.0,100.0,0.0,False
nuscenes_mini_subset,scene-1094,scene-1094_035,yaw,-3.0,deg,34720,34720,2829,8.148041474654377,163,2657,74.38538307520818,89.84129775954489,3,3,12,12,0,100.0,0.0,100.0,True
nuscenes_mini_subset,scene-1094,scene-1094_035,yaw,-2.0,deg,34720,34720,2818,8.116359447004609,112,2708,49.76273297870539,60.445883845319585,3,3,12,12,3,100.0,25.0,75.0,True
nuscenes_mini_subset,scene-1094,scene-1094_035,yaw,-1.0,deg,34720,34720,2810,8.09331797235023,62,2758,24.96615565867161,30.49762906524607,3,3,12,12,9,100.0,75.0,25.0,True
nuscenes_mini_subset,scene-1094,scene-1094_035,yaw,-0.5,deg,34720,34720,2815,8.107718894009217,31,2789,12.504792961407373,15.316216009900577,3,3,12,12,11,100.0,91.66666666666667,8.333333333333329,False
nuscenes_mini_subset,scene-1094,scene-1094_035,yaw,0.0,deg,34720,34720,2820,8.122119815668203,0,2820,0.0,0.0,3,3,12,12,12,100.0,100.0,0.0,False
nuscenes_mini_subset,scene-1094,scene-1094_035,yaw,0.5,deg,34720,34720,2813,8.101958525345623,31,2789,12.51347902654758,15.29865485866083,3,3,12,12,12,100.0,100.0,0.0,False
nuscenes_mini_subset,scene-1094,scene-1094_035,yaw,1.0,deg,34720,34720,2818,8.116359447004609,52,2768,25.015524347832024,30.48844156631376,3,3,12,12,8,100.0,66.66666666666667,33.33333333333333,True
nuscenes_mini_subset,scene-1094,scene-1094_035,yaw,2.0,deg,34720,34720,2808,8.087557603686635,108,2712,49.89856300207026,60.38188494305583,3,3,12,12,4,100.0,33.333333333333336,66.66666666666666,True
nuscenes_mini_subset,scene-1094,scene-1094_035,yaw,3.0,deg,34720,34720,2806,8.081797235023041,161,2659,74.7112240018456,89.73476761750608,3,3,12,12,1,100.0,8.333333333333334,91.66666666666667,True
nuscenes_mini_subset,scene-1094,scene-1094_035,translation,-10.0,cm,34720,34720,2813,8.101958525345623,23,2797,10.414772250163658,26.048799056715854,3,3,12,12,12,100.0,100.0,0.0,False
nuscenes_mini_subset,scene-1094,scene-1094_035,translation,-5.0,cm,34720,34720,2818,8.116359447004609,11,2809,5.209827110633948,13.093514367988723,3,3,12,12,12,100.0,100.0,0.0,False
nuscenes_mini_subset,scene-1094,scene-1094_035,translation,-2.0,cm,34720,34720,2819,8.119239631336406,5,2815,2.0849144603156873,5.256754672185182,3,3,12,12,12,100.0,100.0,0.0,False
nuscenes_mini_subset,scene-1094,scene-1094_035,translation,0.0,cm,34720,34720,2820,8.122119815668203,0,2820,0.0,0.0,3,3,12,12,12,100.0,100.0,0.0,False
nuscenes_mini_subset,scene-1094,scene-1094_035,translation,2.0,cm,34720,34720,2819,8.119239631336406,6,2814,2.083513758099358,5.249388789600928,3,3,12,12,12,100.0,100.0,0.0,False
nuscenes_mini_subset,scene-1094,scene-1094_035,translation,5.0,cm,34720,34720,2823,8.130760368663594,8,2812,5.2088405614228765,13.126301425710178,3,3,12,12,12,100.0,100.0,0.0,False
nuscenes_mini_subset,scene-1094,scene-1094_035,translation,10.0,cm,34720,34720,2819,8.119239631336406,18,2802,10.397711309553948,26.278527045641596,3,3,12,12,12,100.0,100.0,0.0,False
nuscenes_mini_subset,scene-1094,scene-1094_035,small_yaw,-0.25,deg,34720,34720,2818,8.116359447004609,14,2806,6.260650335937196,7.683426012174279,3,3,12,12,11,100.0,91.66666666666667,8.333333333333329,False
nuscenes_mini_subset,scene-1094,scene-1094_035,small_yaw,-0.1,deg,34720,34720,2816,8.110599078341014,7,2813,2.504902279832634,3.0762019545744437,3,3,12,12,12,100.0,100.0,0.0,False
nuscenes_mini_subset,scene-1094,scene-1094_035,small_yaw,0.1,deg,34720,34720,2817,8.113479262672811,8,2812,2.5056050684769335,3.0726493017753036,3,3,12,12,12,100.0,100.0,0.0,False
nuscenes_mini_subset,scene-1094,scene-1094_035,small_yaw,0.25,deg,34720,34720,2816,8.110599078341014,16,2804,6.26038093546009,7.670393080083543,3,3,12,12,12,100.0,100.0,0.0,False
nuscenes_mini_subset,scene-1094,scene-1094_036,yaw,-3.0,deg,34720,34720,2764,7.960829493087558,171,2589,74.30272358237045,89.6151175069304,3,2,21,21,1,100.0,4.761904761904762,95.23809523809524,True
nuscenes_mini_subset,scene-1094,scene-1094_036,yaw,-2.0,deg,34720,34720,2764,7.960829493087558,118,2642,49.683669463430114,60.311528719716605,3,2,21,21,8,100.0,38.095238095238095,61.904761904761905,True
nuscenes_mini_subset,scene-1094,scene-1094_036,yaw,-1.0,deg,34720,34720,2763,7.957949308755761,58,2702,24.94867651477775,30.457812031316543,3,2,21,21,17,100.0,80.95238095238095,19.04761904761905,True
nuscenes_mini_subset,scene-1094,scene-1094_036,yaw,-0.5,deg,34720,34720,2760,7.949308755760368,33,2727,12.48985732687696,15.291820842384018,3,2,21,21,21,100.0,100.0,0.0,False
nuscenes_mini_subset,scene-1094,scene-1094_036,yaw,0.0,deg,34720,34720,2760,7.949308755760368,0,2760,0.0,0.0,3,2,21,21,21,100.0,100.0,0.0,False
nuscenes_mini_subset,scene-1094,scene-1094_036,yaw,0.5,deg,34720,34720,2758,7.943548387096774,22,2738,12.493016473447877,15.322825986287857,3,2,21,21,21,100.0,100.0,0.0,False
nuscenes_mini_subset,scene-1094,scene-1094_036,yaw,1.0,deg,34720,34720,2759,7.946428571428571,48,2712,24.945033020324527,30.53193633138891,3,2,21,21,18,100.0,85.71428571428571,14.285714285714292,True
nuscenes_mini_subset,scene-1094,scene-1094_036,yaw,2.0,deg,34720,34720,2747,7.9118663594470044,108,2652,49.70078100704603,60.4618340365508,3,2,21,21,9,100.0,42.857142857142854,57.142857142857146,True
nuscenes_mini_subset,scene-1094,scene-1094_036,yaw,3.0,deg,34720,34720,2743,7.900345622119816,169,2591,74.34623235322806,89.5919272308065,3,2,21,21,2,100.0,9.523809523809524,90.47619047619048,True
nuscenes_mini_subset,scene-1094,scene-1094_036,translation,-10.0,cm,34720,34720,2755,7.934907834101383,20,2740,11.547430906808405,26.86005589053668,3,2,21,21,21,100.0,100.0,0.0,False
nuscenes_mini_subset,scene-1094,scene-1094_036,translation,-5.0,cm,34720,34720,2756,7.93778801843318,9,2751,5.781992224104837,13.498171814678255,3,2,21,21,21,100.0,100.0,0.0,False
nuscenes_mini_subset,scene-1094,scene-1094_036,translation,-2.0,cm,34720,34720,2757,7.940668202764977,4,2756,2.314425581966057,5.404862087357854,3,2,21,21,21,100.0,100.0,0.0,False
nuscenes_mini_subset,scene-1094,scene-1094_036,translation,0.0,cm,34720,34720,2760,7.949308755760368,0,2760,0.0,0.0,3,2,21,21,21,100.0,100.0,0.0,False
nuscenes_mini_subset,scene-1094,scene-1094_036,translation,2.0,cm,34720,34720,2762,7.9550691244239635,6,2754,2.312724166751444,5.405722470756836,3,2,21,21,21,100.0,100.0,0.0,False
nuscenes_mini_subset,scene-1094,scene-1094_036,translation,5.0,cm,34720,34720,2765,7.963709677419355,10,2750,5.778088766979861,13.514211366722066,3,2,21,21,21,100.0,100.0,0.0,False
nuscenes_mini_subset,scene-1094,scene-1094_036,translation,10.0,cm,34720,34720,2768,7.972350230414746,17,2743,11.547012363057458,27.030158586861397,3,2,21,21,21,100.0,100.0,0.0,False
nuscenes_mini_subset,scene-1094,scene-1094_036,small_yaw,-0.25,deg,34720,34720,2760,7.949308755760368,17,2743,6.250277832106015,7.667614563279199,3,2,21,21,21,100.0,100.0,0.0,False
nuscenes_mini_subset,scene-1094,scene-1094_036,small_yaw,-0.1,deg,34720,34720,2759,7.946428571428571,10,2750,2.501283318465045,3.069121166969667,3,2,21,21,21,100.0,100.0,0.0,False
nuscenes_mini_subset,scene-1094,scene-1094_036,small_yaw,0.1,deg,34720,34720,2758,7.943548387096774,4,2756,2.5028143847236466,3.072524369046552,3,2,21,21,21,100.0,100.0,0.0,False
nuscenes_mini_subset,scene-1094,scene-1094_036,small_yaw,0.25,deg,34720,34720,2758,7.943548387096774,11,2749,6.252655287506037,7.674530792071522,3,2,21,21,21,100.0,100.0,0.0,False
nuscenes_mini_subset,scene-1094,scene-1094_037,yaw,-3.0,deg,34752,34752,2742,7.890193370165746,143,2572,73.7562820277308,89.6432395471277,6,5,17,17,2,100.0,11.764705882352942,88.23529411764706,True
nuscenes_mini_subset,scene-1094,scene-1094_037,yaw,-2.0,deg,34752,34752,2733,7.864295580110498,92,2623,49.34601299033692,60.26787056362774,6,5,17,17,4,100.0,23.529411764705884,76.47058823529412,True
nuscenes_mini_subset,scene-1094,scene-1094_037,yaw,-1.0,deg,34752,34752,2723,7.835520257826888,43,2672,24.734009970857144,30.44486874636187,6,5,17,17,8,100.0,47.05882352941177,52.94117647058823,True
nuscenes_mini_subset,scene-1094,scene-1094_037,yaw,-0.5,deg,34752,34752,2720,7.826887661141805,22,2693,12.37401464913193,15.274533592698278,6,5,17,17,15,100.0,88.23529411764706,11.764705882352942,True
nuscenes_mini_subset,scene-1094,scene-1094_037,yaw,0.0,deg,34752,34752,2715,7.8125,0,2715,0.0,0.0,6,5,17,17,17,100.0,100.0,0.0,False
nuscenes_mini_subset,scene-1094,scene-1094_037,yaw,0.5,deg,34752,34752,2713,7.806744935543278,26,2689,12.371312844895836,15.306182364873004,6,5,17,17,16,100.0,94.11764705882354,5.882352941176464,False
nuscenes_mini_subset,scene-1094,scene-1094_037,yaw,1.0,deg,34752,34752,2709,7.795234806629834,54,2661,24.72043210299785,30.499822734597483,6,5,17,17,12,100.0,70.58823529411765,29.411764705882348,True
nuscenes_mini_subset,scene-1094,scene-1094_037,yaw,2.0,deg,34752,34752,2704,7.780847145488029,111,2604,49.340690833908184,60.40001530664741,6,5,17,17,8,100.0,47.05882352941177,52.94117647058823,True
nuscenes_mini_subset,scene-1094,scene-1094_037,yaw,3.0,deg,34752,34752,2700,7.769337016574585,174,2541,73.82419672993014,89.50604684216235,6,5,17,17,4,100.0,23.529411764705884,76.47058823529412,True
nuscenes_mini_subset,scene-1094,scene-1094_037,translation,-10.0,cm,34752,34752,2712,7.803867403314917,20,2695,10.354539229733854,25.893294489555153,6,5,17,17,17,100.0,100.0,0.0,False
nuscenes_mini_subset,scene-1094,scene-1094_037,translation,-5.0,cm,34752,34752,2716,7.815377532228361,8,2707,5.203266363463822,12.980678492068746,6,5,17,17,17,100.0,100.0,0.0,False
nuscenes_mini_subset,scene-1094,scene-1094_037,translation,-2.0,cm,34752,34752,2716,7.815377532228361,4,2711,2.08468352945114,5.191084123018424,6,5,17,17,17,100.0,100.0,0.0,False
nuscenes_mini_subset,scene-1094,scene-1094_037,translation,0.0,cm,34752,34752,2715,7.8125,0,2715,0.0,0.0,6,5,17,17,17,100.0,100.0,0.0,False
nuscenes_mini_subset,scene-1094,scene-1094_037,translation,2.0,cm,34752,34752,2710,7.798112338858195,7,2708,2.0788988207527597,5.186452209440989,6,5,17,17,17,100.0,100.0,0.0,False
nuscenes_mini_subset,scene-1094,scene-1094_037,translation,5.0,cm,34752,34752,2715,7.8125,10,2705,5.1775088835158485,12.95160463554463,6,5,17,17,17,100.0,100.0,0.0,False
nuscenes_mini_subset,scene-1094,scene-1094_037,translation,10.0,cm,34752,34752,2716,7.815377532228361,19,2696,10.343728817618615,25.889749547901747,6,5,17,17,17,100.0,100.0,0.0,False
nuscenes_mini_subset,scene-1094,scene-1094_037,small_yaw,-0.25,deg,34752,34752,2720,7.826887661141805,10,2705,6.192673013346896,7.662776801941559,6,5,17,17,17,100.0,100.0,0.0,False
nuscenes_mini_subset,scene-1094,scene-1094_037,small_yaw,-0.1,deg,34752,34752,2713,7.806744935543278,6,2709,2.4775459010271748,3.0681167574618944,6,5,17,17,17,100.0,100.0,0.0,False
nuscenes_mini_subset,scene-1094,scene-1094_037,small_yaw,0.1,deg,34752,34752,2714,7.809622467771639,7,2708,2.477292734893828,3.0708035684657236,6,5,17,17,17,100.0,100.0,0.0,False
nuscenes_mini_subset,scene-1094,scene-1094_037,small_yaw,0.25,deg,34752,34752,2710,7.798112338858195,14,2701,6.1908794583272595,7.673837925868209,6,5,17,17,17,100.0,100.0,0.0,False
nuscenes_mini_subset,scene-1094,scene-1094_038,yaw,-3.0,deg,34688,34688,2647,7.630880996309963,151,2473,73.52649451860331,89.78260629519669,5,5,72,72,32,100.0,44.44444444444444,55.55555555555556,True
nuscenes_mini_subset,scene-1094,scene-1094_038,yaw,-2.0,deg,34688,34688,2635,7.5962869003690034,104,2520,49.19348453529408,60.433351177830964,5,5,72,72,42,100.0,58.333333333333336,41.666666666666664,True
nuscenes_mini_subset,scene-1094,scene-1094_038,yaw,-1.0,deg,34688,34688,2626,7.570341328413284,55,2569,24.675618143329025,30.52385657091715,5,5,72,72,56,100.0,77.77777777777777,22.22222222222223,True
nuscenes_mini_subset,scene-1094,scene-1094_038,yaw,-0.5,deg,34688,34688,2617,7.544395756457565,34,2590,12.358081030650576,15.32678236111107,5,5,72,72,69,100.0,95.83333333333333,4.166666666666671,False
nuscenes_mini_subset,scene-1094,scene-1094_038,yaw,0.0,deg,34688,34688,2624,7.564575645756458,0,2624,0.0,0.0,5,5,72,72,72,100.0,100.0,0.0,False
nuscenes_mini_subset,scene-1094,scene-1094_038,yaw,0.5,deg,34688,34688,2620,7.553044280442805,30,2594,12.383094792511422,15.339972327006707,5,5,72,72,67,100.0,93.05555555555556,6.944444444444443,False
nuscenes_mini_subset,scene-1094,scene-1094_038,yaw,1.0,deg,34688,34688,2625,7.5674584870848705,58,2566,24.746494377626014,30.474735749074966,5,5,72,72,61,100.0,84.72222222222223,15.277777777777771,True
nuscenes_mini_subset,scene-1094,scene-1094_038,yaw,2.0,deg,34688,34688,2621,7.555927121771218,110,2514,49.43251106631547,60.25611322255468,5,5,72,72,46,100.0,63.888888888888886,36.111111111111114,True
nuscenes_mini_subset,scene-1094,scene-1094_038,yaw,3.0,deg,34688,34688,2620,7.553044280442805,155,2469,73.90920421400493,89.62972363139137,5,5,72,72,32,100.0,44.44444444444444,55.55555555555556,True
nuscenes_mini_subset,scene-1094,scene-1094_038,translation,-10.0,cm,34688,34688,2616,7.541512915129151,23,2601,11.53191359992879,26.29162404428283,5,5,72,72,71,100.0,98.61111111111111,1.3888888888888857,False
nuscenes_mini_subset,scene-1094,scene-1094_038,translation,-5.0,cm,34688,34688,2617,7.544395756457565,14,2610,5.7923790592233235,13.158472346687724,5,5,72,72,72,100.0,100.0,0.0,False
nuscenes_mini_subset,scene-1094,scene-1094_038,translation,-2.0,cm,34688,34688,2621,7.555927121771218,6,2618,2.32385957549085,5.266495683628047,5,5,72,72,72,100.0,100.0,0.0,False
nuscenes_mini_subset,scene-1094,scene-1094_038,translation,0.0,cm,34688,34688,2624,7.564575645756458,0,2624,0.0,0.0,5,5,72,72,72,100.0,100.0,0.0,False
nuscenes_mini_subset,scene-1094,scene-1094_038,translation,2.0,cm,34688,34688,2619,7.550161439114391,7,2617,2.317861911100758,5.2672697779573685,5,5,72,72,72,100.0,100.0,0.0,False
nuscenes_mini_subset,scene-1094,scene-1094_038,translation,5.0,cm,34688,34688,2619,7.550161439114391,12,2612,5.802903241975448,13.175986606768587,5,5,72,72,72,100.0,100.0,0.0,False
nuscenes_mini_subset,scene-1094,scene-1094_038,translation,10.0,cm,34688,34688,2615,7.538630073800738,26,2598,11.635457546590326,26.38725078950685,5,5,72,72,72,100.0,100.0,0.0,False
nuscenes_mini_subset,scene-1094,scene-1094_038,small_yaw,-0.25,deg,34688,34688,2614,7.535747232472325,21,2603,6.1854260047720855,7.684714120614359,5,5,72,72,72,100.0,100.0,0.0,False
nuscenes_mini_subset,scene-1094,scene-1094_038,small_yaw,-0.1,deg,34688,34688,2617,7.544395756457565,11,2613,2.4766690710310724,3.0800458085790487,5,5,72,72,72,100.0,100.0,0.0,False
nuscenes_mini_subset,scene-1094,scene-1094_038,small_yaw,0.1,deg,34688,34688,2617,7.544395756457565,9,2615,2.4777751062836906,3.0802065130874214,5,5,72,72,72,100.0,100.0,0.0,False
nuscenes_mini_subset,scene-1094,scene-1094_038,small_yaw,0.25,deg,34688,34688,2621,7.555927121771218,15,2609,6.195199647123182,7.69385241345473,5,5,72,72,71,100.0,98.61111111111111,1.3888888888888857,False
nuscenes_mini_subset,scene-1094,scene-1094_039,yaw,-3.0,deg,34720,34720,2629,7.572004608294931,136,2506,73.62076461494682,89.62016915991349,4,4,32,32,1,100.0,3.125,96.875,True
nuscenes_mini_subset,scene-1094,scene-1094_039,yaw,-2.0,deg,34720,34720,2633,7.58352534562212,95,2547,49.162018522482356,60.300796821023674,4,4,32,32,4,100.0,12.5,87.5,True
nuscenes_mini_subset,scene-1094,scene-1094_039,yaw,-1.0,deg,34720,34720,2636,7.592165898617512,49,2593,24.634234655885468,30.41927438615323,4,4,32,32,22,100.0,68.75,31.25,True
nuscenes_mini_subset,scene-1094,scene-1094_039,yaw,-0.5,deg,34720,34720,2639,7.600806451612903,26,2616,12.336406739385087,15.294445572433617,4,4,32,32,30,100.0,93.75,6.25,False
nuscenes_mini_subset,scene-1094,scene-1094_039,yaw,0.0,deg,34720,34720,2642,7.609447004608295,0,2642,0.0,0.0,4,4,32,32,32,100.0,100.0,0.0,False
nuscenes_mini_subset,scene-1094,scene-1094_039,yaw,0.5,deg,34720,34720,2641,7.606566820276497,22,2620,12.34231714710132,15.312364054181868,4,4,32,32,31,100.0,96.875,3.125,False
nuscenes_mini_subset,scene-1094,scene-1094_039,yaw,1.0,deg,34720,34720,2645,7.618087557603687,42,2600,24.652373381677727,30.49603167841714,4,4,32,32,23,100.0,71.875,28.125,True
nuscenes_mini_subset,scene-1094,scene-1094_039,yaw,2.0,deg,34720,34720,2645,7.618087557603687,90,2552,49.2091731487336,60.718268449302386,4,4,32,32,5,100.0,15.625,84.375,True
nuscenes_mini_subset,scene-1094,scene-1094_039,yaw,3.0,deg,34720,34720,2645,7.618087557603687,141,2501,73.5567795961194,90.63256869280602,4,4,32,32,2,100.0,6.25,93.75,True
nuscenes_mini_subset,scene-1094,scene-1094_039,translation,-10.0,cm,34720,34720,2642,7.609447004608295,17,2625,12.27991647051162,26.158891843618665,4,4,32,32,32,100.0,100.0,0.0,False
nuscenes_mini_subset,scene-1094,scene-1094_039,translation,-5.0,cm,34720,34720,2641,7.606566820276497,9,2633,6.156897044588621,13.123225338431114,4,4,32,32,32,100.0,100.0,0.0,False
nuscenes_mini_subset,scene-1094,scene-1094_039,translation,-2.0,cm,34720,34720,2638,7.597926267281106,6,2636,2.4669101237598614,5.248742406484972,4,4,32,32,32,100.0,100.0,0.0,False
nuscenes_mini_subset,scene-1094,scene-1094_039,translation,0.0,cm,34720,34720,2642,7.609447004608295,0,2642,0.0,0.0,4,4,32,32,32,100.0,100.0,0.0,False
nuscenes_mini_subset,scene-1094,scene-1094_039,translation,2.0,cm,34720,34720,2638,7.597926267281106,5,2637,2.468931784588244,5.268011002770533,4,4,32,32,32,100.0,100.0,0.0,False
nuscenes_mini_subset,scene-1094,scene-1094_039,translation,5.0,cm,34720,34720,2648,7.626728110599078,7,2635,6.172392556306706,13.170639983225376,4,4,32,32,32,100.0,100.0,0.0,False
nuscenes_mini_subset,scene-1094,scene-1094_039,translation,10.0,cm,34720,34720,2653,7.641129032258065,16,2626,12.32403510560776,26.34516948801683,4,4,32,32,32,100.0,100.0,0.0,False
nuscenes_mini_subset,scene-1094,scene-1094_039,small_yaw,-0.25,deg,34720,34720,2637,7.595046082949309,15,2627,6.172685306054056,7.663174974241899,4,4,32,32,31,100.0,96.875,3.125,False
nuscenes_mini_subset,scene-1094,scene-1094_039,small_yaw,-0.1,deg,34720,34720,2642,7.609447004608295,5,2637,2.4699132232162917,3.0690805088564366,4,4,32,32,32,100.0,100.0,0.0,False
nuscenes_mini_subset,scene-1094,scene-1094_039,small_yaw,0.1,deg,34720,34720,2642,7.609447004608295,4,2638,2.4705618395693647,3.0692213236800234,4,4,32,32,32,100.0,100.0,0.0,False
nuscenes_mini_subset,scene-1094,scene-1094_039,small_yaw,0.25,deg,34720,34720,2639,7.600806451612903,13,2629,6.171163299513262,7.648954512932749,4,4,32,32,32,100.0,100.0,0.0,False
